segment,banner_code,merchant_id,sku,product_name,description,brand,private_label,size,merchant_department,merchant_category,merchant_subcategory,functional_department,functional_category,functional_subcategory,shelf_price
grocery,ACM,ACM,1000291-23,"Signature SELECT Vanilla Wafers Cookies, 18 oz","Signature SELECT Vanilla Wafers Cookies, 18 oz — Cookies",Signature SELECT,True,18 oz,Snacks & Candy,Sweets,Cookies,Snacks & Candy,Cookies & Candy,Cookies,4.16
grocery,ACM,ACM,1017847-46,"Driscoll's Spring Mix Salad, 12 oz","Driscoll's Spring Mix Salad, 12 oz — Salad & Greens",Driscoll's,False,12 oz,Fresh Produce,Fresh Vegetables,Salad & Greens,Produce,Fresh Vegetables,Salad & Greens,3.31
grocery,ACM,ACM,1025854-27,"Lay's Kettle Chips Chips, 13 oz","Lay's Kettle Chips Chips, 13 oz — Potato & Tortilla Chips",Lay's,False,13 oz,Snacks & Candy,Salty Snacks,Potato & Tortilla Chips,Snacks & Candy,Salty Snacks,Potato & Tortilla Chips,4.01
grocery,ACM,ACM,1026358-53,"Thomas' Hamburger Buns Rolls, 8 ct","Thomas' Hamburger Buns Rolls, 8 ct — Buns & Rolls",Thomas',False,8 ct,In-Store Bakery,Sliced Bread,Buns & Rolls,Bakery,Bread,Buns & Rolls,3.4
grocery,ACM,ACM,1027353-92,"Signature SELECT Chicken Noodle Soup, 10.5 oz","Signature SELECT Chicken Noodle Soup, 10.5 oz — Canned Soup",Signature SELECT,True,10.5 oz,Center Store,Canned & Jarred,Canned Soup,Dry Grocery,Canned & Packaged,Canned Soup,2.44
grocery,ACM,ACM,1030336-06,"Signature SELECT Energy Drink Sports Drink, 12-pack","Signature SELECT Energy Drink Sports Drink, 12-pack — Sports & Energy Drinks",Signature SELECT,True,12-pack,Beverages,Water & Sports Drinks,Sports & Energy Drinks,Beverages,Water & Sports,Sports & Energy Drinks,6.37
grocery,ACM,ACM,1030643-42,"Signature SELECT Lemonade Tea, gallon","Signature SELECT Lemonade Tea, gallon — Tea & Mixers",Signature SELECT,True,gallon,Beverages,Juice & Tea,Tea & Mixers,Beverages,Juice & Tea,Tea & Mixers,4.0
grocery,ACM,ACM,1041084-43,"Hillshire Farm Ribs Pork, per lb","Hillshire Farm Ribs Pork, per lb — Pork Cuts",Hillshire Farm,False,per lb,Meat & Seafood,Pork,Pork Cuts,Meat & Seafood,Pork,Pork Cuts,6.49
grocery,ACM,ACM,1053522-27,"Signature SELECT Salted Butter, 16 oz","Signature SELECT Salted Butter, 16 oz — Butter",Signature SELECT,True,16 oz,Dairy & Eggs,Butter & Spreads,Butter,Dairy & Eggs,Butter & Margarine,Butter,4.02
grocery,ACM,ACM,1068490-89,"Signature SELECT Guacamole Salsa, 16 oz","Signature SELECT Guacamole Salsa, 16 oz — Salsa & Dips",Signature SELECT,True,16 oz,Snacks & Candy,Salty Snacks,Salsa & Dips,Snacks & Candy,Salty Snacks,Salsa & Dips,4.38
grocery,ACM,ACM,1071221-37,"Progresso Marinara Sauce, 24 oz","Progresso Marinara Sauce, 24 oz — Pasta Sauce",Progresso,False,24 oz,Center Store,Pasta & Italian,Pasta Sauce,Dry Grocery,Pasta & Sauce,Pasta Sauce,3.51
grocery,ACM,ACM,1072526-17,"Signature SELECT Ranch Dressing Condiment, 16 oz","Signature SELECT Ranch Dressing Condiment, 16 oz — Condiments & Dressings",Signature SELECT,True,16 oz,Center Store,Condiments & Dressings,Condiments & Dressings,Dry Grocery,Condiments,Condiments & Dressings,3.52
grocery,ACM,ACM,1072734-67,"Nature's Own Donuts Bakery, 4 ct","Nature's Own Donuts Bakery, 4 ct — Pastries & Bagels",Nature's Own,False,4 ct,In-Store Bakery,Pastries,Pastries & Bagels,Bakery,Bakery Sweets,Pastries & Bagels,4.56
grocery,ACM,ACM,1073412-49,"Signature SELECT Marinara Sauce, 24 oz","Signature SELECT Marinara Sauce, 24 oz — Pasta Sauce",Signature SELECT,True,24 oz,Center Store,Pasta & Italian,Pasta Sauce,Dry Grocery,Pasta & Sauce,Pasta Sauce,3.5
grocery,ACM,ACM,1077707-31,"Progresso Toasted Oats Cereal, 12 oz","Progresso Toasted Oats Cereal, 12 oz — Cereal",Progresso,False,12 oz,Center Store,Breakfast,Cereal,Dry Grocery,Breakfast & Cereal,Cereal,4.73
grocery,ACM,ACM,1080527-72,"Signature SELECT Organic Kale Vegetables, per lb","Signature SELECT Organic Kale Vegetables, per lb — Organic Vegetables",Signature SELECT,True,per lb,Fresh Produce,Fresh Vegetables,Organic Vegetables,Produce,Fresh Vegetables,Organic Vegetables,3.52
grocery,ACM,ACM,1090780-63,"Pepsi Cola Soda, 12-pack cans","Pepsi Cola Soda, 12-pack cans — Soda",Pepsi,False,12-pack cans,Beverages,Soft Drinks,Soda,Beverages,Soft Drinks,Soda,5.54
grocery,ACM,ACM,1101003-70,"Horizon Mozzarella Shredded Cheese, 16 oz","Horizon Mozzarella Shredded Cheese, 16 oz — Shredded Cheese",Horizon,False,16 oz,Dairy & Eggs,Cheese & Deli,Shredded Cheese,Dairy & Eggs,Cheese,Shredded Cheese,4.05
grocery,ACM,ACM,1104729-44,"Horizon Lactose-Free Milk, Half Gallon","Horizon Lactose-Free Milk, Half Gallon — Plant-Based Milk",Horizon,False,Half Gallon,Dairy & Eggs,White Milk,Plant-Based Milk,Dairy & Eggs,Milk,Plant-Based Milk,4.54
grocery,ACM,ACM,1109584-13,"Horizon Brie Cheese, 6 oz","Horizon Brie Cheese, 6 oz — Specialty Cheese",Horizon,False,6 oz,Dairy & Eggs,Cheese & Deli,Specialty Cheese,Dairy & Eggs,Cheese,Specialty Cheese,6.16
grocery,ACM,ACM,1115542-17,"Signature SELECT Cookies & Cream Ice Cream, 48 oz","Signature SELECT Cookies & Cream Ice Cream, 48 oz — Ice Cream",Signature SELECT,True,48 oz,Frozen Foods,Frozen Desserts,Ice Cream,Frozen,Ice Cream & Novelties,Ice Cream,5.5
grocery,ACM,ACM,1133996-13,"Huggies Diapers Size 3 Baby, jumbo pack","Huggies Diapers Size 3 Baby, jumbo pack — Diapers & Wipes",Huggies,False,jumbo pack,Baby & Pet,Baby Care,Diapers & Wipes,Baby & Pet,Baby,Diapers & Wipes,24.71
grocery,ACM,ACM,1135586-73,"Signature SELECT Organic Broccoli Vegetables, per lb","Signature SELECT Organic Broccoli Vegetables, per lb — Organic Vegetables",Signature SELECT,True,per lb,Fresh Produce,Fresh Vegetables,Organic Vegetables,Produce,Fresh Vegetables,Organic Vegetables,3.77
grocery,ACM,ACM,1142910-04,"Signature SELECT Cashews Nuts, 16 oz","Signature SELECT Cashews Nuts, 16 oz — Nuts & Trail Mix",Signature SELECT,True,16 oz,Snacks & Candy,Salty Snacks,Nuts & Trail Mix,Snacks & Candy,Salty Snacks,Nuts & Trail Mix,7.37
grocery,ACM,ACM,1147167-99,"DiGiorno Vanilla Ice Cream, 48 oz","DiGiorno Vanilla Ice Cream, 48 oz — Ice Cream",DiGiorno,False,48 oz,Frozen Foods,Frozen Desserts,Ice Cream,Frozen,Ice Cream & Novelties,Ice Cream,5.47
grocery,ACM,ACM,1178207-64,"Driscoll's Organic Broccoli Vegetables, bunch","Driscoll's Organic Broccoli Vegetables, bunch — Organic Vegetables",Driscoll's,False,bunch,Fresh Produce,Fresh Vegetables,Organic Vegetables,Produce,Fresh Vegetables,Organic Vegetables,3.68
grocery,ACM,ACM,1180776-01,"Fairlife Provolone Sliced Cheese, 12 oz","Fairlife Provolone Sliced Cheese, 12 oz — Sliced Cheese",Fairlife,False,12 oz,Dairy & Eggs,Cheese & Deli,Sliced Cheese,Dairy & Eggs,Cheese,Sliced Cheese,4.2
grocery,ACM,ACM,1181969-75,"Gatorade Lemon-Lime Soda, 12-pack cans","Gatorade Lemon-Lime Soda, 12-pack cans — Soda",Gatorade,False,12-pack cans,Beverages,Soft Drinks,Soda,Beverages,Soft Drinks,Soda,6.53
grocery,ACM,ACM,1187800-61,"Signature SELECT Toothpaste Personal Care, 2-pack","Signature SELECT Toothpaste Personal Care, 2-pack — Oral & Body Care",Signature SELECT,True,2-pack,Home & Health,Personal Care,Oral & Body Care,Health & Household,Personal Care,Oral & Body Care,4.37
grocery,ACM,ACM,1192231-27,"Signature SELECT Apple Juice Juice, 64 oz","Signature SELECT Apple Juice Juice, 64 oz — Juice",Signature SELECT,True,64 oz,Beverages,Juice & Tea,Juice,Beverages,Juice & Tea,Juice,4.7
grocery,ACM,ACM,1198772-43,"Campbell's Alfredo Sauce, 24 oz","Campbell's Alfredo Sauce, 24 oz — Pasta Sauce",Campbell's,False,24 oz,Center Store,Pasta & Italian,Pasta Sauce,Dry Grocery,Pasta & Sauce,Pasta Sauce,3.59
grocery,ACM,ACM,1202563-90,"Tyson NY Strip Steak, per lb","Tyson NY Strip Steak, per lb — Beef Steaks",Tyson,False,per lb,Meat & Seafood,Beef,Beef Steaks,Meat & Seafood,Beef,Beef Steaks,14.85
grocery,ACM,ACM,1217542-62,"Driscoll's Organic Peppers Vegetables, per lb","Driscoll's Organic Peppers Vegetables, per lb — Organic Vegetables",Driscoll's,False,per lb,Fresh Produce,Fresh Vegetables,Organic Vegetables,Produce,Fresh Vegetables,Organic Vegetables,3.58
grocery,ACM,ACM,1218699-09,"Signature SELECT Ribeye Steak, per lb","Signature SELECT Ribeye Steak, per lb — Beef Steaks",Signature SELECT,True,per lb,Meat & Seafood,Beef,Beef Steaks,Meat & Seafood,Beef,Beef Steaks,15.64
grocery,ACM,ACM,1222494-37,"Tostitos Potato Chips Chips, 8 oz","Tostitos Potato Chips Chips, 8 oz — Potato & Tortilla Chips",Tostitos,False,8 oz,Snacks & Candy,Salty Snacks,Potato & Tortilla Chips,Snacks & Candy,Salty Snacks,Potato & Tortilla Chips,4.75
grocery,ACM,ACM,1231482-42,"Dole Caesar Kit Salad, 12 oz","Dole Caesar Kit Salad, 12 oz — Salad & Greens",Dole,False,12 oz,Fresh Produce,Fresh Vegetables,Salad & Greens,Produce,Fresh Vegetables,Salad & Greens,3.23
grocery,ACM,ACM,1234314-32,"Signature SELECT Thighs Chicken, family pack","Signature SELECT Thighs Chicken, family pack — Chicken",Signature SELECT,True,family pack,Meat & Seafood,Poultry,Chicken,Meat & Seafood,Poultry,Chicken,5.46
grocery,ACM,ACM,1238561-39,"Signature SELECT Plastic Wrap Storage, gallon","Signature SELECT Plastic Wrap Storage, gallon — Food Storage",Signature SELECT,True,gallon,Home & Health,Household Cleaning,Food Storage,Health & Household,Cleaning & Paper,Food Storage,5.91
grocery,ACM,ACM,1239658-01,"Barilla Jasmine Rice Rice, 5 lb","Barilla Jasmine Rice Rice, 5 lb — Rice & Grains",Barilla,False,5 lb,Center Store,Rice & Grains,Rice & Grains,Dry Grocery,Rice & Grains,Rice & Grains,3.55
grocery,ACM,ACM,1245697-48,"Barilla Instant Oatmeal Oatmeal, 42 oz","Barilla Instant Oatmeal Oatmeal, 42 oz — Oatmeal & Hot Cereal",Barilla,False,42 oz,Center Store,Breakfast,Oatmeal & Hot Cereal,Dry Grocery,Breakfast & Cereal,Oatmeal & Hot Cereal,4.62
grocery,ACM,ACM,1255800-15,"Signature SELECT 2% Reduced Fat Milk, Half Gallon","Signature SELECT 2% Reduced Fat Milk, Half Gallon — 2% Reduced-Fat Milk",Signature SELECT,True,Half Gallon,Dairy & Eggs,White Milk,2% Reduced-Fat Milk,Dairy & Eggs,Milk,2% Reduced-Fat Milk,3.77
grocery,ACM,ACM,1256351-07,"Applegate Sirloin Steak, per lb","Applegate Sirloin Steak, per lb — Beef Steaks",Applegate,False,per lb,Meat & Seafood,Beef,Beef Steaks,Meat & Seafood,Beef,Beef Steaks,19.25
grocery,ACM,ACM,1258030-71,"Barilla Tomato Soup, 10.5 oz","Barilla Tomato Soup, 10.5 oz — Canned Soup",Barilla,False,10.5 oz,Center Store,Canned & Jarred,Canned Soup,Dry Grocery,Canned & Packaged,Canned Soup,2.05
grocery,ACM,ACM,1273861-97,"Signature SELECT Extra Large Grade A Eggs, 18 ct","Signature SELECT Extra Large Grade A Eggs, 18 ct — Grade A Eggs",Signature SELECT,True,18 ct,Dairy & Eggs,Eggs,Grade A Eggs,Dairy & Eggs,Eggs,Grade A Eggs,3.12
grocery,ACM,ACM,1275514-44,"Tide Deodorant Personal Care, single","Tide Deodorant Personal Care, single — Oral & Body Care",Tide,False,single,Home & Health,Personal Care,Oral & Body Care,Health & Household,Personal Care,Oral & Body Care,3.96
grocery,ACM,ACM,1279460-55,"Signature SELECT Dinner Rolls Rolls, 8 ct","Signature SELECT Dinner Rolls Rolls, 8 ct — Buns & Rolls",Signature SELECT,True,8 ct,In-Store Bakery,Sliced Bread,Buns & Rolls,Bakery,Bread,Buns & Rolls,3.02
grocery,ACM,ACM,1279814-07,"Signature SELECT Provolone Sliced Cheese, 12 oz","Signature SELECT Provolone Sliced Cheese, 12 oz — Sliced Cheese",Signature SELECT,True,12 oz,Dairy & Eggs,Cheese & Deli,Sliced Cheese,Dairy & Eggs,Cheese,Sliced Cheese,3.78
grocery,ACM,ACM,1283662-34,"Doritos Tortilla Chips Chips, 13 oz","Doritos Tortilla Chips Chips, 13 oz — Potato & Tortilla Chips",Doritos,False,13 oz,Snacks & Candy,Salty Snacks,Potato & Tortilla Chips,Snacks & Candy,Salty Snacks,Potato & Tortilla Chips,4.58
grocery,ACM,ACM,1295047-48,"Horizon Plain Greek Yogurt, 32 oz","Horizon Plain Greek Yogurt, 32 oz — Greek Yogurt",Horizon,False,32 oz,Dairy & Eggs,Yogurt & Cultured,Greek Yogurt,Dairy & Eggs,Yogurt,Greek Yogurt,1.26
grocery,ACM,ACM,1305527-26,"Prego Frosted Flakes Cereal, 12 oz","Prego Frosted Flakes Cereal, 12 oz — Cereal",Prego,False,12 oz,Center Store,Breakfast,Cereal,Dry Grocery,Breakfast & Cereal,Cereal,4.54
grocery,ACM,ACM,1311940-09,"Fairlife Pasture-Raised Eggs, Dozen","Fairlife Pasture-Raised Eggs, Dozen — Specialty Eggs",Fairlife,False,Dozen,Dairy & Eggs,Eggs,Specialty Eggs,Dairy & Eggs,Eggs,Specialty Eggs,5.99
grocery,ACM,ACM,1314647-47,"Barilla Old Fashioned Oats Oatmeal, 42 oz","Barilla Old Fashioned Oats Oatmeal, 42 oz — Oatmeal & Hot Cereal",Barilla,False,42 oz,Center Store,Breakfast,Oatmeal & Hot Cereal,Dry Grocery,Breakfast & Cereal,Oatmeal & Hot Cereal,4.14
grocery,ACM,ACM,1317377-53,"Perdue Breakfast Sausage Bacon, 12 oz","Perdue Breakfast Sausage Bacon, 12 oz — Bacon & Sausage",Perdue,False,12 oz,Meat & Seafood,Pork,Bacon & Sausage,Meat & Seafood,Pork,Bacon & Sausage,7.67
grocery,ACM,ACM,1317818-80,"Signature SELECT Blackberries Berries, 1 pint","Signature SELECT Blackberries Berries, 1 pint — Berries",Signature SELECT,True,1 pint,Fresh Produce,Fresh Fruit,Berries,Produce,Fresh Fruit,Berries,3.62
grocery,ACM,ACM,1333202-46,"Horizon Blueberry Greek Yogurt, 5.3 oz","Horizon Blueberry Greek Yogurt, 5.3 oz — Greek Yogurt",Horizon,False,5.3 oz,Dairy & Eggs,Yogurt & Cultured,Greek Yogurt,Dairy & Eggs,Yogurt,Greek Yogurt,1.18
grocery,ACM,ACM,1336594-52,"Organic Valley Lactose-Free Milk, Half Gallon","Organic Valley Lactose-Free Milk, Half Gallon — Plant-Based Milk",Organic Valley,False,Half Gallon,Dairy & Eggs,White Milk,Plant-Based Milk,Dairy & Eggs,Milk,Plant-Based Milk,5.03
grocery,ACM,ACM,1338423-66,"Signature SELECT Butter Crackers Crackers, 12 oz","Signature SELECT Butter Crackers Crackers, 12 oz — Crackers",Signature SELECT,True,12 oz,Snacks & Candy,Salty Snacks,Crackers,Snacks & Candy,Salty Snacks,Crackers,3.63
grocery,ACM,ACM,1340605-32,"Horizon 1% Lowfat Milk, Half Gallon","Horizon 1% Lowfat Milk, Half Gallon — Skim & Low-Fat Milk",Horizon,False,Half Gallon,Dairy & Eggs,White Milk,Skim & Low-Fat Milk,Dairy & Eggs,Milk,Skim & Low-Fat Milk,3.27
grocery,ACM,ACM,1342296-15,"Pepsi Orange Juice Juice, 52 oz","Pepsi Orange Juice Juice, 52 oz — Juice",Pepsi,False,52 oz,Beverages,Juice & Tea,Juice,Beverages,Juice & Tea,Juice,4.3
grocery,ACM,ACM,1344689-57,"Fresh Express Apples Gala Fruit, 3 lb bag","Fresh Express Apples Gala Fruit, 3 lb bag — Bananas & Everyday Fruit",Fresh Express,False,3 lb bag,Fresh Produce,Fresh Fruit,Bananas & Everyday Fruit,Produce,Fresh Fruit,Bananas & Everyday Fruit,2.83
grocery,ACM,ACM,1347802-83,"Signature SELECT Whole Bean Coffee, 24 oz","Signature SELECT Whole Bean Coffee, 24 oz — Coffee",Signature SELECT,True,24 oz,Center Store,Coffee & Tea,Coffee,Dry Grocery,Coffee & Tea,Coffee,9.07
grocery,ACM,ACM,1359346-39,"Signature SELECT Wet Cat Food Pet Food, 16 lb","Signature SELECT Wet Cat Food Pet Food, 16 lb — Pet Food",Signature SELECT,True,16 lb,Baby & Pet,Pet Care,Pet Food,Baby & Pet,Pet,Pet Food,18.85
grocery,ACM,ACM,1367274-58,"Signature SELECT Dinner Rolls Rolls, 8 ct","Signature SELECT Dinner Rolls Rolls, 8 ct — Buns & Rolls",Signature SELECT,True,8 ct,In-Store Bakery,Sliced Bread,Buns & Rolls,Bakery,Bread,Buns & Rolls,3.3
grocery,ACM,ACM,1371140-43,"Doritos Hard Candy Candy, 18 oz","Doritos Hard Candy Candy, 18 oz — Candy & Chocolate",Doritos,False,18 oz,Snacks & Candy,Sweets,Candy & Chocolate,Snacks & Candy,Cookies & Candy,Candy & Chocolate,3.91
grocery,ACM,ACM,1382696-00,"Doritos Cashews Nuts, 10 oz","Doritos Cashews Nuts, 10 oz — Nuts & Trail Mix",Doritos,False,10 oz,Snacks & Candy,Salty Snacks,Nuts & Trail Mix,Snacks & Candy,Salty Snacks,Nuts & Trail Mix,7.65
grocery,ACM,ACM,1384227-46,"Ragu Tomato Basil Sauce, 24 oz","Ragu Tomato Basil Sauce, 24 oz — Pasta Sauce",Ragu,False,24 oz,Center Store,Pasta & Italian,Pasta Sauce,Dry Grocery,Pasta & Sauce,Pasta Sauce,3.74
grocery,ACM,ACM,1388440-34,"Tyson Tenderloin Pork, per lb","Tyson Tenderloin Pork, per lb — Pork Cuts",Tyson,False,per lb,Meat & Seafood,Pork,Pork Cuts,Meat & Seafood,Pork,Pork Cuts,4.8
grocery,ACM,ACM,1390159-18,"Horizon Brie Cheese, 8 oz","Horizon Brie Cheese, 8 oz — Specialty Cheese",Horizon,False,8 oz,Dairy & Eggs,Cheese & Deli,Specialty Cheese,Dairy & Eggs,Cheese,Specialty Cheese,6.31
grocery,ACM,ACM,1398590-72,"Barilla Vegetable Soup, 10.5 oz","Barilla Vegetable Soup, 10.5 oz — Canned Soup",Barilla,False,10.5 oz,Center Store,Canned & Jarred,Canned Soup,Dry Grocery,Canned & Packaged,Canned Soup,2.06
grocery,ACM,ACM,1412980-08,"Signature SELECT Swiss Sliced Cheese, 12 oz","Signature SELECT Swiss Sliced Cheese, 12 oz — Sliced Cheese",Signature SELECT,True,12 oz,Dairy & Eggs,Cheese & Deli,Sliced Cheese,Dairy & Eggs,Cheese,Sliced Cheese,3.94
grocery,ACM,ACM,1414203-91,"Horizon Extra Large Grade A Eggs, 18 ct","Horizon Extra Large Grade A Eggs, 18 ct — Grade A Eggs",Horizon,False,18 ct,Dairy & Eggs,Eggs,Grade A Eggs,Dairy & Eggs,Eggs,Grade A Eggs,3.32
grocery,ACM,ACM,1415611-49,"Huggies Dog Treats Pet, 20 lb","Huggies Dog Treats Pet, 20 lb — Pet Treats & Supplies",Huggies,False,20 lb,Baby & Pet,Pet Care,Pet Treats & Supplies,Baby & Pet,Pet,Pet Treats & Supplies,7.37
grocery,ACM,ACM,1417234-82,"Signature SELECT Mexican Blend Shredded Cheese, 8 oz","Signature SELECT Mexican Blend Shredded Cheese, 8 oz — Shredded Cheese",Signature SELECT,True,8 oz,Dairy & Eggs,Cheese & Deli,Shredded Cheese,Dairy & Eggs,Cheese,Shredded Cheese,3.92
grocery,ACM,ACM,1421707-74,"Perdue Cod Seafood, per lb","Perdue Cod Seafood, per lb — Fish & Shellfish",Perdue,False,per lb,Meat & Seafood,Fresh Seafood,Fish & Shellfish,Meat & Seafood,Seafood,Fish & Shellfish,14.83
grocery,ACM,ACM,1425838-45,"Stouffer's Lasagna Frozen Meal, 10 oz","Stouffer's Lasagna Frozen Meal, 10 oz — Frozen Entrees",Stouffer's,False,10 oz,Frozen Foods,Frozen Entrees,Frozen Entrees,Frozen,Frozen Meals,Frozen Entrees,3.95
grocery,ACM,ACM,1427397-27,"Bounty Pods Laundry, 92 oz","Bounty Pods Laundry, 92 oz — Laundry",Bounty,False,92 oz,Home & Health,Household Cleaning,Laundry,Health & Household,Cleaning & Paper,Laundry,14.42
grocery,ACM,ACM,1429492-80,"Prego Cream of Mushroom Soup, 10.5 oz","Prego Cream of Mushroom Soup, 10.5 oz — Canned Soup",Prego,False,10.5 oz,Center Store,Canned & Jarred,Canned Soup,Dry Grocery,Canned & Packaged,Canned Soup,2.38
grocery,ACM,ACM,1429543-83,"Signature SELECT Donuts Bakery, 4 ct","Signature SELECT Donuts Bakery, 4 ct — Pastries & Bagels",Signature SELECT,True,4 ct,In-Store Bakery,Pastries,Pastries & Bagels,Bakery,Bakery Sweets,Pastries & Bagels,4.32
grocery,ACM,ACM,1430514-76,"Driscoll's Blackberries Berries, 2 lb","Driscoll's Blackberries Berries, 2 lb — Berries",Driscoll's,False,2 lb,Fresh Produce,Fresh Fruit,Berries,Produce,Fresh Fruit,Berries,4.36
grocery,ACM,ACM,1459400-65,"Driscoll's Organic Peppers Vegetables, bunch","Driscoll's Organic Peppers Vegetables, bunch — Organic Vegetables",Driscoll's,False,bunch,Fresh Produce,Fresh Vegetables,Organic Vegetables,Produce,Fresh Vegetables,Organic Vegetables,3.81
grocery,ACM,ACM,1460259-24,"Land O'Lakes Unsalted Butter, 16 oz","Land O'Lakes Unsalted Butter, 16 oz — Butter",Land O'Lakes,False,16 oz,Dairy & Eggs,Butter & Spreads,Butter,Dairy & Eggs,Butter & Margarine,Butter,4.72
grocery,ACM,ACM,1462619-62,"Signature SELECT Breakfast Sausage Bacon, 12 oz","Signature SELECT Breakfast Sausage Bacon, 12 oz — Bacon & Sausage",Signature SELECT,True,12 oz,Meat & Seafood,Pork,Bacon & Sausage,Meat & Seafood,Pork,Bacon & Sausage,7.14
grocery,ACM,ACM,1463924-34,"Lay's Fun Size Mix Candy, 18 oz","Lay's Fun Size Mix Candy, 18 oz — Candy & Chocolate",Lay's,False,18 oz,Snacks & Candy,Sweets,Candy & Chocolate,Snacks & Candy,Cookies & Candy,Candy & Chocolate,3.45
grocery,ACM,ACM,1475325-85,"Signature SELECT Mozzarella Shredded Cheese, 16 oz","Signature SELECT Mozzarella Shredded Cheese, 16 oz — Shredded Cheese",Signature SELECT,True,16 oz,Dairy & Eggs,Cheese & Deli,Shredded Cheese,Dairy & Eggs,Cheese,Shredded Cheese,4.0
grocery,ACM,ACM,1478682-35,"Coca-Cola Green Tea Tea, gallon","Coca-Cola Green Tea Tea, gallon — Tea & Mixers",Coca-Cola,False,gallon,Beverages,Juice & Tea,Tea & Mixers,Beverages,Juice & Tea,Tea & Mixers,3.89
grocery,ACM,ACM,1487604-31,"Fresh Express Roma Tomatoes Vegetables, 2 lb bag","Fresh Express Roma Tomatoes Vegetables, 2 lb bag — Everyday Vegetables",Fresh Express,False,2 lb bag,Fresh Produce,Fresh Vegetables,Everyday Vegetables,Produce,Fresh Vegetables,Everyday Vegetables,2.61
grocery,ACM,ACM,1489902-62,"Signature SELECT Oat Milk, Half Gallon","Signature SELECT Oat Milk, Half Gallon — Plant-Based Milk",Signature SELECT,True,Half Gallon,Dairy & Eggs,White Milk,Plant-Based Milk,Dairy & Eggs,Milk,Plant-Based Milk,4.85
grocery,ACM,ACM,1493360-67,"Dole Raspberries Berries, 2 lb","Dole Raspberries Berries, 2 lb — Berries",Dole,False,2 lb,Fresh Produce,Fresh Fruit,Berries,Produce,Fresh Fruit,Berries,3.54
grocery,ACM,ACM,1499004-47,"Driscoll's Grapes Fruit, per lb","Driscoll's Grapes Fruit, per lb — Bananas & Everyday Fruit",Driscoll's,False,per lb,Fresh Produce,Fresh Fruit,Bananas & Everyday Fruit,Produce,Fresh Fruit,Bananas & Everyday Fruit,2.47
grocery,ACM,ACM,1504430-91,"Signature SELECT Facial Tissue Paper, double roll","Signature SELECT Facial Tissue Paper, double roll — Paper Products",Signature SELECT,True,double roll,Home & Health,Household Cleaning,Paper Products,Health & Household,Cleaning & Paper,Paper Products,11.61
grocery,ACM,ACM,1505033-55,"DiGiorno Chicken Alfredo Frozen Meal, family size","DiGiorno Chicken Alfredo Frozen Meal, family size — Frozen Entrees",DiGiorno,False,family size,Frozen Foods,Frozen Entrees,Frozen Entrees,Frozen,Frozen Meals,Frozen Entrees,4.54
grocery,ACM,ACM,1513898-14,"Doritos Sandwich Cookies Cookies, 13 oz","Doritos Sandwich Cookies Cookies, 13 oz — Cookies",Doritos,False,13 oz,Snacks & Candy,Sweets,Cookies,Snacks & Candy,Cookies & Candy,Cookies,3.95
grocery,ACM,ACM,1514561-34,"Signature SELECT Infant Formula Baby Food, 4-pack","Signature SELECT Infant Formula Baby Food, 4-pack — Formula & Baby Food",Signature SELECT,True,4-pack,Baby & Pet,Baby Care,Formula & Baby Food,Baby & Pet,Baby,Formula & Baby Food,15.58
grocery,ACM,ACM,1521785-05,"Barilla Penne Pasta, 16 oz","Barilla Penne Pasta, 16 oz — Pasta",Barilla,False,16 oz,Center Store,Pasta & Italian,Pasta,Dry Grocery,Pasta & Sauce,Pasta,1.83
grocery,ACM,ACM,1526047-97,"Barilla Ranch Dressing Condiment, 16 oz","Barilla Ranch Dressing Condiment, 16 oz — Condiments & Dressings",Barilla,False,16 oz,Center Store,Condiments & Dressings,Condiments & Dressings,Dry Grocery,Condiments,Condiments & Dressings,3.15
grocery,ACM,ACM,1526985-04,"Signature SELECT Pineapple Fruit, per lb","Signature SELECT Pineapple Fruit, per lb — Organic & Specialty Fruit",Signature SELECT,True,per lb,Fresh Produce,Fresh Fruit,Organic & Specialty Fruit,Produce,Fresh Fruit,Organic & Specialty Fruit,4.57
grocery,ACM,ACM,1527911-18,"Signature SELECT Diapers Size 1 Baby, jumbo pack","Signature SELECT Diapers Size 1 Baby, jumbo pack — Diapers & Wipes",Signature SELECT,True,jumbo pack,Baby & Pet,Baby Care,Diapers & Wipes,Baby & Pet,Baby,Diapers & Wipes,23.18
grocery,ACM,ACM,1549435-10,"Prego Ketchup Condiment, 20 oz","Prego Ketchup Condiment, 20 oz — Condiments & Dressings",Prego,False,20 oz,Center Store,Condiments & Dressings,Condiments & Dressings,Dry Grocery,Condiments,Condiments & Dressings,3.76
grocery,ACM,ACM,1567030-37,"Dole Apples Gala Fruit, per lb","Dole Apples Gala Fruit, per lb — Bananas & Everyday Fruit",Dole,False,per lb,Fresh Produce,Fresh Fruit,Bananas & Everyday Fruit,Produce,Fresh Fruit,Bananas & Everyday Fruit,2.13
grocery,ACM,ACM,1576787-93,"Fairlife Large Grade A Eggs, Dozen","Fairlife Large Grade A Eggs, Dozen — Grade A Eggs",Fairlife,False,Dozen,Dairy & Eggs,Eggs,Grade A Eggs,Dairy & Eggs,Eggs,Grade A Eggs,3.37
grocery,ACM,ACM,1577492-91,"Tyson Salami Lunch Meat, 16 oz","Tyson Salami Lunch Meat, 16 oz — Lunch Meat",Tyson,False,16 oz,Meat & Seafood,Deli,Lunch Meat,Meat & Seafood,Deli,Lunch Meat,6.94
grocery,ACM,ACM,1585234-00,"Fairlife American Sliced Cheese, 12 oz","Fairlife American Sliced Cheese, 12 oz — Sliced Cheese",Fairlife,False,12 oz,Dairy & Eggs,Cheese & Deli,Sliced Cheese,Dairy & Eggs,Cheese,Sliced Cheese,4.18
grocery,ACM,ACM,1587083-81,"Signature SELECT Vanilla Yogurt, 6 oz","Signature SELECT Vanilla Yogurt, 6 oz — Regular Yogurt",Signature SELECT,True,6 oz,Dairy & Eggs,Yogurt & Cultured,Regular Yogurt,Dairy & Eggs,Yogurt,Regular Yogurt,0.86
grocery,ACM,ACM,1596390-51,"Tyson Italian Sausage Bacon, 16 oz","Tyson Italian Sausage Bacon, 16 oz — Bacon & Sausage",Tyson,False,16 oz,Meat & Seafood,Pork,Bacon & Sausage,Meat & Seafood,Pork,Bacon & Sausage,7.04
grocery,ACM,ACM,1603479-59,"Signature SELECT Soy Milk, Half Gallon","Signature SELECT Soy Milk, Half Gallon — Plant-Based Milk",Signature SELECT,True,Half Gallon,Dairy & Eggs,White Milk,Plant-Based Milk,Dairy & Eggs,Milk,Plant-Based Milk,4.41
grocery,ACM,ACM,1604554-87,"Horizon Large Grade A Eggs, Dozen","Horizon Large Grade A Eggs, Dozen — Grade A Eggs",Horizon,False,Dozen,Dairy & Eggs,Eggs,Grade A Eggs,Dairy & Eggs,Eggs,Grade A Eggs,3.01
grocery,ACM,ACM,1611775-03,"DiGiorno Vanilla Ice Cream, 1 pint","DiGiorno Vanilla Ice Cream, 1 pint — Ice Cream",DiGiorno,False,1 pint,Frozen Foods,Frozen Desserts,Ice Cream,Frozen,Ice Cream & Novelties,Ice Cream,5.81
grocery,ACM,ACM,1641673-89,"Tyson Ribeye Steak, per lb","Tyson Ribeye Steak, per lb — Beef Steaks",Tyson,False,per lb,Meat & Seafood,Beef,Beef Steaks,Meat & Seafood,Beef,Beef Steaks,14.85
grocery,ACM,ACM,1663240-74,"Prego K-Cups Coffee, 24 oz","Prego K-Cups Coffee, 24 oz — Coffee",Prego,False,24 oz,Center Store,Coffee & Tea,Coffee,Dry Grocery,Coffee & Tea,Coffee,9.7
grocery,ACM,ACM,1667787-10,"Coca-Cola Cranberry Juice, 52 oz","Coca-Cola Cranberry Juice, 52 oz — Juice",Coca-Cola,False,52 oz,Beverages,Juice & Tea,Juice,Beverages,Juice & Tea,Juice,4.09
grocery,ACM,ACM,1673355-33,"Prego Marinara Sauce, 24 oz","Prego Marinara Sauce, 24 oz — Pasta Sauce",Prego,False,24 oz,Center Store,Pasta & Italian,Pasta Sauce,Dry Grocery,Pasta & Sauce,Pasta Sauce,3.4
grocery,ACM,ACM,1689756-74,"Stouffer's Thin Crust Pizza, single","Stouffer's Thin Crust Pizza, single — Frozen Pizza",Stouffer's,False,single,Frozen Foods,Frozen Entrees,Frozen Pizza,Frozen,Frozen Meals,Frozen Pizza,5.79
grocery,ACM,ACM,1706581-83,"Oreo Medium Salsa Salsa, 16 oz","Oreo Medium Salsa Salsa, 16 oz — Salsa & Dips",Oreo,False,16 oz,Snacks & Candy,Salty Snacks,Salsa & Dips,Snacks & Candy,Salty Snacks,Salsa & Dips,4.37
grocery,ACM,ACM,1707505-22,"Signature SELECT Stir Fry Blend Frozen Vegetables, 16 oz","Signature SELECT Stir Fry Blend Frozen Vegetables, 16 oz — Frozen Vegetables",Signature SELECT,True,16 oz,Frozen Foods,Frozen Produce,Frozen Vegetables,Frozen,Frozen Vegetables & Fruit,Frozen Vegetables,2.39
grocery,ACM,ACM,1716815-42,"Horizon Oat Milk, Half Gallon","Horizon Oat Milk, Half Gallon — Plant-Based Milk",Horizon,False,Half Gallon,Dairy & Eggs,White Milk,Plant-Based Milk,Dairy & Eggs,Milk,Plant-Based Milk,4.08
grocery,ACM,ACM,1718265-27,"Nature's Own Honey Wheat Bread, 20 oz loaf","Nature's Own Honey Wheat Bread, 20 oz loaf — Sandwich Bread",Nature's Own,False,20 oz loaf,In-Store Bakery,Sliced Bread,Sandwich Bread,Bakery,Bread,Sandwich Bread,2.78
grocery,ACM,ACM,1718674-06,"Barilla Rotini Pasta, 16 oz","Barilla Rotini Pasta, 16 oz — Pasta",Barilla,False,16 oz,Center Store,Pasta & Italian,Pasta,Dry Grocery,Pasta & Sauce,Pasta,1.77
grocery,ACM,ACM,1728881-08,"Prego BBQ Sauce Condiment, 16 oz","Prego BBQ Sauce Condiment, 16 oz — Condiments & Dressings",Prego,False,16 oz,Center Store,Condiments & Dressings,Condiments & Dressings,Dry Grocery,Condiments,Condiments & Dressings,3.6
grocery,ACM,ACM,1740520-99,"Pepsi Energy Drink Sports Drink, 8-pack","Pepsi Energy Drink Sports Drink, 8-pack — Sports & Energy Drinks",Pepsi,False,8-pack,Beverages,Water & Sports Drinks,Sports & Energy Drinks,Beverages,Water & Sports,Sports & Energy Drinks,6.74
grocery,ACM,ACM,1744655-41,"Tide Toothpaste Personal Care, single","Tide Toothpaste Personal Care, single — Oral & Body Care",Tide,False,single,Home & Health,Personal Care,Oral & Body Care,Health & Household,Personal Care,Oral & Body Care,4.03
grocery,ACM,ACM,1745818-47,"Horizon Mixed Berry Greek Yogurt, 5.3 oz","Horizon Mixed Berry Greek Yogurt, 5.3 oz — Greek Yogurt",Horizon,False,5.3 oz,Dairy & Eggs,Yogurt & Cultured,Greek Yogurt,Dairy & Eggs,Yogurt,Greek Yogurt,1.27
grocery,ACM,ACM,1762071-31,"Signature SELECT Boneless Skinless Breast Chicken, family pack","Signature SELECT Boneless Skinless Breast Chicken, family pack — Chicken",Signature SELECT,True,family pack,Meat & Seafood,Poultry,Chicken,Meat & Seafood,Poultry,Chicken,5.47
grocery,ACM,ACM,1781133-23,"Signature SELECT Mixed Vegetables Frozen Vegetables, 12 oz","Signature SELECT Mixed Vegetables Frozen Vegetables, 12 oz — Frozen Vegetables",Signature SELECT,True,12 oz,Frozen Foods,Frozen Produce,Frozen Vegetables,Frozen,Frozen Vegetables & Fruit,Frozen Vegetables,2.57
grocery,ACM,ACM,1783772-78,"Gatorade Cola Soda, 2 Liter","Gatorade Cola Soda, 2 Liter — Soda",Gatorade,False,2 Liter,Beverages,Soft Drinks,Soda,Beverages,Soft Drinks,Soda,6.62
grocery,ACM,ACM,1790962-71,"Prego Whole Bean Coffee, 12 oz","Prego Whole Bean Coffee, 12 oz — Coffee",Prego,False,12 oz,Center Store,Coffee & Tea,Coffee,Dry Grocery,Coffee & Tea,Coffee,10.0
grocery,ACM,ACM,1807264-82,"Signature SELECT Muffins Bakery, 4 ct","Signature SELECT Muffins Bakery, 4 ct — Pastries & Bagels",Signature SELECT,True,4 ct,In-Store Bakery,Pastries,Pastries & Bagels,Bakery,Bakery Sweets,Pastries & Bagels,4.36
grocery,ACM,ACM,1821160-51,"Stouffer's Pot Pie Frozen Meal, family size","Stouffer's Pot Pie Frozen Meal, family size — Frozen Entrees",Stouffer's,False,family size,Frozen Foods,Frozen Entrees,Frozen Entrees,Frozen,Frozen Meals,Frozen Entrees,4.44
grocery,ACM,ACM,1830199-74,"Fairlife Peach Yogurt, 6 oz","Fairlife Peach Yogurt, 6 oz — Regular Yogurt",Fairlife,False,6 oz,Dairy & Eggs,Yogurt & Cultured,Regular Yogurt,Dairy & Eggs,Yogurt,Regular Yogurt,0.93
grocery,ACM,ACM,1834865-05,"Bounty Bleach Cleaner, 32 oz","Bounty Bleach Cleaner, 32 oz — Cleaning Supplies",Bounty,False,32 oz,Home & Health,Household Cleaning,Cleaning Supplies,Health & Household,Cleaning & Paper,Cleaning Supplies,5.33
grocery,ACM,ACM,1836157-18,"Signature SELECT Lasagna Pasta, 16 oz","Signature SELECT Lasagna Pasta, 16 oz — Pasta",Signature SELECT,True,16 oz,Center Store,Pasta & Italian,Pasta,Dry Grocery,Pasta & Sauce,Pasta,1.74
grocery,ACM,ACM,1837503-25,"Signature SELECT Vitamin D Whole Milk, Half Gallon","Signature SELECT Vitamin D Whole Milk, Half Gallon — Whole Milk",Signature SELECT,True,Half Gallon,Dairy & Eggs,White Milk,Whole Milk,Dairy & Eggs,Milk,Whole Milk,3.5
grocery,ACM,ACM,1845761-82,"Oscar Mayer 80/20 Ground Ground Beef, 1 lb","Oscar Mayer 80/20 Ground Ground Beef, 1 lb — Ground Beef",Oscar Mayer,False,1 lb,Meat & Seafood,Beef,Ground Beef,Meat & Seafood,Beef,Ground Beef,6.74
grocery,ACM,ACM,1851282-53,"Signature SELECT Cat Treats Pet, 16 oz","Signature SELECT Cat Treats Pet, 16 oz — Pet Treats & Supplies",Signature SELECT,True,16 oz,Baby & Pet,Pet Care,Pet Treats & Supplies,Baby & Pet,Pet,Pet Treats & Supplies,6.93
grocery,ACM,ACM,1852456-85,"Signature SELECT Bagels Bakery, 6 ct","Signature SELECT Bagels Bakery, 6 ct — Pastries & Bagels",Signature SELECT,True,6 ct,In-Store Bakery,Pastries,Pastries & Bagels,Bakery,Bakery Sweets,Pastries & Bagels,4.83
grocery,ACM,ACM,1868150-44,"Horizon Vanilla Greek Yogurt, 5.3 oz","Horizon Vanilla Greek Yogurt, 5.3 oz — Greek Yogurt",Horizon,False,5.3 oz,Dairy & Eggs,Yogurt & Cultured,Greek Yogurt,Dairy & Eggs,Yogurt,Greek Yogurt,1.18
grocery,ACM,ACM,1874449-27,"Prego Toasted Oats Cereal, 18 oz","Prego Toasted Oats Cereal, 18 oz — Cereal",Prego,False,18 oz,Center Store,Breakfast,Cereal,Dry Grocery,Breakfast & Cereal,Cereal,4.64
grocery,ACM,ACM,1877734-88,"Tide Multivitamin Vitamins, 100 ct","Tide Multivitamin Vitamins, 100 ct — Vitamins & Wellness",Tide,False,100 ct,Home & Health,Personal Care,Vitamins & Wellness,Health & Household,Personal Care,Vitamins & Wellness,10.05
grocery,ACM,ACM,1877911-24,"Perdue Thighs Chicken, family pack","Perdue Thighs Chicken, family pack — Chicken",Perdue,False,family pack,Meat & Seafood,Poultry,Chicken,Meat & Seafood,Poultry,Chicken,5.64
grocery,ACM,ACM,1881813-78,"Signature SELECT Muffins Bakery, 6 ct","Signature SELECT Muffins Bakery, 6 ct — Pastries & Bagels",Signature SELECT,True,6 ct,In-Store Bakery,Pastries,Pastries & Bagels,Bakery,Bakery Sweets,Pastries & Bagels,4.4
grocery,ACM,ACM,1886436-12,"Prego Elbow Macaroni Pasta, 16 oz","Prego Elbow Macaroni Pasta, 16 oz — Pasta",Prego,False,16 oz,Center Store,Pasta & Italian,Pasta,Dry Grocery,Pasta & Sauce,Pasta,1.89
grocery,ACM,ACM,1893570-04,"Signature SELECT Multivitamin Vitamins, 100 ct","Signature SELECT Multivitamin Vitamins, 100 ct — Vitamins & Wellness",Signature SELECT,True,100 ct,Home & Health,Personal Care,Vitamins & Wellness,Health & Household,Personal Care,Vitamins & Wellness,10.77
grocery,ACM,ACM,1905547-32,"Signature SELECT Pods Laundry, 92 oz","Signature SELECT Pods Laundry, 92 oz — Laundry",Signature SELECT,True,92 oz,Home & Health,Household Cleaning,Laundry,Health & Household,Cleaning & Paper,Laundry,13.42
grocery,ACM,ACM,1908945-07,"Horizon Omega-3 Eggs, Dozen","Horizon Omega-3 Eggs, Dozen — Specialty Eggs",Horizon,False,Dozen,Dairy & Eggs,Eggs,Specialty Eggs,Dairy & Eggs,Eggs,Specialty Eggs,5.3
grocery,ACM,ACM,1918163-24,"Signature SELECT Chocolate Chip Cookies, 13 oz","Signature SELECT Chocolate Chip Cookies, 13 oz — Cookies",Signature SELECT,True,13 oz,Snacks & Candy,Sweets,Cookies,Snacks & Candy,Cookies & Candy,Cookies,3.97
grocery,ACM,ACM,1925019-75,"Barilla Tomato Soup, 18 oz","Barilla Tomato Soup, 18 oz — Canned Soup",Barilla,False,18 oz,Center Store,Canned & Jarred,Canned Soup,Dry Grocery,Canned & Packaged,Canned Soup,2.19
grocery,ACM,ACM,1928096-68,"Prego Ground Medium Roast Coffee, 12 oz","Prego Ground Medium Roast Coffee, 12 oz — Coffee",Prego,False,12 oz,Center Store,Coffee & Tea,Coffee,Dry Grocery,Coffee & Tea,Coffee,8.9
grocery,ACM,ACM,1941113-80,"Signature SELECT Peach Yogurt, 6 oz","Signature SELECT Peach Yogurt, 6 oz — Regular Yogurt",Signature SELECT,True,6 oz,Dairy & Eggs,Yogurt & Cultured,Regular Yogurt,Dairy & Eggs,Yogurt,Regular Yogurt,0.87
grocery,ACM,ACM,1963491-96,"Driscoll's Pineapple Fruit, per lb","Driscoll's Pineapple Fruit, per lb — Organic & Specialty Fruit",Driscoll's,False,per lb,Fresh Produce,Fresh Fruit,Organic & Specialty Fruit,Produce,Fresh Fruit,Organic & Specialty Fruit,4.63
grocery,ACM,ACM,1964376-38,"Signature SELECT Multigrain Bread, 20 oz loaf","Signature SELECT Multigrain Bread, 20 oz loaf — Sandwich Bread",Signature SELECT,True,20 oz loaf,In-Store Bakery,Sliced Bread,Sandwich Bread,Bakery,Bread,Sandwich Bread,2.69
grocery,ACM,ACM,1970643-05,"Signature SELECT Vitamin D Vitamins, 100 ct","Signature SELECT Vitamin D Vitamins, 100 ct — Vitamins & Wellness",Signature SELECT,True,100 ct,Home & Health,Personal Care,Vitamins & Wellness,Health & Household,Personal Care,Vitamins & Wellness,10.56
grocery,ACM,ACM,1971929-04,"Barilla Spaghetti Pasta, 16 oz","Barilla Spaghetti Pasta, 16 oz — Pasta",Barilla,False,16 oz,Center Store,Pasta & Italian,Pasta,Dry Grocery,Pasta & Sauce,Pasta,1.74
grocery,ACM,ACM,1981749-91,"Signature SELECT All-Purpose Flour Baking, 4 lb","Signature SELECT All-Purpose Flour Baking, 4 lb — Baking Staples",Signature SELECT,True,4 lb,Center Store,Baking Needs,Baking Staples,Dry Grocery,Baking,Baking Staples,3.08
grocery,ACM,ACM,1983055-42,"Signature SELECT Raisin Bran Cereal, 12 oz","Signature SELECT Raisin Bran Cereal, 12 oz — Cereal",Signature SELECT,True,12 oz,Center Store,Breakfast,Cereal,Dry Grocery,Breakfast & Cereal,Cereal,4.61
grocery,ACM,ACM,1983443-87,"Signature SELECT Ginger Ale Soda, 12-pack cans","Signature SELECT Ginger Ale Soda, 12-pack cans — Soda",Signature SELECT,True,12-pack cans,Beverages,Soft Drinks,Soda,Beverages,Soft Drinks,Soda,6.26
grocery,ACM,ACM,1999783-20,"Signature SELECT Baby Wipes Baby, jumbo pack","Signature SELECT Baby Wipes Baby, jumbo pack — Diapers & Wipes",Signature SELECT,True,jumbo pack,Baby & Pet,Baby Care,Diapers & Wipes,Baby & Pet,Baby,Diapers & Wipes,25.89
grocery,ACM,ACM,2004904-98,"Signature SELECT Cage-Free Large Eggs, 18 ct","Signature SELECT Cage-Free Large Eggs, 18 ct — Grade A Eggs",Signature SELECT,True,18 ct,Dairy & Eggs,Eggs,Grade A Eggs,Dairy & Eggs,Eggs,Grade A Eggs,3.17
grocery,ACM,ACM,2005503-17,"Horizon Salted Butter, 16 oz","Horizon Salted Butter, 16 oz — Butter",Horizon,False,16 oz,Dairy & Eggs,Butter & Spreads,Butter,Dairy & Eggs,Butter & Margarine,Butter,3.84
grocery,ACM,ACM,2018908-00,"DiGiorno Chocolate Ice Cream, 48 oz","DiGiorno Chocolate Ice Cream, 48 oz — Ice Cream",DiGiorno,False,48 oz,Frozen Foods,Frozen Desserts,Ice Cream,Frozen,Ice Cream & Novelties,Ice Cream,5.61
grocery,ACM,ACM,2021983-32,"Lay's Chocolate Bars Candy, 18 oz","Lay's Chocolate Bars Candy, 18 oz — Candy & Chocolate",Lay's,False,18 oz,Snacks & Candy,Sweets,Candy & Chocolate,Snacks & Candy,Cookies & Candy,Candy & Chocolate,3.35
grocery,ACM,ACM,2024082-72,"Lay's Queso Salsa, 16 oz","Lay's Queso Salsa, 16 oz — Salsa & Dips",Lay's,False,16 oz,Snacks & Candy,Salty Snacks,Salsa & Dips,Snacks & Candy,Salty Snacks,Salsa & Dips,3.65
grocery,ACM,ACM,2026905-64,"Signature SELECT Mixed Berry Greek Yogurt, 5.3 oz","Signature SELECT Mixed Berry Greek Yogurt, 5.3 oz — Greek Yogurt",Signature SELECT,True,5.3 oz,Dairy & Eggs,Yogurt & Cultured,Greek Yogurt,Dairy & Eggs,Yogurt,Greek Yogurt,1.29
grocery,ACM,ACM,2034385-04,"Signature SELECT Provolone Sliced Cheese, 8 oz","Signature SELECT Provolone Sliced Cheese, 8 oz — Sliced Cheese",Signature SELECT,True,8 oz,Dairy & Eggs,Cheese & Deli,Sliced Cheese,Dairy & Eggs,Cheese,Sliced Cheese,3.79
grocery,ACM,ACM,2045532-91,"Signature SELECT Mozzarella Shredded Cheese, 16 oz","Signature SELECT Mozzarella Shredded Cheese, 16 oz — Shredded Cheese",Signature SELECT,True,16 oz,Dairy & Eggs,Cheese & Deli,Shredded Cheese,Dairy & Eggs,Cheese,Shredded Cheese,4.43
grocery,ACM,ACM,2058765-12,"Lay's Chocolate Chip Cookies, 18 oz","Lay's Chocolate Chip Cookies, 18 oz — Cookies",Lay's,False,18 oz,Snacks & Candy,Sweets,Cookies,Snacks & Candy,Cookies & Candy,Cookies,3.93
grocery,ACM,ACM,2059751-81,"Oscar Mayer Tilapia Seafood, per lb","Oscar Mayer Tilapia Seafood, per lb — Fish & Shellfish",Oscar Mayer,False,per lb,Meat & Seafood,Fresh Seafood,Fish & Shellfish,Meat & Seafood,Seafood,Fish & Shellfish,16.38
grocery,ACM,ACM,2078107-57,"Perdue Italian Sausage Bacon, 16 oz","Perdue Italian Sausage Bacon, 16 oz — Bacon & Sausage",Perdue,False,16 oz,Meat & Seafood,Pork,Bacon & Sausage,Meat & Seafood,Pork,Bacon & Sausage,8.13
grocery,ACM,ACM,2081707-02,"Fairlife Swiss Sliced Cheese, 12 oz","Fairlife Swiss Sliced Cheese, 12 oz — Sliced Cheese",Fairlife,False,12 oz,Dairy & Eggs,Cheese & Deli,Sliced Cheese,Dairy & Eggs,Cheese,Sliced Cheese,4.27
grocery,ACM,ACM,2089046-82,"Prego Tomato Soup, 18 oz","Prego Tomato Soup, 18 oz — Canned Soup",Prego,False,18 oz,Center Store,Canned & Jarred,Canned Soup,Dry Grocery,Canned & Packaged,Canned Soup,2.55
grocery,ACM,ACM,2097501-87,"Signature SELECT Supreme Pizza, single","Signature SELECT Supreme Pizza, single — Frozen Pizza",Signature SELECT,True,single,Frozen Foods,Frozen Entrees,Frozen Pizza,Frozen,Frozen Meals,Frozen Pizza,6.57
grocery,ACM,ACM,2098053-56,"Signature SELECT Cat Treats Pet, 20 lb","Signature SELECT Cat Treats Pet, 20 lb — Pet Treats & Supplies",Signature SELECT,True,20 lb,Baby & Pet,Pet Care,Pet Treats & Supplies,Baby & Pet,Pet,Pet Treats & Supplies,7.16
grocery,ACM,ACM,2099066-31,"Coca-Cola Iced Tea Tea, 59 oz","Coca-Cola Iced Tea Tea, 59 oz — Tea & Mixers",Coca-Cola,False,59 oz,Beverages,Juice & Tea,Tea & Mixers,Beverages,Juice & Tea,Tea & Mixers,3.76
grocery,ACM,ACM,2103090-52,"Prego Old Fashioned Oats Oatmeal, 42 oz","Prego Old Fashioned Oats Oatmeal, 42 oz — Oatmeal & Hot Cereal",Prego,False,42 oz,Center Store,Breakfast,Oatmeal & Hot Cereal,Dry Grocery,Breakfast & Cereal,Oatmeal & Hot Cereal,4.74
grocery,ACM,ACM,2104740-79,"Gatorade Diet Cola Soda, 2 Liter","Gatorade Diet Cola Soda, 2 Liter — Soda",Gatorade,False,2 Liter,Beverages,Soft Drinks,Soda,Beverages,Soft Drinks,Soda,6.86
grocery,ACM,ACM,2112028-21,"Barilla Raisin Bran Cereal, 18 oz","Barilla Raisin Bran Cereal, 18 oz — Cereal",Barilla,False,18 oz,Center Store,Breakfast,Cereal,Dry Grocery,Breakfast & Cereal,Cereal,4.08
grocery,ACM,ACM,2113744-88,"Tyson Turkey Lunch Meat, 16 oz","Tyson Turkey Lunch Meat, 16 oz — Lunch Meat",Tyson,False,16 oz,Meat & Seafood,Deli,Lunch Meat,Meat & Seafood,Deli,Lunch Meat,6.18
grocery,ACM,ACM,2115187-79,"Prego Tomato Soup, 10.5 oz","Prego Tomato Soup, 10.5 oz — Canned Soup",Prego,False,10.5 oz,Center Store,Canned & Jarred,Canned Soup,Dry Grocery,Canned & Packaged,Canned Soup,2.41
grocery,ACM,ACM,2119154-91,"Tyson Sirloin Steak, per lb","Tyson Sirloin Steak, per lb — Beef Steaks",Tyson,False,per lb,Meat & Seafood,Beef,Beef Steaks,Meat & Seafood,Beef,Beef Steaks,14.66
grocery,ACM,ACM,2128874-62,"Ben & Jerry's Lasagna Frozen Meal, family size","Ben & Jerry's Lasagna Frozen Meal, family size — Frozen Entrees",Ben & Jerry's,False,family size,Frozen Foods,Frozen Entrees,Frozen Entrees,Frozen,Frozen Meals,Frozen Entrees,4.8
grocery,ACM,ACM,2135803-70,"Tyson Cod Seafood, 12 oz","Tyson Cod Seafood, 12 oz — Fish & Shellfish",Tyson,False,12 oz,Meat & Seafood,Fresh Seafood,Fish & Shellfish,Meat & Seafood,Seafood,Fish & Shellfish,13.47
grocery,ACM,ACM,2141715-99,"Signature SELECT Large Grade A Eggs, Dozen","Signature SELECT Large Grade A Eggs, Dozen — Grade A Eggs",Signature SELECT,True,Dozen,Dairy & Eggs,Eggs,Grade A Eggs,Dairy & Eggs,Eggs,Grade A Eggs,3.32
grocery,ACM,ACM,2148782-67,"Fresh Express Organic Broccoli Vegetables, per lb","Fresh Express Organic Broccoli Vegetables, per lb — Organic Vegetables",Fresh Express,False,per lb,Fresh Produce,Fresh Vegetables,Organic Vegetables,Produce,Fresh Vegetables,Organic Vegetables,4.06
grocery,ACM,ACM,2171156-24,"Driscoll's Carrots Vegetables, 2 lb bag","Driscoll's Carrots Vegetables, 2 lb bag — Everyday Vegetables",Driscoll's,False,2 lb bag,Fresh Produce,Fresh Vegetables,Everyday Vegetables,Produce,Fresh Vegetables,Everyday Vegetables,2.4
grocery,ACM,ACM,2178540-82,"Signature SELECT K-Cups Coffee, 24 oz","Signature SELECT K-Cups Coffee, 24 oz — Coffee",Signature SELECT,True,24 oz,Center Store,Coffee & Tea,Coffee,Dry Grocery,Coffee & Tea,Coffee,9.05
grocery,ACM,ACM,2181219-54,"Thomas' Hot Dog Buns Rolls, 8 ct","Thomas' Hot Dog Buns Rolls, 8 ct — Buns & Rolls",Thomas',False,8 ct,In-Store Bakery,Sliced Bread,Buns & Rolls,Bakery,Bread,Buns & Rolls,3.66
grocery,ACM,ACM,2185214-40,"Tostitos Ruffles Chips, 8 oz","Tostitos Ruffles Chips, 8 oz — Potato & Tortilla Chips",Tostitos,False,8 oz,Snacks & Candy,Salty Snacks,Potato & Tortilla Chips,Snacks & Candy,Salty Snacks,Potato & Tortilla Chips,4.66
grocery,ACM,ACM,2186671-02,"Signature SELECT Avocado Fruit, per lb","Signature SELECT Avocado Fruit, per lb — Organic & Specialty Fruit",Signature SELECT,True,per lb,Fresh Produce,Fresh Fruit,Organic & Specialty Fruit,Produce,Fresh Fruit,Organic & Specialty Fruit,4.25
grocery,ACM,ACM,2187003-14,"Signature SELECT Organic Eggs, Dozen","Signature SELECT Organic Eggs, Dozen — Specialty Eggs",Signature SELECT,True,Dozen,Dairy & Eggs,Eggs,Specialty Eggs,Dairy & Eggs,Eggs,Specialty Eggs,5.79
grocery,ACM,ACM,2192719-26,"Signature SELECT Whole Milk, 1 Gallon","Signature SELECT Whole Milk, 1 Gallon — Whole Milk",Signature SELECT,True,1 Gallon,Dairy & Eggs,White Milk,Whole Milk,Dairy & Eggs,Milk,Whole Milk,3.58
grocery,ACM,ACM,2193259-15,"Doritos Vanilla Wafers Cookies, 13 oz","Doritos Vanilla Wafers Cookies, 13 oz — Cookies",Doritos,False,13 oz,Snacks & Candy,Sweets,Cookies,Snacks & Candy,Cookies & Candy,Cookies,4.03
grocery,ACM,ACM,2196356-95,"Lay's Almonds Nuts, 16 oz","Lay's Almonds Nuts, 16 oz — Nuts & Trail Mix",Lay's,False,16 oz,Snacks & Candy,Salty Snacks,Nuts & Trail Mix,Snacks & Candy,Salty Snacks,Nuts & Trail Mix,7.05
grocery,ACM,ACM,2206721-15,"Horizon Feta Cheese, 6 oz","Horizon Feta Cheese, 6 oz — Specialty Cheese",Horizon,False,6 oz,Dairy & Eggs,Cheese & Deli,Specialty Cheese,Dairy & Eggs,Cheese,Specialty Cheese,5.93
grocery,ACM,ACM,2207215-09,"Signature SELECT Jasmine Rice Rice, 5 lb","Signature SELECT Jasmine Rice Rice, 5 lb — Rice & Grains",Signature SELECT,True,5 lb,Center Store,Rice & Grains,Rice & Grains,Dry Grocery,Rice & Grains,Rice & Grains,3.43
grocery,ACM,ACM,2238852-81,"DiGiorno Supreme Pizza, single","DiGiorno Supreme Pizza, single — Frozen Pizza",DiGiorno,False,single,Frozen Foods,Frozen Entrees,Frozen Pizza,Frozen,Frozen Meals,Frozen Pizza,6.8
grocery,ACM,ACM,2250784-97,"Bounty Vitamin D Vitamins, 100 ct","Bounty Vitamin D Vitamins, 100 ct — Vitamins & Wellness",Bounty,False,100 ct,Home & Health,Personal Care,Vitamins & Wellness,Health & Household,Personal Care,Vitamins & Wellness,10.96
grocery,ACM,ACM,2260907-61,"Barilla Dark Roast Coffee, 12 oz","Barilla Dark Roast Coffee, 12 oz — Coffee",Barilla,False,12 oz,Center Store,Coffee & Tea,Coffee,Dry Grocery,Coffee & Tea,Coffee,8.5
grocery,ACM,ACM,2263348-52,"Signature SELECT Romaine Salad, 12 oz","Signature SELECT Romaine Salad, 12 oz — Salad & Greens",Signature SELECT,True,12 oz,Fresh Produce,Fresh Vegetables,Salad & Greens,Produce,Fresh Vegetables,Salad & Greens,3.14
grocery,ACM,ACM,2286957-39,"Signature SELECT Granola Cereal, 18 oz","Signature SELECT Granola Cereal, 18 oz — Cereal",Signature SELECT,True,18 oz,Center Store,Breakfast,Cereal,Dry Grocery,Breakfast & Cereal,Cereal,4.44
grocery,ACM,ACM,2292210-19,"Driscoll's Carrots Vegetables, per lb","Driscoll's Carrots Vegetables, per lb — Everyday Vegetables",Driscoll's,False,per lb,Fresh Produce,Fresh Vegetables,Everyday Vegetables,Produce,Fresh Vegetables,Everyday Vegetables,2.29
grocery,ACM,ACM,2292692-59,"Signature SELECT Instant Oatmeal Oatmeal, 42 oz","Signature SELECT Instant Oatmeal Oatmeal, 42 oz — Oatmeal & Hot Cereal",Signature SELECT,True,42 oz,Center Store,Breakfast,Oatmeal & Hot Cereal,Dry Grocery,Breakfast & Cereal,Oatmeal & Hot Cereal,4.87
grocery,ACM,ACM,2303633-90,"Signature SELECT Vegetable Soup, 18 oz","Signature SELECT Vegetable Soup, 18 oz — Canned Soup",Signature SELECT,True,18 oz,Center Store,Canned & Jarred,Canned Soup,Dry Grocery,Canned & Packaged,Canned Soup,2.17
grocery,ACM,ACM,2312329-84,"Signature SELECT Shrimp Seafood, 12 oz","Signature SELECT Shrimp Seafood, 12 oz — Fish & Shellfish",Signature SELECT,True,12 oz,Meat & Seafood,Fresh Seafood,Fish & Shellfish,Meat & Seafood,Seafood,Fish & Shellfish,14.48
grocery,ACM,ACM,2327808-64,"Pepsi Diet Cola Soda, 12-pack cans","Pepsi Diet Cola Soda, 12-pack cans — Soda",Pepsi,False,12-pack cans,Beverages,Soft Drinks,Soda,Beverages,Soft Drinks,Soda,5.56
grocery,ACM,ACM,2337439-53,"Fairlife Plain Greek Yogurt, 5.3 oz","Fairlife Plain Greek Yogurt, 5.3 oz — Greek Yogurt",Fairlife,False,5.3 oz,Dairy & Eggs,Yogurt & Cultured,Greek Yogurt,Dairy & Eggs,Yogurt,Greek Yogurt,1.31
grocery,ACM,ACM,2339733-19,"Signature SELECT Diapers Size 3 Baby, jumbo pack","Signature SELECT Diapers Size 3 Baby, jumbo pack — Diapers & Wipes",Signature SELECT,True,jumbo pack,Baby & Pet,Baby Care,Diapers & Wipes,Baby & Pet,Baby,Diapers & Wipes,25.39
grocery,ACM,ACM,2346199-73,"Gatorade Cola Soda, 12-pack cans","Gatorade Cola Soda, 12-pack cans — Soda",Gatorade,False,12-pack cans,Beverages,Soft Drinks,Soda,Beverages,Soft Drinks,Soda,5.98
grocery,ACM,ACM,2359875-72,"Bounty Shampoo Hair Care, 12 oz","Bounty Shampoo Hair Care, 12 oz — Hair Care",Bounty,False,12 oz,Home & Health,Personal Care,Hair Care,Health & Household,Personal Care,Hair Care,6.66
grocery,ACM,ACM,2367355-89,"Signature SELECT Facial Tissue Paper, 12 roll","Signature SELECT Facial Tissue Paper, 12 roll — Paper Products",Signature SELECT,True,12 roll,Home & Health,Household Cleaning,Paper Products,Health & Household,Cleaning & Paper,Paper Products,11.45
grocery,ACM,ACM,2370005-17,"Driscoll's Yellow Onions Vegetables, per lb","Driscoll's Yellow Onions Vegetables, per lb — Everyday Vegetables",Driscoll's,False,per lb,Fresh Produce,Fresh Vegetables,Everyday Vegetables,Produce,Fresh Vegetables,Everyday Vegetables,2.25
grocery,ACM,ACM,2372554-04,"Prego Brown Rice Rice, 2 lb","Prego Brown Rice Rice, 2 lb — Rice & Grains",Prego,False,2 lb,Center Store,Rice & Grains,Rice & Grains,Dry Grocery,Rice & Grains,Rice & Grains,3.77
grocery,ACM,ACM,2389202-84,"Signature SELECT Diet Cola Soda, 12-pack cans","Signature SELECT Diet Cola Soda, 12-pack cans — Soda",Signature SELECT,True,12-pack cans,Beverages,Soft Drinks,Soda,Beverages,Soft Drinks,Soda,6.04
grocery,ACM,ACM,2394304-29,"Signature SELECT Drumsticks Chicken, per lb","Signature SELECT Drumsticks Chicken, per lb — Chicken",Signature SELECT,True,per lb,Meat & Seafood,Poultry,Chicken,Meat & Seafood,Poultry,Chicken,5.3
grocery,ACM,ACM,2401833-09,"Coca-Cola Apple Juice Juice, 52 oz","Coca-Cola Apple Juice Juice, 52 oz — Juice",Coca-Cola,False,52 oz,Beverages,Juice & Tea,Juice,Beverages,Juice & Tea,Juice,3.93
grocery,ACM,ACM,2430610-81,"Signature SELECT Root Beer Soda, 2 Liter","Signature SELECT Root Beer Soda, 2 Liter — Soda",Signature SELECT,True,2 Liter,Beverages,Soft Drinks,Soda,Beverages,Soft Drinks,Soda,5.48
grocery,ACM,ACM,2436909-43,"Signature SELECT Iced Tea Tea, 59 oz","Signature SELECT Iced Tea Tea, 59 oz — Tea & Mixers",Signature SELECT,True,59 oz,Beverages,Juice & Tea,Tea & Mixers,Beverages,Juice & Tea,Tea & Mixers,4.1
grocery,ACM,ACM,2454597-39,"Dole Spinach Salad, 5 oz","Dole Spinach Salad, 5 oz — Salad & Greens",Dole,False,5 oz,Fresh Produce,Fresh Vegetables,Salad & Greens,Produce,Fresh Vegetables,Salad & Greens,2.86
grocery,ACM,ACM,2456793-05,"Organic Valley 2% Reduced Fat Milk, Half Gallon","Organic Valley 2% Reduced Fat Milk, Half Gallon — 2% Reduced-Fat Milk",Organic Valley,False,Half Gallon,Dairy & Eggs,White Milk,2% Reduced-Fat Milk,Dairy & Eggs,Milk,2% Reduced-Fat Milk,3.72
grocery,ACM,ACM,2460826-65,"Signature SELECT Diced Tomatoes Canned, 15 oz","Signature SELECT Diced Tomatoes Canned, 15 oz — Canned Vegetables & Beans",Signature SELECT,True,15 oz,Center Store,Canned & Jarred,Canned Vegetables & Beans,Dry Grocery,Canned & Packaged,Canned Vegetables & Beans,1.2
grocery,ACM,ACM,2466551-70,"Pepsi Lemon-Lime Soda, 2 Liter","Pepsi Lemon-Lime Soda, 2 Liter — Soda",Pepsi,False,2 Liter,Beverages,Soft Drinks,Soda,Beverages,Soft Drinks,Soda,5.91
grocery,ACM,ACM,2469545-53,"Fresh Express Apples Gala Fruit, per lb","Fresh Express Apples Gala Fruit, per lb — Bananas & Everyday Fruit",Fresh Express,False,per lb,Fresh Produce,Fresh Fruit,Bananas & Everyday Fruit,Produce,Fresh Fruit,Bananas & Everyday Fruit,2.63
grocery,ACM,ACM,2472022-11,"Signature SELECT Mayonnaise Condiment, 20 oz","Signature SELECT Mayonnaise Condiment, 20 oz — Condiments & Dressings",Signature SELECT,True,20 oz,Center Store,Condiments & Dressings,Condiments & Dressings,Dry Grocery,Condiments,Condiments & Dressings,3.41
grocery,ACM,ACM,2475473-47,"Huggies Cat Treats Pet, 16 oz","Huggies Cat Treats Pet, 16 oz — Pet Treats & Supplies",Huggies,False,16 oz,Baby & Pet,Pet Care,Pet Treats & Supplies,Baby & Pet,Pet,Pet Treats & Supplies,7.09
grocery,ACM,ACM,2478717-72,"Pepsi Ginger Ale Soda, 2 Liter","Pepsi Ginger Ale Soda, 2 Liter — Soda",Pepsi,False,2 Liter,Beverages,Soft Drinks,Soda,Beverages,Soft Drinks,Soda,6.31
grocery,ACM,ACM,2481245-03,"Doritos Almonds Nuts, 16 oz","Doritos Almonds Nuts, 16 oz — Nuts & Trail Mix",Doritos,False,16 oz,Snacks & Candy,Salty Snacks,Nuts & Trail Mix,Snacks & Candy,Salty Snacks,Nuts & Trail Mix,8.1
grocery,ACM,ACM,2487838-15,"Signature SELECT Pasture-Raised Eggs, Dozen","Signature SELECT Pasture-Raised Eggs, Dozen — Specialty Eggs",Signature SELECT,True,Dozen,Dairy & Eggs,Eggs,Specialty Eggs,Dairy & Eggs,Eggs,Specialty Eggs,5.91
grocery,ACM,ACM,2493627-77,"Charmin Conditioner Hair Care, 12 oz","Charmin Conditioner Hair Care, 12 oz — Hair Care",Charmin,False,12 oz,Home & Health,Personal Care,Hair Care,Health & Household,Personal Care,Hair Care,7.24
grocery,ACM,ACM,2502976-76,"Fairlife Strawberry Yogurt, 32 oz","Fairlife Strawberry Yogurt, 32 oz — Regular Yogurt",Fairlife,False,32 oz,Dairy & Eggs,Yogurt & Cultured,Regular Yogurt,Dairy & Eggs,Yogurt,Regular Yogurt,0.97
grocery,ACM,ACM,2525166-68,"Pepsi Cola Soda, 2 Liter","Pepsi Cola Soda, 2 Liter — Soda",Pepsi,False,2 Liter,Beverages,Soft Drinks,Soda,Beverages,Soft Drinks,Soda,6.25
grocery,ACM,ACM,2529947-21,"Lay's Potato Chips Chips, 8 oz","Lay's Potato Chips Chips, 8 oz — Potato & Tortilla Chips",Lay's,False,8 oz,Snacks & Candy,Salty Snacks,Potato & Tortilla Chips,Snacks & Candy,Salty Snacks,Potato & Tortilla Chips,4.02
grocery,ACM,ACM,2554788-37,"Perdue Tenderloin Pork, per lb","Perdue Tenderloin Pork, per lb — Pork Cuts",Perdue,False,per lb,Meat & Seafood,Pork,Pork Cuts,Meat & Seafood,Pork,Pork Cuts,5.39
grocery,ACM,ACM,2574887-71,"Tide 2-in-1 Hair Care, 20 oz","Tide 2-in-1 Hair Care, 20 oz — Hair Care",Tide,False,20 oz,Home & Health,Personal Care,Hair Care,Health & Household,Personal Care,Hair Care,6.44
grocery,ACM,ACM,2577908-64,"Campbell's Corn Canned, 15 oz","Campbell's Corn Canned, 15 oz — Canned Vegetables & Beans",Campbell's,False,15 oz,Center Store,Canned & Jarred,Canned Vegetables & Beans,Dry Grocery,Canned & Packaged,Canned Vegetables & Beans,1.31
grocery,ACM,ACM,2584714-93,"Bounty Vitamin D Vitamins, 60 ct","Bounty Vitamin D Vitamins, 60 ct — Vitamins & Wellness",Bounty,False,60 ct,Home & Health,Personal Care,Vitamins & Wellness,Health & Household,Personal Care,Vitamins & Wellness,10.98
grocery,ACM,ACM,2589273-12,"Coca-Cola Apple Juice Juice, 64 oz","Coca-Cola Apple Juice Juice, 64 oz — Juice",Coca-Cola,False,64 oz,Beverages,Juice & Tea,Juice,Beverages,Juice & Tea,Juice,4.5
grocery,ACM,ACM,2599286-80,"Organic Valley Cheddar Shredded Cheese, 8 oz","Organic Valley Cheddar Shredded Cheese, 8 oz — Shredded Cheese",Organic Valley,False,8 oz,Dairy & Eggs,Cheese & Deli,Shredded Cheese,Dairy & Eggs,Cheese,Shredded Cheese,4.39
grocery,ACM,ACM,2609262-39,"Pepsi Lemonade Tea, 59 oz","Pepsi Lemonade Tea, 59 oz — Tea & Mixers",Pepsi,False,59 oz,Beverages,Juice & Tea,Tea & Mixers,Beverages,Juice & Tea,Tea & Mixers,4.39
grocery,ACM,ACM,2611385-63,"Tyson Salmon Fillet Seafood, per lb","Tyson Salmon Fillet Seafood, per lb — Fish & Shellfish",Tyson,False,per lb,Meat & Seafood,Fresh Seafood,Fish & Shellfish,Meat & Seafood,Seafood,Fish & Shellfish,12.45
grocery,ACM,ACM,2638271-59,"Fairlife Strawberry Greek Yogurt, 32 oz","Fairlife Strawberry Greek Yogurt, 32 oz — Greek Yogurt",Fairlife,False,32 oz,Dairy & Eggs,Yogurt & Cultured,Greek Yogurt,Dairy & Eggs,Yogurt,Greek Yogurt,1.43
grocery,ACM,ACM,2650659-49,"Stouffer's Lasagna Frozen Meal, family size","Stouffer's Lasagna Frozen Meal, family size — Frozen Entrees",Stouffer's,False,family size,Frozen Foods,Frozen Entrees,Frozen Entrees,Frozen,Frozen Meals,Frozen Entrees,4.18
grocery,ACM,ACM,2655240-85,"Signature SELECT Dark Roast Coffee, 12 oz","Signature SELECT Dark Roast Coffee, 12 oz — Coffee",Signature SELECT,True,12 oz,Center Store,Coffee & Tea,Coffee,Dry Grocery,Coffee & Tea,Coffee,9.34
grocery,ACM,ACM,2659052-57,"Dole Organic Kale Vegetables, bunch","Dole Organic Kale Vegetables, bunch — Organic Vegetables",Dole,False,bunch,Fresh Produce,Fresh Vegetables,Organic Vegetables,Produce,Fresh Vegetables,Organic Vegetables,3.3
grocery,ACM,ACM,2670327-72,"Stouffer's Cheese Pizza, single","Stouffer's Cheese Pizza, single — Frozen Pizza",Stouffer's,False,single,Frozen Foods,Frozen Entrees,Frozen Pizza,Frozen,Frozen Meals,Frozen Pizza,6.18
grocery,ACM,ACM,2670473-36,"Tide Storage Bags Storage, 50 ct","Tide Storage Bags Storage, 50 ct — Food Storage",Tide,False,50 ct,Home & Health,Household Cleaning,Food Storage,Health & Household,Cleaning & Paper,Food Storage,6.43
grocery,ACM,ACM,2677281-64,"Signature SELECT Deodorant Personal Care, 2-pack","Signature SELECT Deodorant Personal Care, 2-pack — Oral & Body Care",Signature SELECT,True,2-pack,Home & Health,Personal Care,Oral & Body Care,Health & Household,Personal Care,Oral & Body Care,4.39
grocery,ACM,ACM,2681000-20,"Perdue Thighs Chicken, per lb","Perdue Thighs Chicken, per lb — Chicken",Perdue,False,per lb,Meat & Seafood,Poultry,Chicken,Meat & Seafood,Poultry,Chicken,5.32
grocery,ACM,ACM,2684045-83,"Signature SELECT Italian Blend Shredded Cheese, 8 oz","Signature SELECT Italian Blend Shredded Cheese, 8 oz — Shredded Cheese",Signature SELECT,True,8 oz,Dairy & Eggs,Cheese & Deli,Shredded Cheese,Dairy & Eggs,Cheese,Shredded Cheese,4.02
grocery,ACM,ACM,2688220-19,"Tostitos Sandwich Cookies Cookies, 13 oz","Tostitos Sandwich Cookies Cookies, 13 oz — Cookies",Tostitos,False,13 oz,Snacks & Candy,Sweets,Cookies,Snacks & Candy,Cookies & Candy,Cookies,4.38
grocery,ACM,ACM,2691879-93,"Driscoll's Organic Apples Fruit, per lb","Driscoll's Organic Apples Fruit, per lb — Organic & Specialty Fruit",Driscoll's,False,per lb,Fresh Produce,Fresh Fruit,Organic & Specialty Fruit,Produce,Fresh Fruit,Organic & Specialty Fruit,4.77
grocery,ACM,ACM,2694355-32,"Gerber Baby Food Pouch Baby Food, 12 oz","Gerber Baby Food Pouch Baby Food, 12 oz — Formula & Baby Food",Gerber,False,12 oz,Baby & Pet,Baby Care,Formula & Baby Food,Baby & Pet,Baby,Formula & Baby Food,17.59
grocery,ACM,ACM,2698495-85,"Signature SELECT Strawberry Yogurt, 6 oz","Signature SELECT Strawberry Yogurt, 6 oz — Regular Yogurt",Signature SELECT,True,6 oz,Dairy & Eggs,Yogurt & Cultured,Regular Yogurt,Dairy & Eggs,Yogurt,Regular Yogurt,0.87
grocery,ACM,ACM,2700519-43,"Signature SELECT Kettle Chips Chips, 13 oz","Signature SELECT Kettle Chips Chips, 13 oz — Potato & Tortilla Chips",Signature SELECT,True,13 oz,Snacks & Candy,Salty Snacks,Potato & Tortilla Chips,Snacks & Candy,Salty Snacks,Potato & Tortilla Chips,4.32
grocery,ACM,ACM,2704853-12,"Dole Yellow Onions Vegetables, 2 lb bag","Dole Yellow Onions Vegetables, 2 lb bag — Everyday Vegetables",Dole,False,2 lb bag,Fresh Produce,Fresh Vegetables,Everyday Vegetables,Produce,Fresh Vegetables,Everyday Vegetables,2.11
grocery,ACM,ACM,2705732-65,"Signature SELECT Almond Milk, Half Gallon","Signature SELECT Almond Milk, Half Gallon — Plant-Based Milk",Signature SELECT,True,Half Gallon,Dairy & Eggs,White Milk,Plant-Based Milk,Dairy & Eggs,Milk,Plant-Based Milk,4.81
grocery,ACM,ACM,2708500-66,"Barilla K-Cups Coffee, 24 oz","Barilla K-Cups Coffee, 24 oz — Coffee",Barilla,False,24 oz,Center Store,Coffee & Tea,Coffee,Dry Grocery,Coffee & Tea,Coffee,8.97
grocery,ACM,ACM,2714501-12,"Signature SELECT Mustard Condiment, 20 oz","Signature SELECT Mustard Condiment, 20 oz — Condiments & Dressings",Signature SELECT,True,20 oz,Center Store,Condiments & Dressings,Condiments & Dressings,Dry Grocery,Condiments,Condiments & Dressings,3.34
grocery,ACM,ACM,2716752-59,"Ben & Jerry's Chicken Alfredo Frozen Meal, 10 oz","Ben & Jerry's Chicken Alfredo Frozen Meal, 10 oz — Frozen Entrees",Ben & Jerry's,False,10 oz,Frozen Foods,Frozen Entrees,Frozen Entrees,Frozen,Frozen Meals,Frozen Entrees,4.81
grocery,ACM,ACM,2717187-80,"Tostitos Queso Salsa, 16 oz","Tostitos Queso Salsa, 16 oz — Salsa & Dips",Tostitos,False,16 oz,Snacks & Candy,Salty Snacks,Salsa & Dips,Snacks & Candy,Salty Snacks,Salsa & Dips,4.29
grocery,ACM,ACM,2734006-95,"Driscoll's Mango Fruit, per lb","Driscoll's Mango Fruit, per lb — Organic & Specialty Fruit",Driscoll's,False,per lb,Fresh Produce,Fresh Fruit,Organic & Specialty Fruit,Produce,Fresh Fruit,Organic & Specialty Fruit,4.85
grocery,ACM,ACM,2741062-97,"Barilla Jasmine Rice Rice, 2 lb","Barilla Jasmine Rice Rice, 2 lb — Rice & Grains",Barilla,False,2 lb,Center Store,Rice & Grains,Rice & Grains,Dry Grocery,Rice & Grains,Rice & Grains,3.44
grocery,ACM,ACM,2741249-01,"Doritos Trail Mix Nuts, 10 oz","Doritos Trail Mix Nuts, 10 oz — Nuts & Trail Mix",Doritos,False,10 oz,Snacks & Candy,Salty Snacks,Nuts & Trail Mix,Snacks & Candy,Salty Snacks,Nuts & Trail Mix,7.84
grocery,ACM,ACM,2749640-71,"Perdue Salmon Fillet Seafood, per lb","Perdue Salmon Fillet Seafood, per lb — Fish & Shellfish",Perdue,False,per lb,Meat & Seafood,Fresh Seafood,Fish & Shellfish,Meat & Seafood,Seafood,Fish & Shellfish,13.14
grocery,ACM,ACM,2752348-10,"Prego Penne Pasta, 16 oz","Prego Penne Pasta, 16 oz — Pasta",Prego,False,16 oz,Center Store,Pasta & Italian,Pasta,Dry Grocery,Pasta & Sauce,Pasta,1.97
grocery,ACM,ACM,2760064-59,"Signature SELECT Hamburger Buns Rolls, 8 ct","Signature SELECT Hamburger Buns Rolls, 8 ct — Buns & Rolls",Signature SELECT,True,8 ct,In-Store Bakery,Sliced Bread,Buns & Rolls,Bakery,Bread,Buns & Rolls,3.29
grocery,ACM,ACM,2778146-96,"Perdue Turkey Lunch Meat, 16 oz","Perdue Turkey Lunch Meat, 16 oz — Lunch Meat",Perdue,False,16 oz,Meat & Seafood,Deli,Lunch Meat,Meat & Seafood,Deli,Lunch Meat,7.05
grocery,ACM,ACM,2783192-16,"Signature SELECT Bleach Cleaner, 24 oz","Signature SELECT Bleach Cleaner, 24 oz — Cleaning Supplies",Signature SELECT,True,24 oz,Home & Health,Household Cleaning,Cleaning Supplies,Health & Household,Cleaning & Paper,Cleaning Supplies,5.12
grocery,ACM,ACM,2796054-47,"Tostitos Hard Candy Candy, 10 oz","Tostitos Hard Candy Candy, 10 oz — Candy & Chocolate",Tostitos,False,10 oz,Snacks & Candy,Sweets,Candy & Chocolate,Snacks & Candy,Cookies & Candy,Candy & Chocolate,4.03
grocery,ACM,ACM,2796229-68,"Signature SELECT Graham Crackers, 12 oz","Signature SELECT Graham Crackers, 12 oz — Crackers",Signature SELECT,True,12 oz,Snacks & Candy,Salty Snacks,Crackers,Snacks & Candy,Salty Snacks,Crackers,3.44
grocery,ACM,ACM,2796959-22,"Signature SELECT Sandwich Cookies Cookies, 18 oz","Signature SELECT Sandwich Cookies Cookies, 18 oz — Cookies",Signature SELECT,True,18 oz,Snacks & Candy,Sweets,Cookies,Snacks & Candy,Cookies & Candy,Cookies,3.96
grocery,ACM,ACM,2797588-23,"Signature SELECT Apple Juice Juice, 52 oz","Signature SELECT Apple Juice Juice, 52 oz — Juice",Signature SELECT,True,52 oz,Beverages,Juice & Tea,Juice,Beverages,Juice & Tea,Juice,4.49
grocery,ACM,ACM,2800775-00,"Bounty Dish Soap Cleaner, 24 oz","Bounty Dish Soap Cleaner, 24 oz — Cleaning Supplies",Bounty,False,24 oz,Home & Health,Household Cleaning,Cleaning Supplies,Health & Household,Cleaning & Paper,Cleaning Supplies,5.15
grocery,ACM,ACM,2813496-07,"Barilla Elbow Macaroni Pasta, 16 oz","Barilla Elbow Macaroni Pasta, 16 oz — Pasta",Barilla,False,16 oz,Center Store,Pasta & Italian,Pasta,Dry Grocery,Pasta & Sauce,Pasta,1.88
grocery,ACM,ACM,2821341-92,"Stouffer's Chocolate Ice Cream, 48 oz","Stouffer's Chocolate Ice Cream, 48 oz — Ice Cream",Stouffer's,False,48 oz,Frozen Foods,Frozen Desserts,Ice Cream,Frozen,Ice Cream & Novelties,Ice Cream,4.84
grocery,ACM,ACM,2821943-08,"Signature SELECT Cashews Nuts, 10 oz","Signature SELECT Cashews Nuts, 10 oz — Nuts & Trail Mix",Signature SELECT,True,10 oz,Snacks & Candy,Salty Snacks,Nuts & Trail Mix,Snacks & Candy,Salty Snacks,Nuts & Trail Mix,7.69
grocery,ACM,ACM,2830874-28,"Sara Lee White Bread, 20 oz loaf","Sara Lee White Bread, 20 oz loaf — Sandwich Bread",Sara Lee,False,20 oz loaf,In-Store Bakery,Sliced Bread,Sandwich Bread,Bakery,Bread,Sandwich Bread,2.77
grocery,ACM,ACM,2841347-98,"Oscar Mayer NY Strip Steak, per lb","Oscar Mayer NY Strip Steak, per lb — Beef Steaks",Oscar Mayer,False,per lb,Meat & Seafood,Beef,Beef Steaks,Meat & Seafood,Beef,Beef Steaks,16.1
grocery,ACM,ACM,2864032-14,"Coca-Cola Fruit Punch Juice, 64 oz","Coca-Cola Fruit Punch Juice, 64 oz — Juice",Coca-Cola,False,64 oz,Beverages,Juice & Tea,Juice,Beverages,Juice & Tea,Juice,4.55
grocery,ACM,ACM,2873452-94,"Perdue Roast Beef Lunch Meat, 9 oz","Perdue Roast Beef Lunch Meat, 9 oz — Lunch Meat",Perdue,False,9 oz,Meat & Seafood,Deli,Lunch Meat,Meat & Seafood,Deli,Lunch Meat,6.79
grocery,ACM,ACM,2875975-36,"Pampers Dry Dog Food Pet Food, 3.5 lb","Pampers Dry Dog Food Pet Food, 3.5 lb — Pet Food",Pampers,False,3.5 lb,Baby & Pet,Pet Care,Pet Food,Baby & Pet,Pet,Pet Food,17.49
grocery,ACM,ACM,2881192-51,"Organic Valley Soy Milk, Half Gallon","Organic Valley Soy Milk, Half Gallon — Plant-Based Milk",Organic Valley,False,Half Gallon,Dairy & Eggs,White Milk,Plant-Based Milk,Dairy & Eggs,Milk,Plant-Based Milk,4.89
grocery,ACM,ACM,2883429-13,"Tyson Drumsticks Chicken, per lb","Tyson Drumsticks Chicken, per lb — Chicken",Tyson,False,per lb,Meat & Seafood,Poultry,Chicken,Meat & Seafood,Poultry,Chicken,4.79
grocery,ACM,ACM,2890943-21,"Signature SELECT Peas Frozen Vegetables, 16 oz","Signature SELECT Peas Frozen Vegetables, 16 oz — Frozen Vegetables",Signature SELECT,True,16 oz,Frozen Foods,Frozen Produce,Frozen Vegetables,Frozen,Frozen Vegetables & Fruit,Frozen Vegetables,2.45
grocery,ACM,ACM,2898332-12,"Signature SELECT American Sliced Cheese, 12 oz","Signature SELECT American Sliced Cheese, 12 oz — Sliced Cheese",Signature SELECT,True,12 oz,Dairy & Eggs,Cheese & Deli,Sliced Cheese,Dairy & Eggs,Cheese,Sliced Cheese,4.14
grocery,ACM,ACM,2904365-42,"Hillshire Farm Tenderloin Pork, per lb","Hillshire Farm Tenderloin Pork, per lb — Pork Cuts",Hillshire Farm,False,per lb,Meat & Seafood,Pork,Pork Cuts,Meat & Seafood,Pork,Pork Cuts,6.0
grocery,ACM,ACM,2915058-70,"Sara Lee Muffins Bakery, 6 ct","Sara Lee Muffins Bakery, 6 ct — Pastries & Bagels",Sara Lee,False,6 ct,In-Store Bakery,Pastries,Pastries & Bagels,Bakery,Bakery Sweets,Pastries & Bagels,4.71
grocery,ACM,ACM,2930526-89,"Barilla Cake Mix Baking, 4 lb","Barilla Cake Mix Baking, 4 lb — Baking Staples",Barilla,False,4 lb,Center Store,Baking Needs,Baking Staples,Dry Grocery,Baking,Baking Staples,3.22
grocery,ACM,ACM,2938860-09,"Prego Italian Dressing Condiment, 16 oz","Prego Italian Dressing Condiment, 16 oz — Condiments & Dressings",Prego,False,16 oz,Center Store,Condiments & Dressings,Condiments & Dressings,Dry Grocery,Condiments,Condiments & Dressings,3.72
grocery,ACM,ACM,2940593-92,"Horizon Cage-Free Large Eggs, 18 ct","Horizon Cage-Free Large Eggs, 18 ct — Grade A Eggs",Horizon,False,18 ct,Dairy & Eggs,Eggs,Grade A Eggs,Dairy & Eggs,Eggs,Grade A Eggs,3.27
grocery,ACM,ACM,2941282-56,"Perdue Breakfast Sausage Bacon, 16 oz","Perdue Breakfast Sausage Bacon, 16 oz — Bacon & Sausage",Perdue,False,16 oz,Meat & Seafood,Pork,Bacon & Sausage,Meat & Seafood,Pork,Bacon & Sausage,7.59
grocery,ACM,ACM,2943648-09,"Signature SELECT American Sliced Cheese, 8 oz","Signature SELECT American Sliced Cheese, 8 oz — Sliced Cheese",Signature SELECT,True,8 oz,Dairy & Eggs,Cheese & Deli,Sliced Cheese,Dairy & Eggs,Cheese,Sliced Cheese,3.92
grocery,ACM,ACM,2944761-58,"Oscar Mayer Bacon Bacon, 12 oz","Oscar Mayer Bacon Bacon, 12 oz — Bacon & Sausage",Oscar Mayer,False,12 oz,Meat & Seafood,Pork,Bacon & Sausage,Meat & Seafood,Pork,Bacon & Sausage,8.26
grocery,ACM,ACM,2946571-01,"Horizon 2% Reduced Fat Milk, Half Gallon","Horizon 2% Reduced Fat Milk, Half Gallon — 2% Reduced-Fat Milk",Horizon,False,Half Gallon,Dairy & Eggs,White Milk,2% Reduced-Fat Milk,Dairy & Eggs,Milk,2% Reduced-Fat Milk,3.35
grocery,ACM,ACM,2948993-97,"Coca-Cola Electrolyte Sports Drink, 12-pack","Coca-Cola Electrolyte Sports Drink, 12-pack — Sports & Energy Drinks",Coca-Cola,False,12-pack,Beverages,Water & Sports Drinks,Sports & Energy Drinks,Beverages,Water & Sports,Sports & Energy Drinks,6.6
grocery,ACM,ACM,2958985-69,"Tide Shampoo Hair Care, 20 oz","Tide Shampoo Hair Care, 20 oz — Hair Care",Tide,False,20 oz,Home & Health,Personal Care,Hair Care,Health & Household,Personal Care,Hair Care,6.04
grocery,ACM,ACM,2959280-77,"Perdue Tilapia Seafood, 12 oz","Perdue Tilapia Seafood, 12 oz — Fish & Shellfish",Perdue,False,12 oz,Meat & Seafood,Fresh Seafood,Fish & Shellfish,Meat & Seafood,Seafood,Fish & Shellfish,15.63
grocery,ACM,ACM,2967225-58,"Doritos Saltines Crackers, 12 oz","Doritos Saltines Crackers, 12 oz — Crackers",Doritos,False,12 oz,Snacks & Candy,Salty Snacks,Crackers,Snacks & Candy,Salty Snacks,Crackers,3.75
grocery,ACM,ACM,2982913-35,"Lay's Hard Candy Candy, 18 oz","Lay's Hard Candy Candy, 18 oz — Candy & Chocolate",Lay's,False,18 oz,Snacks & Candy,Sweets,Candy & Chocolate,Snacks & Candy,Cookies & Candy,Candy & Chocolate,3.62
grocery,ACM,ACM,2992581-99,"Bounty All-Purpose Cleaner Cleaner, 24 oz","Bounty All-Purpose Cleaner Cleaner, 24 oz — Cleaning Supplies",Bounty,False,24 oz,Home & Health,Household Cleaning,Cleaning Supplies,Health & Household,Cleaning & Paper,Cleaning Supplies,4.89
grocery,ACM,ACM,2993279-99,"Oscar Mayer Sirloin Steak, per lb","Oscar Mayer Sirloin Steak, per lb — Beef Steaks",Oscar Mayer,False,per lb,Meat & Seafood,Beef,Beef Steaks,Meat & Seafood,Beef,Beef Steaks,16.77
grocery,ACM,ACM,2993945-46,"Driscoll's Navel Oranges Fruit, per lb","Driscoll's Navel Oranges Fruit, per lb — Bananas & Everyday Fruit",Driscoll's,False,per lb,Fresh Produce,Fresh Fruit,Bananas & Everyday Fruit,Produce,Fresh Fruit,Bananas & Everyday Fruit,2.46
grocery,ACM,ACM,3000551-59,"Doritos Butter Crackers Crackers, 12 oz","Doritos Butter Crackers Crackers, 12 oz — Crackers",Doritos,False,12 oz,Snacks & Candy,Salty Snacks,Crackers,Snacks & Candy,Salty Snacks,Crackers,3.76
grocery,ACM,ACM,3007382-87,"Signature SELECT 93/7 Lean Ground Ground Beef, 1 lb","Signature SELECT 93/7 Lean Ground Ground Beef, 1 lb — Ground Beef",Signature SELECT,True,1 lb,Meat & Seafood,Beef,Ground Beef,Meat & Seafood,Beef,Ground Beef,6.45
grocery,ACM,ACM,3012137-25,"Bounty Fabric Softener Laundry, 50 oz","Bounty Fabric Softener Laundry, 50 oz — Laundry",Bounty,False,50 oz,Home & Health,Household Cleaning,Laundry,Health & Household,Cleaning & Paper,Laundry,13.1
grocery,ACM,ACM,3016056-51,"Prego Instant Oatmeal Oatmeal, 18 oz","Prego Instant Oatmeal Oatmeal, 18 oz — Oatmeal & Hot Cereal",Prego,False,18 oz,Center Store,Breakfast,Oatmeal & Hot Cereal,Dry Grocery,Breakfast & Cereal,Oatmeal & Hot Cereal,4.57
grocery,ACM,ACM,3021273-03,"Prego White Rice Rice, 2 lb","Prego White Rice Rice, 2 lb — Rice & Grains",Prego,False,2 lb,Center Store,Rice & Grains,Rice & Grains,Dry Grocery,Rice & Grains,Rice & Grains,3.49
grocery,ACM,ACM,3023563-88,"Signature SELECT Chicken Noodle Soup, 18 oz","Signature SELECT Chicken Noodle Soup, 18 oz — Canned Soup",Signature SELECT,True,18 oz,Center Store,Canned & Jarred,Canned Soup,Dry Grocery,Canned & Packaged,Canned Soup,2.27
grocery,ACM,ACM,3025444-13,"Dole Russet Potatoes Vegetables, 2 lb bag","Dole Russet Potatoes Vegetables, 2 lb bag — Everyday Vegetables",Dole,False,2 lb bag,Fresh Produce,Fresh Vegetables,Everyday Vegetables,Produce,Fresh Vegetables,Everyday Vegetables,2.13
grocery,ACM,ACM,3060103-52,"Signature SELECT Meat Sauce Sauce, 24 oz","Signature SELECT Meat Sauce Sauce, 24 oz — Pasta Sauce",Signature SELECT,True,24 oz,Center Store,Pasta & Italian,Pasta Sauce,Dry Grocery,Pasta & Sauce,Pasta Sauce,3.55
grocery,ACM,ACM,3065492-42,"Campbell's Tomato Basil Sauce, 24 oz","Campbell's Tomato Basil Sauce, 24 oz — Pasta Sauce",Campbell's,False,24 oz,Center Store,Pasta & Italian,Pasta Sauce,Dry Grocery,Pasta & Sauce,Pasta Sauce,3.7
grocery,ACM,ACM,3080606-44,"Signature SELECT Green Tea Tea, 59 oz","Signature SELECT Green Tea Tea, 59 oz — Tea & Mixers",Signature SELECT,True,59 oz,Beverages,Juice & Tea,Tea & Mixers,Beverages,Juice & Tea,Tea & Mixers,4.06
grocery,ACM,ACM,3084259-88,"Signature SELECT Napkins Paper, 12 roll","Signature SELECT Napkins Paper, 12 roll — Paper Products",Signature SELECT,True,12 roll,Home & Health,Household Cleaning,Paper Products,Health & Household,Cleaning & Paper,Paper Products,11.52
grocery,ACM,ACM,3121477-60,"Signature SELECT Mouthwash Personal Care, single","Signature SELECT Mouthwash Personal Care, single — Oral & Body Care",Signature SELECT,True,single,Home & Health,Personal Care,Oral & Body Care,Health & Household,Personal Care,Oral & Body Care,4.6
grocery,ACM,ACM,3137848-26,"Lay's Tortilla Chips Chips, 13 oz","Lay's Tortilla Chips Chips, 13 oz — Potato & Tortilla Chips",Lay's,False,13 oz,Snacks & Candy,Salty Snacks,Potato & Tortilla Chips,Snacks & Candy,Salty Snacks,Potato & Tortilla Chips,4.26
grocery,ACM,ACM,3157459-35,"Signature SELECT Granola Cereal, 12 oz","Signature SELECT Granola Cereal, 12 oz — Cereal",Signature SELECT,True,12 oz,Center Store,Breakfast,Cereal,Dry Grocery,Breakfast & Cereal,Cereal,4.02
grocery,ACM,ACM,3168841-61,"Signature SELECT Dinner Rolls Rolls, 8 ct","Signature SELECT Dinner Rolls Rolls, 8 ct — Buns & Rolls",Signature SELECT,True,8 ct,In-Store Bakery,Sliced Bread,Buns & Rolls,Bakery,Bread,Buns & Rolls,3.22
grocery,ACM,ACM,3171252-50,"Stouffer's Chicken Alfredo Frozen Meal, family size","Stouffer's Chicken Alfredo Frozen Meal, family size — Frozen Entrees",Stouffer's,False,family size,Frozen Foods,Frozen Entrees,Frozen Entrees,Frozen,Frozen Meals,Frozen Entrees,4.05
grocery,ACM,ACM,3172629-14,"Progresso Spaghetti Pasta, 16 oz","Progresso Spaghetti Pasta, 16 oz — Pasta",Progresso,False,16 oz,Center Store,Pasta & Italian,Pasta,Dry Grocery,Pasta & Sauce,Pasta,2.0
grocery,ACM,ACM,3182050-29,"Signature SELECT Fruit Punch Juice, 64 oz","Signature SELECT Fruit Punch Juice, 64 oz — Juice",Signature SELECT,True,64 oz,Beverages,Juice & Tea,Juice,Beverages,Juice & Tea,Juice,4.46
grocery,ACM,ACM,3192111-86,"Dole Avocado Fruit, per lb","Dole Avocado Fruit, per lb — Organic & Specialty Fruit",Dole,False,per lb,Fresh Produce,Fresh Fruit,Organic & Specialty Fruit,Produce,Fresh Fruit,Organic & Specialty Fruit,4.32
grocery,ACM,ACM,3193477-20,"Tide Liquid Detergent Laundry, 92 oz","Tide Liquid Detergent Laundry, 92 oz — Laundry",Tide,False,92 oz,Home & Health,Household Cleaning,Laundry,Health & Household,Cleaning & Paper,Laundry,12.41
grocery,ACM,ACM,3214688-41,"Tostitos Potato Chips Chips, 13 oz","Tostitos Potato Chips Chips, 13 oz — Potato & Tortilla Chips",Tostitos,False,13 oz,Snacks & Candy,Salty Snacks,Potato & Tortilla Chips,Snacks & Candy,Salty Snacks,Potato & Tortilla Chips,5.03
grocery,ACM,ACM,3221846-54,"Fairlife Vanilla Greek Yogurt, 5.3 oz","Fairlife Vanilla Greek Yogurt, 5.3 oz — Greek Yogurt",Fairlife,False,5.3 oz,Dairy & Eggs,Yogurt & Cultured,Greek Yogurt,Dairy & Eggs,Yogurt,Greek Yogurt,1.33
grocery,ACM,ACM,3225649-28,"Signature SELECT Lasagna Pasta, 16 oz","Signature SELECT Lasagna Pasta, 16 oz — Pasta",Signature SELECT,True,16 oz,Center Store,Pasta & Italian,Pasta,Dry Grocery,Pasta & Sauce,Pasta,1.91
grocery,ACM,ACM,3231781-07,"Charmin Dish Soap Cleaner, 24 oz","Charmin Dish Soap Cleaner, 24 oz — Cleaning Supplies",Charmin,False,24 oz,Home & Health,Household Cleaning,Cleaning Supplies,Health & Household,Cleaning & Paper,Cleaning Supplies,5.44
grocery,ACM,ACM,3232597-67,"Tyson Salmon Fillet Seafood, 12 oz","Tyson Salmon Fillet Seafood, 12 oz — Fish & Shellfish",Tyson,False,12 oz,Meat & Seafood,Fresh Seafood,Fish & Shellfish,Meat & Seafood,Seafood,Fish & Shellfish,12.94
grocery,ACM,ACM,3237602-93,"Horizon Provolone Sliced Cheese, 8 oz","Horizon Provolone Sliced Cheese, 8 oz — Sliced Cheese",Horizon,False,8 oz,Dairy & Eggs,Cheese & Deli,Sliced Cheese,Dairy & Eggs,Cheese,Sliced Cheese,3.78
grocery,ACM,ACM,3238022-38,"Pepsi Green Tea Tea, 59 oz","Pepsi Green Tea Tea, 59 oz — Tea & Mixers",Pepsi,False,59 oz,Beverages,Juice & Tea,Tea & Mixers,Beverages,Juice & Tea,Tea & Mixers,4.27
grocery,ACM,ACM,3246983-84,"Signature SELECT Croissants Bakery, 4 ct","Signature SELECT Croissants Bakery, 4 ct — Pastries & Bagels",Signature SELECT,True,4 ct,In-Store Bakery,Pastries,Pastries & Bagels,Bakery,Bakery Sweets,Pastries & Bagels,4.41
grocery,ACM,ACM,3260727-63,"Progresso Diced Tomatoes Canned, 15 oz","Progresso Diced Tomatoes Canned, 15 oz — Canned Vegetables & Beans",Progresso,False,15 oz,Center Store,Canned & Jarred,Canned Vegetables & Beans,Dry Grocery,Canned & Packaged,Canned Vegetables & Beans,1.34
grocery,ACM,ACM,3266357-38,"Dole Navel Oranges Fruit, per lb","Dole Navel Oranges Fruit, per lb — Bananas & Everyday Fruit",Dole,False,per lb,Fresh Produce,Fresh Fruit,Bananas & Everyday Fruit,Produce,Fresh Fruit,Bananas & Everyday Fruit,2.16
grocery,ACM,ACM,3273938-15,"Signature SELECT Vanilla Ice Cream, 48 oz","Signature SELECT Vanilla Ice Cream, 48 oz — Ice Cream",Signature SELECT,True,48 oz,Frozen Foods,Frozen Desserts,Ice Cream,Frozen,Ice Cream & Novelties,Ice Cream,5.83
grocery,ACM,ACM,3284020-83,"DiGiorno Supreme Pizza, 2-pack","DiGiorno Supreme Pizza, 2-pack — Frozen Pizza",DiGiorno,False,2-pack,Frozen Foods,Frozen Entrees,Frozen Pizza,Frozen,Frozen Meals,Frozen Pizza,6.93
grocery,ACM,ACM,3301576-83,"Dole Mango Fruit, each","Dole Mango Fruit, each — Organic & Specialty Fruit",Dole,False,each,Fresh Produce,Fresh Fruit,Organic & Specialty Fruit,Produce,Fresh Fruit,Organic & Specialty Fruit,4.18
grocery,ACM,ACM,3302291-77,"Tyson 93/7 Lean Ground Ground Beef, 3 lb","Tyson 93/7 Lean Ground Ground Beef, 3 lb — Ground Beef",Tyson,False,3 lb,Meat & Seafood,Beef,Ground Beef,Meat & Seafood,Beef,Ground Beef,5.74
grocery,ACM,ACM,3303929-93,"Lay's Trail Mix Nuts, 10 oz","Lay's Trail Mix Nuts, 10 oz — Nuts & Trail Mix",Lay's,False,10 oz,Snacks & Candy,Salty Snacks,Nuts & Trail Mix,Snacks & Candy,Salty Snacks,Nuts & Trail Mix,7.09
grocery,ACM,ACM,3311221-75,"Driscoll's Raspberries Berries, 2 lb","Driscoll's Raspberries Berries, 2 lb — Berries",Driscoll's,False,2 lb,Fresh Produce,Fresh Fruit,Berries,Produce,Fresh Fruit,Berries,4.02
grocery,ACM,ACM,3312720-62,"Barilla K-Cups Coffee, 12 oz","Barilla K-Cups Coffee, 12 oz — Coffee",Barilla,False,12 oz,Center Store,Coffee & Tea,Coffee,Dry Grocery,Coffee & Tea,Coffee,8.63
grocery,ACM,ACM,3315465-89,"Tide Vitamin D Vitamins, 100 ct","Tide Vitamin D Vitamins, 100 ct — Vitamins & Wellness",Tide,False,100 ct,Home & Health,Personal Care,Vitamins & Wellness,Health & Household,Personal Care,Vitamins & Wellness,9.7
grocery,ACM,ACM,3318421-49,"Horizon Vanilla Greek Yogurt, 32 oz","Horizon Vanilla Greek Yogurt, 32 oz — Greek Yogurt",Horizon,False,32 oz,Dairy & Eggs,Yogurt & Cultured,Greek Yogurt,Dairy & Eggs,Yogurt,Greek Yogurt,1.29
grocery,ACM,ACM,3318811-18,"Signature SELECT Mint Chip Ice Cream, 48 oz","Signature SELECT Mint Chip Ice Cream, 48 oz — Ice Cream",Signature SELECT,True,48 oz,Frozen Foods,Frozen Desserts,Ice Cream,Frozen,Ice Cream & Novelties,Ice Cream,6.01
grocery,ACM,ACM,3327612-22,"Pampers Infant Formula Baby Food, 12 oz","Pampers Infant Formula Baby Food, 12 oz — Formula & Baby Food",Pampers,False,12 oz,Baby & Pet,Baby Care,Formula & Baby Food,Baby & Pet,Baby,Formula & Baby Food,13.06
grocery,ACM,ACM,3338912-79,"Fairlife Italian Blend Shredded Cheese, 16 oz","Fairlife Italian Blend Shredded Cheese, 16 oz — Shredded Cheese",Fairlife,False,16 oz,Dairy & Eggs,Cheese & Deli,Shredded Cheese,Dairy & Eggs,Cheese,Shredded Cheese,4.65
grocery,ACM,ACM,3344292-32,"Progresso Corn Flakes Cereal, 12 oz","Progresso Corn Flakes Cereal, 12 oz — Cereal",Progresso,False,12 oz,Center Store,Breakfast,Cereal,Dry Grocery,Breakfast & Cereal,Cereal,4.85
grocery,ACM,ACM,3365089-80,"Oscar Mayer Shrimp Seafood, per lb","Oscar Mayer Shrimp Seafood, per lb — Fish & Shellfish",Oscar Mayer,False,per lb,Meat & Seafood,Fresh Seafood,Fish & Shellfish,Meat & Seafood,Seafood,Fish & Shellfish,15.89
grocery,ACM,ACM,3375110-62,"Nature's Own Bagels Bakery, 6 ct","Nature's Own Bagels Bakery, 6 ct — Pastries & Bagels",Nature's Own,False,6 ct,In-Store Bakery,Pastries,Pastries & Bagels,Bakery,Bakery Sweets,Pastries & Bagels,3.85
grocery,ACM,ACM,3393142-23,"Pampers Baby Food Pouch Baby Food, 12 oz","Pampers Baby Food Pouch Baby Food, 12 oz — Formula & Baby Food",Pampers,False,12 oz,Baby & Pet,Baby Care,Formula & Baby Food,Baby & Pet,Baby,Formula & Baby Food,13.33
grocery,ACM,ACM,3399766-94,"Perdue NY Strip Steak, per lb","Perdue NY Strip Steak, per lb — Beef Steaks",Perdue,False,per lb,Meat & Seafood,Beef,Beef Steaks,Meat & Seafood,Beef,Beef Steaks,16.16
grocery,ACM,ACM,3404986-42,"Doritos Fun Size Mix Candy, 18 oz","Doritos Fun Size Mix Candy, 18 oz — Candy & Chocolate",Doritos,False,18 oz,Snacks & Candy,Sweets,Candy & Chocolate,Snacks & Candy,Cookies & Candy,Candy & Chocolate,3.87
grocery,ACM,ACM,3419654-31,"Doritos Kettle Chips Chips, 8 oz","Doritos Kettle Chips Chips, 8 oz — Potato & Tortilla Chips",Doritos,False,8 oz,Snacks & Candy,Salty Snacks,Potato & Tortilla Chips,Snacks & Candy,Salty Snacks,Potato & Tortilla Chips,4.43
grocery,ACM,ACM,3425467-96,"Barilla Brown Rice Rice, 2 lb","Barilla Brown Rice Rice, 2 lb — Rice & Grains",Barilla,False,2 lb,Center Store,Rice & Grains,Rice & Grains,Dry Grocery,Rice & Grains,Rice & Grains,3.14
grocery,ACM,ACM,3434446-97,"Lay's Trail Mix Nuts, 16 oz","Lay's Trail Mix Nuts, 16 oz — Nuts & Trail Mix",Lay's,False,16 oz,Snacks & Candy,Salty Snacks,Nuts & Trail Mix,Snacks & Candy,Salty Snacks,Nuts & Trail Mix,7.3
grocery,ACM,ACM,3435782-59,"Coca-Cola Diet Cola Soda, 2 Liter","Coca-Cola Diet Cola Soda, 2 Liter — Soda",Coca-Cola,False,2 Liter,Beverages,Soft Drinks,Soda,Beverages,Soft Drinks,Soda,5.79
grocery,ACM,ACM,3441943-94,"Lay's Mixed Nuts Nuts, 16 oz","Lay's Mixed Nuts Nuts, 16 oz — Nuts & Trail Mix",Lay's,False,16 oz,Snacks & Candy,Salty Snacks,Nuts & Trail Mix,Snacks & Candy,Salty Snacks,Nuts & Trail Mix,7.14
grocery,ACM,ACM,3453225-71,"Pepsi Root Beer Soda, 2 Liter","Pepsi Root Beer Soda, 2 Liter — Soda",Pepsi,False,2 Liter,Beverages,Soft Drinks,Soda,Beverages,Soft Drinks,Soda,6.16
grocery,ACM,ACM,3455457-66,"Signature SELECT Diced Tomatoes Canned, 15 oz","Signature SELECT Diced Tomatoes Canned, 15 oz — Canned Vegetables & Beans",Signature SELECT,True,15 oz,Center Store,Canned & Jarred,Canned Vegetables & Beans,Dry Grocery,Canned & Packaged,Canned Vegetables & Beans,1.26
grocery,ACM,ACM,3457653-28,"Huggies Baby Food Pouch Baby Food, 12 oz","Huggies Baby Food Pouch Baby Food, 12 oz — Formula & Baby Food",Huggies,False,12 oz,Baby & Pet,Baby Care,Formula & Baby Food,Baby & Pet,Baby,Formula & Baby Food,15.24
grocery,ACM,ACM,3461276-34,"Organic Valley Gouda Cheese, 6 oz","Organic Valley Gouda Cheese, 6 oz — Specialty Cheese",Organic Valley,False,6 oz,Dairy & Eggs,Cheese & Deli,Specialty Cheese,Dairy & Eggs,Cheese,Specialty Cheese,7.24
grocery,ACM,ACM,3461449-55,"Signature SELECT Alfredo Sauce, 24 oz","Signature SELECT Alfredo Sauce, 24 oz — Pasta Sauce",Signature SELECT,True,24 oz,Center Store,Pasta & Italian,Pasta Sauce,Dry Grocery,Pasta & Sauce,Pasta Sauce,3.58
grocery,ACM,ACM,3465567-86,"Signature SELECT Vegetable Soup, 10.5 oz","Signature SELECT Vegetable Soup, 10.5 oz — Canned Soup",Signature SELECT,True,10.5 oz,Center Store,Canned & Jarred,Canned Soup,Dry Grocery,Canned & Packaged,Canned Soup,2.28
grocery,ACM,ACM,3467178-82,"Oreo Mild Salsa Salsa, 16 oz","Oreo Mild Salsa Salsa, 16 oz — Salsa & Dips",Oreo,False,16 oz,Snacks & Candy,Salty Snacks,Salsa & Dips,Snacks & Candy,Salty Snacks,Salsa & Dips,4.38
grocery,ACM,ACM,3468846-41,"Dole Spring Mix Salad, 12 oz","Dole Spring Mix Salad, 12 oz — Salad & Greens",Dole,False,12 oz,Fresh Produce,Fresh Vegetables,Salad & Greens,Produce,Fresh Vegetables,Salad & Greens,3.24
grocery,ACM,ACM,3471742-42,"Signature SELECT Parmesan Wedge Cheese, 8 oz","Signature SELECT Parmesan Wedge Cheese, 8 oz — Specialty Cheese",Signature SELECT,True,8 oz,Dairy & Eggs,Cheese & Deli,Specialty Cheese,Dairy & Eggs,Cheese,Specialty Cheese,6.61
grocery,ACM,ACM,3477307-21,"Signature SELECT Diapers Size 1 Baby, box","Signature SELECT Diapers Size 1 Baby, box — Diapers & Wipes",Signature SELECT,True,box,Baby & Pet,Baby Care,Diapers & Wipes,Baby & Pet,Baby,Diapers & Wipes,25.95
grocery,ACM,ACM,3481221-96,"Signature SELECT Large Grade A Eggs, 18 ct","Signature SELECT Large Grade A Eggs, 18 ct — Grade A Eggs",Signature SELECT,True,18 ct,Dairy & Eggs,Eggs,Grade A Eggs,Dairy & Eggs,Eggs,Grade A Eggs,3.0
grocery,ACM,ACM,3481699-15,"Huggies Diapers Size 1 Baby, box","Huggies Diapers Size 1 Baby, box — Diapers & Wipes",Huggies,False,box,Baby & Pet,Baby Care,Diapers & Wipes,Baby & Pet,Baby,Diapers & Wipes,25.87
grocery,ACM,ACM,3485128-66,"Horizon Mozzarella Shredded Cheese, 8 oz","Horizon Mozzarella Shredded Cheese, 8 oz — Shredded Cheese",Horizon,False,8 oz,Dairy & Eggs,Cheese & Deli,Shredded Cheese,Dairy & Eggs,Cheese,Shredded Cheese,3.81
grocery,ACM,ACM,3495565-67,"Signature SELECT Blueberry Greek Yogurt, 32 oz","Signature SELECT Blueberry Greek Yogurt, 32 oz — Greek Yogurt",Signature SELECT,True,32 oz,Dairy & Eggs,Yogurt & Cultured,Greek Yogurt,Dairy & Eggs,Yogurt,Greek Yogurt,1.37
grocery,ACM,ACM,3496546-32,"Doritos Ruffles Chips, 8 oz","Doritos Ruffles Chips, 8 oz — Potato & Tortilla Chips",Doritos,False,8 oz,Snacks & Candy,Salty Snacks,Potato & Tortilla Chips,Snacks & Candy,Salty Snacks,Potato & Tortilla Chips,4.42
grocery,ACM,ACM,3508734-73,"Fairlife Cheddar Shredded Cheese, 8 oz","Fairlife Cheddar Shredded Cheese, 8 oz — Shredded Cheese",Fairlife,False,8 oz,Dairy & Eggs,Cheese & Deli,Shredded Cheese,Dairy & Eggs,Cheese,Shredded Cheese,4.17
grocery,ACM,ACM,3511581-38,"Progresso Tomato Basil Sauce, 24 oz","Progresso Tomato Basil Sauce, 24 oz — Pasta Sauce",Progresso,False,24 oz,Center Store,Pasta & Italian,Pasta Sauce,Dry Grocery,Pasta & Sauce,Pasta Sauce,3.47
grocery,ACM,ACM,3516602-17,"Barilla Raisin Bran Cereal, 12 oz","Barilla Raisin Bran Cereal, 12 oz — Cereal",Barilla,False,12 oz,Center Store,Breakfast,Cereal,Dry Grocery,Breakfast & Cereal,Cereal,4.09
grocery,ACM,ACM,3519865-94,"Tide Bleach Cleaner, 24 oz","Tide Bleach Cleaner, 24 oz — Cleaning Supplies",Tide,False,24 oz,Home & Health,Household Cleaning,Cleaning Supplies,Health & Household,Cleaning & Paper,Cleaning Supplies,4.77
grocery,ACM,ACM,3524322-92,"Bounty Multivitamin Vitamins, 60 ct","Bounty Multivitamin Vitamins, 60 ct — Vitamins & Wellness",Bounty,False,60 ct,Home & Health,Personal Care,Vitamins & Wellness,Health & Household,Personal Care,Vitamins & Wellness,10.81
grocery,ACM,ACM,3540543-92,"Horizon American Sliced Cheese, 8 oz","Horizon American Sliced Cheese, 8 oz — Sliced Cheese",Horizon,False,8 oz,Dairy & Eggs,Cheese & Deli,Sliced Cheese,Dairy & Eggs,Cheese,Sliced Cheese,3.46
grocery,ACM,ACM,3545174-40,"Signature SELECT Trash Bags Storage, 13 gal","Signature SELECT Trash Bags Storage, 13 gal — Food Storage",Signature SELECT,True,13 gal,Home & Health,Household Cleaning,Food Storage,Health & Household,Cleaning & Paper,Food Storage,6.15
grocery,ACM,ACM,3553781-07,"Signature SELECT Electrolyte Sports Drink, 12-pack","Signature SELECT Electrolyte Sports Drink, 12-pack — Sports & Energy Drinks",Signature SELECT,True,12-pack,Beverages,Water & Sports Drinks,Sports & Energy Drinks,Beverages,Water & Sports,Sports & Energy Drinks,7.02
grocery,ACM,ACM,3559844-52,"Fresh Express Bananas Fruit, per lb","Fresh Express Bananas Fruit, per lb — Bananas & Everyday Fruit",Fresh Express,False,per lb,Fresh Produce,Fresh Fruit,Bananas & Everyday Fruit,Produce,Fresh Fruit,Bananas & Everyday Fruit,2.54
grocery,ACM,ACM,3600651-88,"Coca-Cola Sparkling Water Water, 24-pack","Coca-Cola Sparkling Water Water, 24-pack — Water",Coca-Cola,False,24-pack,Beverages,Water & Sports Drinks,Water,Beverages,Water & Sports,Water,4.63
grocery,ACM,ACM,3610356-87,"Bounty Paper Towels Paper, 6 roll","Bounty Paper Towels Paper, 6 roll — Paper Products",Bounty,False,6 roll,Home & Health,Household Cleaning,Paper Products,Health & Household,Cleaning & Paper,Paper Products,12.02
grocery,ACM,ACM,3627748-39,"Signature SELECT Honey Wheat Bread, 20 oz loaf","Signature SELECT Honey Wheat Bread, 20 oz loaf — Sandwich Bread",Signature SELECT,True,20 oz loaf,In-Store Bakery,Sliced Bread,Sandwich Bread,Bakery,Bread,Sandwich Bread,2.71
grocery,ACM,ACM,3631579-73,"Perdue Tilapia Seafood, per lb","Perdue Tilapia Seafood, per lb — Fish & Shellfish",Perdue,False,per lb,Meat & Seafood,Fresh Seafood,Fish & Shellfish,Meat & Seafood,Seafood,Fish & Shellfish,14.23
grocery,ACM,ACM,3640932-22,"Lay's Tortilla Chips Chips, 8 oz","Lay's Tortilla Chips Chips, 8 oz — Potato & Tortilla Chips",Lay's,False,8 oz,Snacks & Candy,Salty Snacks,Potato & Tortilla Chips,Snacks & Candy,Salty Snacks,Potato & Tortilla Chips,4.06
grocery,ACM,ACM,3642754-76,"Barilla Vegetable Soup, 18 oz","Barilla Vegetable Soup, 18 oz — Canned Soup",Barilla,False,18 oz,Center Store,Canned & Jarred,Canned Soup,Dry Grocery,Canned & Packaged,Canned Soup,2.3
grocery,ACM,ACM,3645227-55,"Fairlife Strawberry Greek Yogurt, 5.3 oz","Fairlife Strawberry Greek Yogurt, 5.3 oz — Greek Yogurt",Fairlife,False,5.3 oz,Dairy & Eggs,Yogurt & Cultured,Greek Yogurt,Dairy & Eggs,Yogurt,Greek Yogurt,1.39
grocery,ACM,ACM,3654856-11,"Coca-Cola Fruit Punch Juice, 52 oz","Coca-Cola Fruit Punch Juice, 52 oz — Juice",Coca-Cola,False,52 oz,Beverages,Juice & Tea,Juice,Beverages,Juice & Tea,Juice,4.03
grocery,ACM,ACM,3655073-26,"Signature SELECT Rotini Pasta, 16 oz","Signature SELECT Rotini Pasta, 16 oz — Pasta",Signature SELECT,True,16 oz,Center Store,Pasta & Italian,Pasta,Dry Grocery,Pasta & Sauce,Pasta,2.0
grocery,ACM,ACM,3671107-01,"Signature SELECT Ham Lunch Meat, 9 oz","Signature SELECT Ham Lunch Meat, 9 oz — Lunch Meat",Signature SELECT,True,9 oz,Meat & Seafood,Deli,Lunch Meat,Meat & Seafood,Deli,Lunch Meat,6.87
grocery,ACM,ACM,3671886-41,"Pampers Cat Treats Pet, 16 oz","Pampers Cat Treats Pet, 16 oz — Pet Treats & Supplies",Pampers,False,16 oz,Baby & Pet,Pet Care,Pet Treats & Supplies,Baby & Pet,Pet,Pet Treats & Supplies,6.18
grocery,ACM,ACM,3672733-12,"Tyson Thighs Chicken, per lb","Tyson Thighs Chicken, per lb — Chicken",Tyson,False,per lb,Meat & Seafood,Poultry,Chicken,Meat & Seafood,Poultry,Chicken,4.63
grocery,ACM,ACM,3690880-68,"Horizon Italian Blend Shredded Cheese, 8 oz","Horizon Italian Blend Shredded Cheese, 8 oz — Shredded Cheese",Horizon,False,8 oz,Dairy & Eggs,Cheese & Deli,Shredded Cheese,Dairy & Eggs,Cheese,Shredded Cheese,4.12
grocery,ACM,ACM,3691319-02,"Gatorade Sports Drink Variety Sports Drink, 8-pack","Gatorade Sports Drink Variety Sports Drink, 8-pack — Sports & Energy Drinks",Gatorade,False,8-pack,Beverages,Water & Sports Drinks,Sports & Energy Drinks,Beverages,Water & Sports,Sports & Energy Drinks,7.16
grocery,ACM,ACM,3691742-13,"Coca-Cola Cranberry Juice, 64 oz","Coca-Cola Cranberry Juice, 64 oz — Juice",Coca-Cola,False,64 oz,Beverages,Juice & Tea,Juice,Beverages,Juice & Tea,Juice,4.43
grocery,ACM,ACM,3700443-72,"Sara Lee Croissants Bakery, 6 ct","Sara Lee Croissants Bakery, 6 ct — Pastries & Bagels",Sara Lee,False,6 ct,In-Store Bakery,Pastries,Pastries & Bagels,Bakery,Bakery Sweets,Pastries & Bagels,4.86
grocery,ACM,ACM,3701199-63,"Signature SELECT Soy Milk, Half Gallon","Signature SELECT Soy Milk, Half Gallon — Plant-Based Milk",Signature SELECT,True,Half Gallon,Dairy & Eggs,White Milk,Plant-Based Milk,Dairy & Eggs,Milk,Plant-Based Milk,4.85
grocery,ACM,ACM,3719404-92,"Perdue Turkey Lunch Meat, 9 oz","Perdue Turkey Lunch Meat, 9 oz — Lunch Meat",Perdue,False,9 oz,Meat & Seafood,Deli,Lunch Meat,Meat & Seafood,Deli,Lunch Meat,7.04
grocery,ACM,ACM,3721154-23,"Bounty Liquid Detergent Laundry, 50 oz","Bounty Liquid Detergent Laundry, 50 oz — Laundry",Bounty,False,50 oz,Home & Health,Household Cleaning,Laundry,Health & Household,Cleaning & Paper,Laundry,13.4
grocery,ACM,ACM,3723253-17,"Doritos Sandwich Cookies Cookies, 18 oz","Doritos Sandwich Cookies Cookies, 18 oz — Cookies",Doritos,False,18 oz,Snacks & Candy,Sweets,Cookies,Snacks & Candy,Cookies & Candy,Cookies,4.07
grocery,ACM,ACM,3723730-25,"Nature's Own Wheat Bread, 20 oz loaf","Nature's Own Wheat Bread, 20 oz loaf — Sandwich Bread",Nature's Own,False,20 oz loaf,In-Store Bakery,Sliced Bread,Sandwich Bread,Bakery,Bread,Sandwich Bread,2.71
grocery,ACM,ACM,3735005-41,"Hillshire Farm Chops Pork, per lb","Hillshire Farm Chops Pork, per lb — Pork Cuts",Hillshire Farm,False,per lb,Meat & Seafood,Pork,Pork Cuts,Meat & Seafood,Pork,Pork Cuts,6.15
grocery,ACM,ACM,3738618-76,"Fairlife Italian Blend Shredded Cheese, 8 oz","Fairlife Italian Blend Shredded Cheese, 8 oz — Shredded Cheese",Fairlife,False,8 oz,Dairy & Eggs,Cheese & Deli,Shredded Cheese,Dairy & Eggs,Cheese,Shredded Cheese,4.28
grocery,ACM,ACM,3744020-57,"Coca-Cola Ginger Ale Soda, 12-pack cans","Coca-Cola Ginger Ale Soda, 12-pack cans — Soda",Coca-Cola,False,12-pack cans,Beverages,Soft Drinks,Soda,Beverages,Soft Drinks,Soda,5.29
grocery,ACM,ACM,3749990-02,"Barilla Quinoa Rice, 5 lb","Barilla Quinoa Rice, 5 lb — Rice & Grains",Barilla,False,5 lb,Center Store,Rice & Grains,Rice & Grains,Dry Grocery,Rice & Grains,Rice & Grains,3.42
grocery,ACM,ACM,3753983-56,"Fresh Express Bananas Fruit, 3 lb bag","Fresh Express Bananas Fruit, 3 lb bag — Bananas & Everyday Fruit",Fresh Express,False,3 lb bag,Fresh Produce,Fresh Fruit,Bananas & Everyday Fruit,Produce,Fresh Fruit,Bananas & Everyday Fruit,2.64
grocery,ACM,ACM,3754570-34,"Coca-Cola Iced Tea Tea, gallon","Coca-Cola Iced Tea Tea, gallon — Tea & Mixers",Coca-Cola,False,gallon,Beverages,Juice & Tea,Tea & Mixers,Beverages,Juice & Tea,Tea & Mixers,4.04
grocery,ACM,ACM,3757715-89,"Horizon Cage-Free Large Eggs, Dozen","Horizon Cage-Free Large Eggs, Dozen — Grade A Eggs",Horizon,False,Dozen,Dairy & Eggs,Eggs,Grade A Eggs,Dairy & Eggs,Eggs,Grade A Eggs,3.2
grocery,ACM,ACM,3757927-97,"Stouffer's Cookies & Cream Ice Cream, 1 pint","Stouffer's Cookies & Cream Ice Cream, 1 pint — Ice Cream",Stouffer's,False,1 pint,Frozen Foods,Frozen Desserts,Ice Cream,Frozen,Ice Cream & Novelties,Ice Cream,5.59
grocery,ACM,ACM,3768024-68,"Signature SELECT Chickpeas Canned, 15 oz","Signature SELECT Chickpeas Canned, 15 oz — Canned Vegetables & Beans",Signature SELECT,True,15 oz,Center Store,Canned & Jarred,Canned Vegetables & Beans,Dry Grocery,Canned & Packaged,Canned Vegetables & Beans,1.24
grocery,ACM,ACM,3776859-80,"Perdue 80/20 Ground Ground Beef, 3 lb","Perdue 80/20 Ground Ground Beef, 3 lb — Ground Beef",Perdue,False,3 lb,Meat & Seafood,Beef,Ground Beef,Meat & Seafood,Beef,Ground Beef,6.7
grocery,ACM,ACM,3777820-67,"Tide Conditioner Hair Care, 12 oz","Tide Conditioner Hair Care, 12 oz — Hair Care",Tide,False,12 oz,Home & Health,Personal Care,Hair Care,Health & Household,Personal Care,Hair Care,6.03
grocery,ACM,ACM,3792029-11,"Tyson Boneless Skinless Breast Chicken, per lb","Tyson Boneless Skinless Breast Chicken, per lb — Chicken",Tyson,False,per lb,Meat & Seafood,Poultry,Chicken,Meat & Seafood,Poultry,Chicken,4.68
grocery,ACM,ACM,3798041-01,"Fresh Express Organic Apples Fruit, per lb","Fresh Express Organic Apples Fruit, per lb — Organic & Specialty Fruit",Fresh Express,False,per lb,Fresh Produce,Fresh Fruit,Organic & Specialty Fruit,Produce,Fresh Fruit,Organic & Specialty Fruit,5.06
grocery,ACM,ACM,3806329-20,"Fairlife Whole Milk, Half Gallon","Fairlife Whole Milk, Half Gallon — Whole Milk",Fairlife,False,Half Gallon,Dairy & Eggs,White Milk,Whole Milk,Dairy & Eggs,Milk,Whole Milk,3.85
grocery,ACM,ACM,3812753-44,"Driscoll's Caesar Kit Salad, 5 oz","Driscoll's Caesar Kit Salad, 5 oz — Salad & Greens",Driscoll's,False,5 oz,Fresh Produce,Fresh Vegetables,Salad & Greens,Produce,Fresh Vegetables,Salad & Greens,3.25
grocery,ACM,ACM,3818087-99,"Signature SELECT Pain Relief Vitamins, 100 ct","Signature SELECT Pain Relief Vitamins, 100 ct — Vitamins & Wellness",Signature SELECT,True,100 ct,Home & Health,Personal Care,Vitamins & Wellness,Health & Household,Personal Care,Vitamins & Wellness,9.7
grocery,ACM,ACM,3831982-93,"Stouffer's Cookies & Cream Ice Cream, 48 oz","Stouffer's Cookies & Cream Ice Cream, 48 oz — Ice Cream",Stouffer's,False,48 oz,Frozen Foods,Frozen Desserts,Ice Cream,Frozen,Ice Cream & Novelties,Ice Cream,4.9
grocery,ACM,ACM,3859966-54,"Perdue Italian Sausage Bacon, 12 oz","Perdue Italian Sausage Bacon, 12 oz — Bacon & Sausage",Perdue,False,12 oz,Meat & Seafood,Pork,Bacon & Sausage,Meat & Seafood,Pork,Bacon & Sausage,7.8
grocery,ACM,ACM,3868879-46,"Signature SELECT Ribs Pork, per lb","Signature SELECT Ribs Pork, per lb — Pork Cuts",Signature SELECT,True,per lb,Meat & Seafood,Pork,Pork Cuts,Meat & Seafood,Pork,Pork Cuts,5.87
grocery,ACM,ACM,3886958-47,"Tyson Breakfast Sausage Bacon, 12 oz","Tyson Breakfast Sausage Bacon, 12 oz — Bacon & Sausage",Tyson,False,12 oz,Meat & Seafood,Pork,Bacon & Sausage,Meat & Seafood,Pork,Bacon & Sausage,6.88
grocery,ACM,ACM,3909870-49,"Tyson Bacon Bacon, 16 oz","Tyson Bacon Bacon, 16 oz — Bacon & Sausage",Tyson,False,16 oz,Meat & Seafood,Pork,Bacon & Sausage,Meat & Seafood,Pork,Bacon & Sausage,7.06
grocery,ACM,ACM,3926650-19,"Fairlife Salted Butter, 16 oz","Fairlife Salted Butter, 16 oz — Butter",Fairlife,False,16 oz,Dairy & Eggs,Butter & Spreads,Butter,Dairy & Eggs,Butter & Margarine,Butter,4.15
grocery,ACM,ACM,3930166-79,"DiGiorno Pepperoni Pizza, single","DiGiorno Pepperoni Pizza, single — Frozen Pizza",DiGiorno,False,single,Frozen Foods,Frozen Entrees,Frozen Pizza,Frozen,Frozen Meals,Frozen Pizza,6.73
grocery,ACM,ACM,3936378-78,"Charmin 2-in-1 Hair Care, 12 oz","Charmin 2-in-1 Hair Care, 12 oz — Hair Care",Charmin,False,12 oz,Home & Health,Personal Care,Hair Care,Health & Household,Personal Care,Hair Care,7.48
grocery,ACM,ACM,3946811-07,"Prego White Rice Rice, 5 lb","Prego White Rice Rice, 5 lb — Rice & Grains",Prego,False,5 lb,Center Store,Rice & Grains,Rice & Grains,Dry Grocery,Rice & Grains,Rice & Grains,3.64
grocery,ACM,ACM,3965374-39,"Signature SELECT Gouda Cheese, 8 oz","Signature SELECT Gouda Cheese, 8 oz — Specialty Cheese",Signature SELECT,True,8 oz,Dairy & Eggs,Cheese & Deli,Specialty Cheese,Dairy & Eggs,Cheese,Specialty Cheese,6.88
grocery,ACM,ACM,3965752-76,"Perdue Shrimp Seafood, 12 oz","Perdue Shrimp Seafood, 12 oz — Fish & Shellfish",Perdue,False,12 oz,Meat & Seafood,Fresh Seafood,Fish & Shellfish,Meat & Seafood,Seafood,Fish & Shellfish,14.14
grocery,ACM,ACM,3965847-54,"Fresh Express Navel Oranges Fruit, per lb","Fresh Express Navel Oranges Fruit, per lb — Bananas & Everyday Fruit",Fresh Express,False,per lb,Fresh Produce,Fresh Fruit,Bananas & Everyday Fruit,Produce,Fresh Fruit,Bananas & Everyday Fruit,2.76
grocery,ACM,ACM,3973806-12,"Signature SELECT Chocolate Ice Cream, 1 pint","Signature SELECT Chocolate Ice Cream, 1 pint — Ice Cream",Signature SELECT,True,1 pint,Frozen Foods,Frozen Desserts,Ice Cream,Frozen,Ice Cream & Novelties,Ice Cream,5.43
grocery,ACM,ACM,3981510-05,"Signature SELECT Sports Drink Variety Sports Drink, 12-pack","Signature SELECT Sports Drink Variety Sports Drink, 12-pack — Sports & Energy Drinks",Signature SELECT,True,12-pack,Beverages,Water & Sports Drinks,Sports & Energy Drinks,Beverages,Water & Sports,Sports & Energy Drinks,6.61
grocery,ACM,ACM,3989803-95,"Barilla Mayonnaise Condiment, 16 oz","Barilla Mayonnaise Condiment, 16 oz — Condiments & Dressings",Barilla,False,16 oz,Center Store,Condiments & Dressings,Condiments & Dressings,Dry Grocery,Condiments,Condiments & Dressings,3.24
grocery,ACM,ACM,3995894-34,"Signature SELECT Liquid Detergent Laundry, 50 oz","Signature SELECT Liquid Detergent Laundry, 50 oz — Laundry",Signature SELECT,True,50 oz,Home & Health,Household Cleaning,Laundry,Health & Household,Cleaning & Paper,Laundry,13.63
grocery,ACM,ACM,4007950-32,"Fresh Express Yellow Onions Vegetables, 2 lb bag","Fresh Express Yellow Onions Vegetables, 2 lb bag — Everyday Vegetables",Fresh Express,False,2 lb bag,Fresh Produce,Fresh Vegetables,Everyday Vegetables,Produce,Fresh Vegetables,Everyday Vegetables,2.41
grocery,ACM,ACM,4009577-28,"Lay's Ruffles Chips, 13 oz","Lay's Ruffles Chips, 13 oz — Potato & Tortilla Chips",Lay's,False,13 oz,Snacks & Candy,Salty Snacks,Potato & Tortilla Chips,Snacks & Candy,Salty Snacks,Potato & Tortilla Chips,4.25
grocery,ACM,ACM,4014909-20,"Signature SELECT Mayonnaise Condiment, 20 oz","Signature SELECT Mayonnaise Condiment, 20 oz — Condiments & Dressings",Signature SELECT,True,20 oz,Center Store,Condiments & Dressings,Condiments & Dressings,Dry Grocery,Condiments,Condiments & Dressings,3.5
grocery,ACM,ACM,4015453-65,"Dole Strawberries Berries, 2 lb","Dole Strawberries Berries, 2 lb — Berries",Dole,False,2 lb,Fresh Produce,Fresh Fruit,Berries,Produce,Fresh Fruit,Berries,3.64
grocery,ACM,ACM,4015981-47,"Ragu Alfredo Sauce, 24 oz","Ragu Alfredo Sauce, 24 oz — Pasta Sauce",Ragu,False,24 oz,Center Store,Pasta & Italian,Pasta Sauce,Dry Grocery,Pasta & Sauce,Pasta Sauce,4.04
grocery,ACM,ACM,4017244-86,"Signature SELECT Cheese Pizza, single","Signature SELECT Cheese Pizza, single — Frozen Pizza",Signature SELECT,True,single,Frozen Foods,Frozen Entrees,Frozen Pizza,Frozen,Frozen Meals,Frozen Pizza,6.42
grocery,ACM,ACM,4019912-34,"Signature SELECT Carrots Vegetables, 2 lb bag","Signature SELECT Carrots Vegetables, 2 lb bag — Everyday Vegetables",Signature SELECT,True,2 lb bag,Fresh Produce,Fresh Vegetables,Everyday Vegetables,Produce,Fresh Vegetables,Everyday Vegetables,2.1
grocery,ACM,ACM,4024043-50,"Organic Valley Oat Milk, Half Gallon","Organic Valley Oat Milk, Half Gallon — Plant-Based Milk",Organic Valley,False,Half Gallon,Dairy & Eggs,White Milk,Plant-Based Milk,Dairy & Eggs,Milk,Plant-Based Milk,4.92
grocery,ACM,ACM,4024762-48,"Stouffer's Pot Pie Frozen Meal, 10 oz","Stouffer's Pot Pie Frozen Meal, 10 oz — Frozen Entrees",Stouffer's,False,10 oz,Frozen Foods,Frozen Entrees,Frozen Entrees,Frozen,Frozen Meals,Frozen Entrees,4.23
grocery,ACM,ACM,4034541-02,"Bounty Bleach Cleaner, 24 oz","Bounty Bleach Cleaner, 24 oz — Cleaning Supplies",Bounty,False,24 oz,Home & Health,Household Cleaning,Cleaning Supplies,Health & Household,Cleaning & Paper,Cleaning Supplies,5.22
grocery,ACM,ACM,4038813-95,"Perdue Sirloin Steak, per lb","Perdue Sirloin Steak, per lb — Beef Steaks",Perdue,False,per lb,Meat & Seafood,Beef,Beef Steaks,Meat & Seafood,Beef,Beef Steaks,16.1
grocery,ACM,ACM,4045383-14,"Horizon Gouda Cheese, 6 oz","Horizon Gouda Cheese, 6 oz — Specialty Cheese",Horizon,False,6 oz,Dairy & Eggs,Cheese & Deli,Specialty Cheese,Dairy & Eggs,Cheese,Specialty Cheese,6.38
grocery,ACM,ACM,4055510-79,"Charmin Shampoo Hair Care, 20 oz","Charmin Shampoo Hair Care, 20 oz — Hair Care",Charmin,False,20 oz,Home & Health,Personal Care,Hair Care,Health & Household,Personal Care,Hair Care,7.26
grocery,ACM,ACM,4065995-17,"Progresso Elbow Macaroni Pasta, 16 oz","Progresso Elbow Macaroni Pasta, 16 oz — Pasta",Progresso,False,16 oz,Center Store,Pasta & Italian,Pasta,Dry Grocery,Pasta & Sauce,Pasta,2.15
grocery,ACM,ACM,4069357-79,"Signature SELECT Donuts Bakery, 6 ct","Signature SELECT Donuts Bakery, 6 ct — Pastries & Bagels",Signature SELECT,True,6 ct,In-Store Bakery,Pastries,Pastries & Bagels,Bakery,Bakery Sweets,Pastries & Bagels,4.48
grocery,ACM,ACM,4083922-21,"Pepsi Fruit Punch Juice, 64 oz","Pepsi Fruit Punch Juice, 64 oz — Juice",Pepsi,False,64 oz,Beverages,Juice & Tea,Juice,Beverages,Juice & Tea,Juice,4.89
grocery,ACM,ACM,4098151-74,"Sara Lee Muffins Bakery, 4 ct","Sara Lee Muffins Bakery, 4 ct — Pastries & Bagels",Sara Lee,False,4 ct,In-Store Bakery,Pastries,Pastries & Bagels,Bakery,Bakery Sweets,Pastries & Bagels,4.75
grocery,ACM,ACM,4119039-92,"Signature SELECT Purified Water Water, 24-pack","Signature SELECT Purified Water Water, 24-pack — Water",Signature SELECT,True,24-pack,Beverages,Water & Sports Drinks,Water,Beverages,Water & Sports,Water,5.0
grocery,ACM,ACM,4125908-51,"Signature SELECT Spinach Salad, 5 oz","Signature SELECT Spinach Salad, 5 oz — Salad & Greens",Signature SELECT,True,5 oz,Fresh Produce,Fresh Vegetables,Salad & Greens,Produce,Fresh Vegetables,Salad & Greens,3.27
grocery,ACM,ACM,4137205-24,"Lay's Ruffles Chips, 8 oz","Lay's Ruffles Chips, 8 oz — Potato & Tortilla Chips",Lay's,False,8 oz,Snacks & Candy,Salty Snacks,Potato & Tortilla Chips,Snacks & Candy,Salty Snacks,Potato & Tortilla Chips,4.17
grocery,ACM,ACM,4147064-98,"Doritos Mixed Nuts Nuts, 10 oz","Doritos Mixed Nuts Nuts, 10 oz — Nuts & Trail Mix",Doritos,False,10 oz,Snacks & Candy,Salty Snacks,Nuts & Trail Mix,Snacks & Candy,Salty Snacks,Nuts & Trail Mix,7.22
grocery,ACM,ACM,4172055-46,"Nature's Own Hamburger Buns Rolls, 8 ct","Nature's Own Hamburger Buns Rolls, 8 ct — Buns & Rolls",Nature's Own,False,8 ct,In-Store Bakery,Sliced Bread,Buns & Rolls,Bakery,Bread,Buns & Rolls,2.79
grocery,ACM,ACM,4176785-25,"Driscoll's Celery Vegetables, 2 lb bag","Driscoll's Celery Vegetables, 2 lb bag — Everyday Vegetables",Driscoll's,False,2 lb bag,Fresh Produce,Fresh Vegetables,Everyday Vegetables,Produce,Fresh Vegetables,Everyday Vegetables,2.43
grocery,ACM,ACM,4205764-31,"Huggies Baby Cereal Baby Food, 4-pack","Huggies Baby Cereal Baby Food, 4-pack — Formula & Baby Food",Huggies,False,4-pack,Baby & Pet,Baby Care,Formula & Baby Food,Baby & Pet,Baby,Formula & Baby Food,17.14
grocery,ACM,ACM,4223577-33,"Coca-Cola Lemonade Tea, 59 oz","Coca-Cola Lemonade Tea, 59 oz — Tea & Mixers",Coca-Cola,False,59 oz,Beverages,Juice & Tea,Tea & Mixers,Beverages,Juice & Tea,Tea & Mixers,3.88
grocery,ACM,ACM,4225193-12,"Signature SELECT 2% Reduced Fat Milk, 1 Gallon","Signature SELECT 2% Reduced Fat Milk, 1 Gallon — 2% Reduced-Fat Milk",Signature SELECT,True,1 Gallon,Dairy & Eggs,White Milk,2% Reduced-Fat Milk,Dairy & Eggs,Milk,2% Reduced-Fat Milk,3.48
grocery,ACM,ACM,4225219-36,"Perdue Chops Pork, per lb","Perdue Chops Pork, per lb — Pork Cuts",Perdue,False,per lb,Meat & Seafood,Pork,Pork Cuts,Meat & Seafood,Pork,Pork Cuts,5.05
grocery,ACM,ACM,4232186-44,"Driscoll's Bananas Fruit, per lb","Driscoll's Bananas Fruit, per lb — Bananas & Everyday Fruit",Driscoll's,False,per lb,Fresh Produce,Fresh Fruit,Bananas & Everyday Fruit,Produce,Fresh Fruit,Bananas & Everyday Fruit,2.44
grocery,ACM,ACM,4250218-24,"Fairlife Gouda Cheese, 6 oz","Fairlife Gouda Cheese, 6 oz — Specialty Cheese",Fairlife,False,6 oz,Dairy & Eggs,Cheese & Deli,Specialty Cheese,Dairy & Eggs,Cheese,Specialty Cheese,6.89
grocery,ACM,ACM,4257627-19,"Perdue Boneless Skinless Breast Chicken, per lb","Perdue Boneless Skinless Breast Chicken, per lb — Chicken",Perdue,False,per lb,Meat & Seafood,Poultry,Chicken,Meat & Seafood,Poultry,Chicken,5.33
grocery,ACM,ACM,4267196-72,"Horizon Vanilla Yogurt, 32 oz","Horizon Vanilla Yogurt, 32 oz — Regular Yogurt",Horizon,False,32 oz,Dairy & Eggs,Yogurt & Cultured,Regular Yogurt,Dairy & Eggs,Yogurt,Regular Yogurt,0.9
grocery,ACM,ACM,4270138-60,"Barilla Ground Medium Roast Coffee, 12 oz","Barilla Ground Medium Roast Coffee, 12 oz — Coffee",Barilla,False,12 oz,Center Store,Coffee & Tea,Coffee,Dry Grocery,Coffee & Tea,Coffee,8.23
grocery,ACM,ACM,4270993-79,"Perdue 93/7 Lean Ground Ground Beef, 1 lb","Perdue 93/7 Lean Ground Ground Beef, 1 lb — Ground Beef",Perdue,False,1 lb,Meat & Seafood,Beef,Ground Beef,Meat & Seafood,Beef,Ground Beef,6.1
grocery,ACM,ACM,4271663-55,"Lay's Saltines Crackers, 16 oz","Lay's Saltines Crackers, 16 oz — Crackers",Lay's,False,16 oz,Snacks & Candy,Salty Snacks,Crackers,Snacks & Candy,Salty Snacks,Crackers,3.28
grocery,ACM,ACM,4272366-99,"Barilla Ketchup Condiment, 20 oz","Barilla Ketchup Condiment, 20 oz — Condiments & Dressings",Barilla,False,20 oz,Center Store,Condiments & Dressings,Condiments & Dressings,Dry Grocery,Condiments,Condiments & Dressings,3.43
grocery,ACM,ACM,4290426-08,"Barilla Lasagna Pasta, 16 oz","Barilla Lasagna Pasta, 16 oz — Pasta",Barilla,False,16 oz,Center Store,Pasta & Italian,Pasta,Dry Grocery,Pasta & Sauce,Pasta,1.82
grocery,ACM,ACM,4293592-47,"Stouffer's Bowls Frozen Meal, 10 oz","Stouffer's Bowls Frozen Meal, 10 oz — Frozen Entrees",Stouffer's,False,10 oz,Frozen Foods,Frozen Entrees,Frozen Entrees,Frozen,Frozen Meals,Frozen Entrees,4.13
grocery,ACM,ACM,4295036-83,"Prego Vegetable Soup, 18 oz","Prego Vegetable Soup, 18 oz — Canned Soup",Prego,False,18 oz,Center Store,Canned & Jarred,Canned Soup,Dry Grocery,Canned & Packaged,Canned Soup,2.4
grocery,ACM,ACM,4303924-72,"Driscoll's Blackberries Berries, 1 pint","Driscoll's Blackberries Berries, 1 pint — Berries",Driscoll's,False,1 pint,Fresh Produce,Fresh Fruit,Berries,Produce,Fresh Fruit,Berries,4.06
grocery,ACM,ACM,4307268-50,"Driscoll's Navel Oranges Fruit, 3 lb bag","Driscoll's Navel Oranges Fruit, 3 lb bag — Bananas & Everyday Fruit",Driscoll's,False,3 lb bag,Fresh Produce,Fresh Fruit,Bananas & Everyday Fruit,Produce,Fresh Fruit,Bananas & Everyday Fruit,2.55
grocery,ACM,ACM,4307547-62,"Signature SELECT Vanilla Greek Yogurt, 5.3 oz","Signature SELECT Vanilla Greek Yogurt, 5.3 oz — Greek Yogurt",Signature SELECT,True,5.3 oz,Dairy & Eggs,Yogurt & Cultured,Greek Yogurt,Dairy & Eggs,Yogurt,Greek Yogurt,1.29
grocery,ACM,ACM,4314137-18,"Signature SELECT Italian Dressing Condiment, 16 oz","Signature SELECT Italian Dressing Condiment, 16 oz — Condiments & Dressings",Signature SELECT,True,16 oz,Center Store,Condiments & Dressings,Condiments & Dressings,Dry Grocery,Condiments,Condiments & Dressings,3.65
grocery,ACM,ACM,4316465-32,"Barilla Meat Sauce Sauce, 24 oz","Barilla Meat Sauce Sauce, 24 oz — Pasta Sauce",Barilla,False,24 oz,Center Store,Pasta & Italian,Pasta Sauce,Dry Grocery,Pasta & Sauce,Pasta Sauce,3.15
grocery,ACM,ACM,4328759-44,"Campbell's Meat Sauce Sauce, 24 oz","Campbell's Meat Sauce Sauce, 24 oz — Pasta Sauce",Campbell's,False,24 oz,Center Store,Pasta & Italian,Pasta Sauce,Dry Grocery,Pasta & Sauce,Pasta Sauce,3.67
grocery,ACM,ACM,4360495-99,"Fairlife Swiss Sliced Cheese, 8 oz","Fairlife Swiss Sliced Cheese, 8 oz — Sliced Cheese",Fairlife,False,8 oz,Dairy & Eggs,Cheese & Deli,Sliced Cheese,Dairy & Eggs,Cheese,Sliced Cheese,3.98
grocery,ACM,ACM,4361939-93,"Perdue Ham Lunch Meat, 9 oz","Perdue Ham Lunch Meat, 9 oz — Lunch Meat",Perdue,False,9 oz,Meat & Seafood,Deli,Lunch Meat,Meat & Seafood,Deli,Lunch Meat,6.64
grocery,ACM,ACM,4372239-08,"Signature SELECT Disinfecting Wipes Cleaner, 24 oz","Signature SELECT Disinfecting Wipes Cleaner, 24 oz — Cleaning Supplies",Signature SELECT,True,24 oz,Home & Health,Household Cleaning,Cleaning Supplies,Health & Household,Cleaning & Paper,Cleaning Supplies,4.61
grocery,ACM,ACM,4372240-22,"Organic Valley Unsalted Butter, 16 oz","Organic Valley Unsalted Butter, 16 oz — Butter",Organic Valley,False,16 oz,Dairy & Eggs,Butter & Spreads,Butter,Dairy & Eggs,Butter & Margarine,Butter,4.33
grocery,ACM,ACM,4379308-41,"Dole Apples Gala Fruit, 3 lb bag","Dole Apples Gala Fruit, 3 lb bag — Bananas & Everyday Fruit",Dole,False,3 lb bag,Fresh Produce,Fresh Fruit,Bananas & Everyday Fruit,Produce,Fresh Fruit,Bananas & Everyday Fruit,2.22
grocery,ACM,ACM,4386634-40,"Doritos Chocolate Bars Candy, 18 oz","Doritos Chocolate Bars Candy, 18 oz — Candy & Chocolate",Doritos,False,18 oz,Snacks & Candy,Sweets,Candy & Chocolate,Snacks & Candy,Cookies & Candy,Candy & Chocolate,3.85
grocery,ACM,ACM,4394757-66,"Pepsi Root Beer Soda, 12-pack cans","Pepsi Root Beer Soda, 12-pack cans — Soda",Pepsi,False,12-pack cans,Beverages,Soft Drinks,Soda,Beverages,Soft Drinks,Soda,5.92
grocery,ACM,ACM,4401449-99,"Fresh Express Mango Fruit, each","Fresh Express Mango Fruit, each — Organic & Specialty Fruit",Fresh Express,False,each,Fresh Produce,Fresh Fruit,Organic & Specialty Fruit,Produce,Fresh Fruit,Organic & Specialty Fruit,4.85
grocery,ACM,ACM,4402751-22,"Horizon Parmesan Wedge Cheese, 8 oz","Horizon Parmesan Wedge Cheese, 8 oz — Specialty Cheese",Horizon,False,8 oz,Dairy & Eggs,Cheese & Deli,Specialty Cheese,Dairy & Eggs,Cheese,Specialty Cheese,6.46
grocery,ACM,ACM,4405690-26,"Fresh Express Roma Tomatoes Vegetables, per lb","Fresh Express Roma Tomatoes Vegetables, per lb — Everyday Vegetables",Fresh Express,False,per lb,Fresh Produce,Fresh Vegetables,Everyday Vegetables,Produce,Fresh Vegetables,Everyday Vegetables,2.4
grocery,ACM,ACM,4406243-97,"Fresh Express Organic Apples Fruit, each","Fresh Express Organic Apples Fruit, each — Organic & Specialty Fruit",Fresh Express,False,each,Fresh Produce,Fresh Fruit,Organic & Specialty Fruit,Produce,Fresh Fruit,Organic & Specialty Fruit,5.06
grocery,ACM,ACM,4410489-45,"Signature SELECT Wheat Bread, 20 oz loaf","Signature SELECT Wheat Bread, 20 oz loaf — Sandwich Bread",Signature SELECT,True,20 oz loaf,In-Store Bakery,Sliced Bread,Sandwich Bread,Bakery,Bread,Sandwich Bread,3.08
grocery,ACM,ACM,4410560-25,"Perdue Drumsticks Chicken, family pack","Perdue Drumsticks Chicken, family pack — Chicken",Perdue,False,family pack,Meat & Seafood,Poultry,Chicken,Meat & Seafood,Poultry,Chicken,5.57
grocery,ACM,ACM,4443507-09,"Pampers Baby Wipes Baby, jumbo pack","Pampers Baby Wipes Baby, jumbo pack — Diapers & Wipes",Pampers,False,jumbo pack,Baby & Pet,Baby Care,Diapers & Wipes,Baby & Pet,Baby,Diapers & Wipes,24.01
grocery,ACM,ACM,4453709-65,"Signature SELECT Graham Crackers, 16 oz","Signature SELECT Graham Crackers, 16 oz — Crackers",Signature SELECT,True,16 oz,Snacks & Candy,Salty Snacks,Crackers,Snacks & Candy,Salty Snacks,Crackers,3.23
grocery,ACM,ACM,4461923-49,"Tide Deodorant Personal Care, 2-pack","Tide Deodorant Personal Care, 2-pack — Oral & Body Care",Tide,False,2-pack,Home & Health,Personal Care,Oral & Body Care,Health & Household,Personal Care,Oral & Body Care,4.49
grocery,ACM,ACM,4475568-13,"Signature SELECT Jasmine Rice Rice, 2 lb","Signature SELECT Jasmine Rice Rice, 2 lb — Rice & Grains",Signature SELECT,True,2 lb,Center Store,Rice & Grains,Rice & Grains,Dry Grocery,Rice & Grains,Rice & Grains,3.37
grocery,ACM,ACM,4477531-87,"Tyson Salami Lunch Meat, 9 oz","Tyson Salami Lunch Meat, 9 oz — Lunch Meat",Tyson,False,9 oz,Meat & Seafood,Deli,Lunch Meat,Meat & Seafood,Deli,Lunch Meat,6.47
grocery,ACM,ACM,4478415-42,"Signature SELECT Multigrain Bread, 20 oz loaf","Signature SELECT Multigrain Bread, 20 oz loaf — Sandwich Bread",Signature SELECT,True,20 oz loaf,In-Store Bakery,Sliced Bread,Sandwich Bread,Bakery,Bread,Sandwich Bread,2.81
grocery,ACM,ACM,4479955-07,"Ben & Jerry's Vanilla Ice Cream, 48 oz","Ben & Jerry's Vanilla Ice Cream, 48 oz — Ice Cream",Ben & Jerry's,False,48 oz,Frozen Foods,Frozen Desserts,Ice Cream,Frozen,Ice Cream & Novelties,Ice Cream,5.87
grocery,ACM,ACM,4482588-98,"Fresh Express Avocado Fruit, each","Fresh Express Avocado Fruit, each — Organic & Specialty Fruit",Fresh Express,False,each,Fresh Produce,Fresh Fruit,Organic & Specialty Fruit,Produce,Fresh Fruit,Organic & Specialty Fruit,4.92
grocery,ACM,ACM,4484601-45,"Tide Mouthwash Personal Care, single","Tide Mouthwash Personal Care, single — Oral & Body Care",Tide,False,single,Home & Health,Personal Care,Oral & Body Care,Health & Household,Personal Care,Oral & Body Care,4.39
grocery,ACM,ACM,4505736-75,"Tyson 93/7 Lean Ground Ground Beef, 1 lb","Tyson 93/7 Lean Ground Ground Beef, 1 lb — Ground Beef",Tyson,False,1 lb,Meat & Seafood,Beef,Ground Beef,Meat & Seafood,Beef,Ground Beef,5.76
grocery,ACM,ACM,4537539-48,"Driscoll's Spinach Salad, 12 oz","Driscoll's Spinach Salad, 12 oz — Salad & Greens",Driscoll's,False,12 oz,Fresh Produce,Fresh Vegetables,Salad & Greens,Produce,Fresh Vegetables,Salad & Greens,3.58
grocery,ACM,ACM,4539371-69,"Pepsi Diet Cola Soda, 2 Liter","Pepsi Diet Cola Soda, 2 Liter — Soda",Pepsi,False,2 Liter,Beverages,Soft Drinks,Soda,Beverages,Soft Drinks,Soda,5.86
grocery,ACM,ACM,4548975-80,"Signature SELECT Conditioner Hair Care, 20 oz","Signature SELECT Conditioner Hair Care, 20 oz — Hair Care",Signature SELECT,True,20 oz,Home & Health,Personal Care,Hair Care,Health & Household,Personal Care,Hair Care,6.33
grocery,ACM,ACM,4554143-28,"Prego Corn Flakes Cereal, 18 oz","Prego Corn Flakes Cereal, 18 oz — Cereal",Prego,False,18 oz,Center Store,Breakfast,Cereal,Dry Grocery,Breakfast & Cereal,Cereal,4.64
grocery,ACM,ACM,4556851-35,"Fairlife 1% Lowfat Milk, Half Gallon","Fairlife 1% Lowfat Milk, Half Gallon — Skim & Low-Fat Milk",Fairlife,False,Half Gallon,Dairy & Eggs,White Milk,Skim & Low-Fat Milk,Dairy & Eggs,Milk,Skim & Low-Fat Milk,3.72
grocery,ACM,ACM,4569885-84,"DiGiorno Thin Crust Pizza, 2-pack","DiGiorno Thin Crust Pizza, 2-pack — Frozen Pizza",DiGiorno,False,2-pack,Frozen Foods,Frozen Entrees,Frozen Pizza,Frozen,Frozen Meals,Frozen Pizza,6.98
grocery,ACM,ACM,4569937-97,"Perdue Ham Lunch Meat, 16 oz","Perdue Ham Lunch Meat, 16 oz — Lunch Meat",Perdue,False,16 oz,Meat & Seafood,Deli,Lunch Meat,Meat & Seafood,Deli,Lunch Meat,7.44
grocery,ACM,ACM,4579860-31,"Sara Lee Honey Wheat Bread, 20 oz loaf","Sara Lee Honey Wheat Bread, 20 oz loaf — Sandwich Bread",Sara Lee,False,20 oz loaf,In-Store Bakery,Sliced Bread,Sandwich Bread,Bakery,Bread,Sandwich Bread,2.76
grocery,ACM,ACM,4584740-44,"Signature SELECT White Bread, 20 oz loaf","Signature SELECT White Bread, 20 oz loaf — Sandwich Bread",Signature SELECT,True,20 oz loaf,In-Store Bakery,Sliced Bread,Sandwich Bread,Bakery,Bread,Sandwich Bread,2.91
grocery,ACM,ACM,4598021-25,"Lay's Potato Chips Chips, 13 oz","Lay's Potato Chips Chips, 13 oz — Potato & Tortilla Chips",Lay's,False,13 oz,Snacks & Candy,Salty Snacks,Potato & Tortilla Chips,Snacks & Candy,Salty Snacks,Potato & Tortilla Chips,4.16
grocery,ACM,ACM,4601880-90,"Signature SELECT Napkins Paper, double roll","Signature SELECT Napkins Paper, double roll — Paper Products",Signature SELECT,True,double roll,Home & Health,Household Cleaning,Paper Products,Health & Household,Cleaning & Paper,Paper Products,12.17
grocery,ACM,ACM,4634122-11,"Signature SELECT White Rice Rice, 2 lb","Signature SELECT White Rice Rice, 2 lb — Rice & Grains",Signature SELECT,True,2 lb,Center Store,Rice & Grains,Rice & Grains,Dry Grocery,Rice & Grains,Rice & Grains,3.51
grocery,ACM,ACM,4640998-61,"Dole Strawberries Berries, 1 pint","Dole Strawberries Berries, 1 pint — Berries",Dole,False,1 pint,Fresh Produce,Fresh Fruit,Berries,Produce,Fresh Fruit,Berries,3.38
grocery,ACM,ACM,4657120-74,"Gatorade Diet Cola Soda, 12-pack cans","Gatorade Diet Cola Soda, 12-pack cans — Soda",Gatorade,False,12-pack cans,Beverages,Soft Drinks,Soda,Beverages,Soft Drinks,Soda,6.57
grocery,ACM,ACM,4658363-60,"Signature SELECT Italian Sausage Bacon, 16 oz","Signature SELECT Italian Sausage Bacon, 16 oz — Bacon & Sausage",Signature SELECT,True,16 oz,Meat & Seafood,Pork,Bacon & Sausage,Meat & Seafood,Pork,Bacon & Sausage,7.59
grocery,ACM,ACM,4661011-29,"Charmin Pods Laundry, 50 oz","Charmin Pods Laundry, 50 oz — Laundry",Charmin,False,50 oz,Home & Health,Household Cleaning,Laundry,Health & Household,Cleaning & Paper,Laundry,13.92
grocery,ACM,ACM,4673354-03,"Organic Valley American Sliced Cheese, 8 oz","Organic Valley American Sliced Cheese, 8 oz — Sliced Cheese",Organic Valley,False,8 oz,Dairy & Eggs,Cheese & Deli,Sliced Cheese,Dairy & Eggs,Cheese,Sliced Cheese,4.45
grocery,ACM,ACM,4681617-59,"Barilla Corn Canned, 15 oz","Barilla Corn Canned, 15 oz — Canned Vegetables & Beans",Barilla,False,15 oz,Center Store,Canned & Jarred,Canned Vegetables & Beans,Dry Grocery,Canned & Packaged,Canned Vegetables & Beans,1.18
grocery,ACM,ACM,4686804-29,"Barilla Marinara Sauce, 24 oz","Barilla Marinara Sauce, 24 oz — Pasta Sauce",Barilla,False,24 oz,Center Store,Pasta & Italian,Pasta Sauce,Dry Grocery,Pasta & Sauce,Pasta Sauce,3.14
grocery,ACM,ACM,4688522-00,"Oscar Mayer Filet Mignon Steak, per lb","Oscar Mayer Filet Mignon Steak, per lb — Beef Steaks",Oscar Mayer,False,per lb,Meat & Seafood,Beef,Beef Steaks,Meat & Seafood,Beef,Beef Steaks,16.87
grocery,ACM,ACM,4690149-53,"Coca-Cola Cola Soda, 12-pack cans","Coca-Cola Cola Soda, 12-pack cans — Soda",Coca-Cola,False,12-pack cans,Beverages,Soft Drinks,Soda,Beverages,Soft Drinks,Soda,5.23
grocery,ACM,ACM,4699484-76,"Gatorade Root Beer Soda, 12-pack cans","Gatorade Root Beer Soda, 12-pack cans — Soda",Gatorade,False,12-pack cans,Beverages,Soft Drinks,Soda,Beverages,Soft Drinks,Soda,6.18
grocery,ACM,ACM,4701686-49,"Signature SELECT Potato Chips Chips, 13 oz","Signature SELECT Potato Chips Chips, 13 oz — Potato & Tortilla Chips",Signature SELECT,True,13 oz,Snacks & Candy,Salty Snacks,Potato & Tortilla Chips,Snacks & Candy,Salty Snacks,Potato & Tortilla Chips,4.66
grocery,ACM,ACM,4703636-53,"Signature SELECT Marinara Sauce, 24 oz","Signature SELECT Marinara Sauce, 24 oz — Pasta Sauce",Signature SELECT,True,24 oz,Center Store,Pasta & Italian,Pasta Sauce,Dry Grocery,Pasta & Sauce,Pasta Sauce,3.47
grocery,ACM,ACM,4730999-90,"Tide Probiotic Vitamins, 100 ct","Tide Probiotic Vitamins, 100 ct — Vitamins & Wellness",Tide,False,100 ct,Home & Health,Personal Care,Vitamins & Wellness,Health & Household,Personal Care,Vitamins & Wellness,10.3
grocery,ACM,ACM,4734941-60,"Fairlife Mixed Berry Greek Yogurt, 32 oz","Fairlife Mixed Berry Greek Yogurt, 32 oz — Greek Yogurt",Fairlife,False,32 oz,Dairy & Eggs,Yogurt & Cultured,Greek Yogurt,Dairy & Eggs,Yogurt,Greek Yogurt,1.46
grocery,ACM,ACM,4736785-76,"Progresso Ground Medium Roast Coffee, 12 oz","Progresso Ground Medium Roast Coffee, 12 oz — Coffee",Progresso,False,12 oz,Center Store,Coffee & Tea,Coffee,Dry Grocery,Coffee & Tea,Coffee,10.53
grocery,ACM,ACM,4743240-53,"Prego Quick Oats Oatmeal, 42 oz","Prego Quick Oats Oatmeal, 42 oz — Oatmeal & Hot Cereal",Prego,False,42 oz,Center Store,Breakfast,Oatmeal & Hot Cereal,Dry Grocery,Breakfast & Cereal,Oatmeal & Hot Cereal,4.77
grocery,ACM,ACM,4752246-11,"Dole Roma Tomatoes Vegetables, 2 lb bag","Dole Roma Tomatoes Vegetables, 2 lb bag — Everyday Vegetables",Dole,False,2 lb bag,Fresh Produce,Fresh Vegetables,Everyday Vegetables,Produce,Fresh Vegetables,Everyday Vegetables,1.96
grocery,ACM,ACM,4754785-54,"Signature SELECT Instant Oatmeal Oatmeal, 42 oz","Signature SELECT Instant Oatmeal Oatmeal, 42 oz — Oatmeal & Hot Cereal",Signature SELECT,True,42 oz,Center Store,Breakfast,Oatmeal & Hot Cereal,Dry Grocery,Breakfast & Cereal,Oatmeal & Hot Cereal,4.13
grocery,ACM,ACM,4793380-23,"Lay's Kettle Chips Chips, 8 oz","Lay's Kettle Chips Chips, 8 oz — Potato & Tortilla Chips",Lay's,False,8 oz,Snacks & Candy,Salty Snacks,Potato & Tortilla Chips,Snacks & Candy,Salty Snacks,Potato & Tortilla Chips,4.06
grocery,ACM,ACM,4809913-93,"Coca-Cola Sports Drink Variety Sports Drink, 8-pack","Coca-Cola Sports Drink Variety Sports Drink, 8-pack — Sports & Energy Drinks",Coca-Cola,False,8-pack,Beverages,Water & Sports Drinks,Sports & Energy Drinks,Beverages,Water & Sports,Sports & Energy Drinks,5.69
grocery,ACM,ACM,4810736-51,"Bounty Body Wash Personal Care, single","Bounty Body Wash Personal Care, single — Oral & Body Care",Bounty,False,single,Home & Health,Personal Care,Oral & Body Care,Health & Household,Personal Care,Oral & Body Care,4.34
grocery,ACM,ACM,4811496-21,"Perdue Drumsticks Chicken, per lb","Perdue Drumsticks Chicken, per lb — Chicken",Perdue,False,per lb,Meat & Seafood,Poultry,Chicken,Meat & Seafood,Poultry,Chicken,5.38
grocery,ACM,ACM,4821415-58,"Charmin Body Wash Personal Care, single","Charmin Body Wash Personal Care, single — Oral & Body Care",Charmin,False,single,Home & Health,Personal Care,Oral & Body Care,Health & Household,Personal Care,Oral & Body Care,4.8
grocery,ACM,ACM,4826196-26,"Signature SELECT Unsalted Butter, 16 oz","Signature SELECT Unsalted Butter, 16 oz — Butter",Signature SELECT,True,16 oz,Dairy & Eggs,Butter & Spreads,Butter,Dairy & Eggs,Butter & Margarine,Butter,4.02
grocery,ACM,ACM,4826563-78,"Tostitos Mild Salsa Salsa, 16 oz","Tostitos Mild Salsa Salsa, 16 oz — Salsa & Dips",Tostitos,False,16 oz,Snacks & Candy,Salty Snacks,Salsa & Dips,Snacks & Candy,Salty Snacks,Salsa & Dips,4.31
grocery,ACM,ACM,4831041-77,"Gatorade Ginger Ale Soda, 12-pack cans","Gatorade Ginger Ale Soda, 12-pack cans — Soda",Gatorade,False,12-pack cans,Beverages,Soft Drinks,Soda,Beverages,Soft Drinks,Soda,6.72
grocery,ACM,ACM,4833112-77,"Fresh Express Strawberries Berries, 1 pint","Fresh Express Strawberries Berries, 1 pint — Berries",Fresh Express,False,1 pint,Fresh Produce,Fresh Fruit,Berries,Produce,Fresh Fruit,Berries,4.34
grocery,ACM,ACM,4837883-11,"Signature SELECT Dish Soap Cleaner, 32 oz","Signature SELECT Dish Soap Cleaner, 32 oz — Cleaning Supplies",Signature SELECT,True,32 oz,Home & Health,Household Cleaning,Cleaning Supplies,Health & Household,Cleaning & Paper,Cleaning Supplies,4.61
grocery,ACM,ACM,4837979-81,"Signature SELECT Bagels Bakery, 4 ct","Signature SELECT Bagels Bakery, 4 ct — Pastries & Bagels",Signature SELECT,True,4 ct,In-Store Bakery,Pastries,Pastries & Bagels,Bakery,Bakery Sweets,Pastries & Bagels,4.3
grocery,ACM,ACM,4838381-33,"Horizon Fat Free Skim Milk, 1 Gallon","Horizon Fat Free Skim Milk, 1 Gallon — Skim & Low-Fat Milk",Horizon,False,1 Gallon,Dairy & Eggs,White Milk,Skim & Low-Fat Milk,Dairy & Eggs,Milk,Skim & Low-Fat Milk,3.39
grocery,ACM,ACM,4866312-94,"Fairlife Extra Large Grade A Eggs, Dozen","Fairlife Extra Large Grade A Eggs, Dozen — Grade A Eggs",Fairlife,False,Dozen,Dairy & Eggs,Eggs,Grade A Eggs,Dairy & Eggs,Eggs,Grade A Eggs,3.47
grocery,ACM,ACM,4878861-84,"Signature SELECT Queso Salsa, 16 oz","Signature SELECT Queso Salsa, 16 oz — Salsa & Dips",Signature SELECT,True,16 oz,Snacks & Candy,Salty Snacks,Salsa & Dips,Snacks & Candy,Salty Snacks,Salsa & Dips,3.79
grocery,ACM,ACM,4891640-79,"Oscar Mayer Salmon Fillet Seafood, per lb","Oscar Mayer Salmon Fillet Seafood, per lb — Fish & Shellfish",Oscar Mayer,False,per lb,Meat & Seafood,Fresh Seafood,Fish & Shellfish,Meat & Seafood,Seafood,Fish & Shellfish,14.93
grocery,ACM,ACM,4915411-31,"Lay's Hard Candy Candy, 10 oz","Lay's Hard Candy Candy, 10 oz — Candy & Chocolate",Lay's,False,10 oz,Snacks & Candy,Sweets,Candy & Chocolate,Snacks & Candy,Cookies & Candy,Candy & Chocolate,3.3
grocery,ACM,ACM,4927244-13,"Signature SELECT Bleach Cleaner, 32 oz","Signature SELECT Bleach Cleaner, 32 oz — Cleaning Supplies",Signature SELECT,True,32 oz,Home & Health,Household Cleaning,Cleaning Supplies,Health & Household,Cleaning & Paper,Cleaning Supplies,5.13
grocery,ACM,ACM,4939403-95,"Stouffer's Vanilla Ice Cream, 1 pint","Stouffer's Vanilla Ice Cream, 1 pint — Ice Cream",Stouffer's,False,1 pint,Frozen Foods,Frozen Desserts,Ice Cream,Frozen,Ice Cream & Novelties,Ice Cream,5.1
grocery,ACM,ACM,4941697-22,"Signature SELECT Orange Juice Juice, 52 oz","Signature SELECT Orange Juice Juice, 52 oz — Juice",Signature SELECT,True,52 oz,Beverages,Juice & Tea,Juice,Beverages,Juice & Tea,Juice,4.39
grocery,ACM,ACM,4946638-40,"Signature SELECT 1% Lowfat Milk, 1 Gallon","Signature SELECT 1% Lowfat Milk, 1 Gallon — Skim & Low-Fat Milk",Signature SELECT,True,1 Gallon,Dairy & Eggs,White Milk,Skim & Low-Fat Milk,Dairy & Eggs,Milk,Skim & Low-Fat Milk,3.61
grocery,ACM,ACM,4949714-60,"Doritos Cheese Crackers Crackers, 12 oz","Doritos Cheese Crackers Crackers, 12 oz — Crackers",Doritos,False,12 oz,Snacks & Candy,Salty Snacks,Crackers,Snacks & Candy,Salty Snacks,Crackers,3.72
grocery,ACM,ACM,4962987-56,"Lay's Cheese Crackers Crackers, 16 oz","Lay's Cheese Crackers Crackers, 16 oz — Crackers",Lay's,False,16 oz,Snacks & Candy,Salty Snacks,Crackers,Snacks & Candy,Salty Snacks,Crackers,3.34
grocery,ACM,ACM,4986396-50,"Tyson Breakfast Sausage Bacon, 16 oz","Tyson Breakfast Sausage Bacon, 16 oz — Bacon & Sausage",Tyson,False,16 oz,Meat & Seafood,Pork,Bacon & Sausage,Meat & Seafood,Pork,Bacon & Sausage,6.7
grocery,ACM,ACM,5011308-23,"Driscoll's Russet Potatoes Vegetables, 2 lb bag","Driscoll's Russet Potatoes Vegetables, 2 lb bag — Everyday Vegetables",Driscoll's,False,2 lb bag,Fresh Produce,Fresh Vegetables,Everyday Vegetables,Produce,Fresh Vegetables,Everyday Vegetables,2.42
grocery,ACM,ACM,5024811-21,"Driscoll's Roma Tomatoes Vegetables, 2 lb bag","Driscoll's Roma Tomatoes Vegetables, 2 lb bag — Everyday Vegetables",Driscoll's,False,2 lb bag,Fresh Produce,Fresh Vegetables,Everyday Vegetables,Produce,Fresh Vegetables,Everyday Vegetables,2.27
grocery,ACM,ACM,5026678-24,"Signature SELECT Whole Milk, Half Gallon","Signature SELECT Whole Milk, Half Gallon — Whole Milk",Signature SELECT,True,Half Gallon,Dairy & Eggs,White Milk,Whole Milk,Dairy & Eggs,Milk,Whole Milk,3.61
grocery,ACM,ACM,5057412-18,"Driscoll's Russet Potatoes Vegetables, per lb","Driscoll's Russet Potatoes Vegetables, per lb — Everyday Vegetables",Driscoll's,False,per lb,Fresh Produce,Fresh Vegetables,Everyday Vegetables,Produce,Fresh Vegetables,Everyday Vegetables,2.14
grocery,ACM,ACM,5105218-37,"Signature SELECT Raisin Bran Cereal, 18 oz","Signature SELECT Raisin Bran Cereal, 18 oz — Cereal",Signature SELECT,True,18 oz,Center Store,Breakfast,Cereal,Dry Grocery,Breakfast & Cereal,Cereal,4.39
grocery,ACM,ACM,5121345-44,"Signature SELECT Granola Cereal, 12 oz","Signature SELECT Granola Cereal, 12 oz — Cereal",Signature SELECT,True,12 oz,Center Store,Breakfast,Cereal,Dry Grocery,Breakfast & Cereal,Cereal,4.55
grocery,ACM,ACM,5125882-92,"Driscoll's Pineapple Fruit, each","Driscoll's Pineapple Fruit, each — Organic & Specialty Fruit",Driscoll's,False,each,Fresh Produce,Fresh Fruit,Organic & Specialty Fruit,Produce,Fresh Fruit,Organic & Specialty Fruit,4.43
grocery,ACM,ACM,5130614-34,"Fairlife Fat Free Skim Milk, Half Gallon","Fairlife Fat Free Skim Milk, Half Gallon — Skim & Low-Fat Milk",Fairlife,False,Half Gallon,Dairy & Eggs,White Milk,Skim & Low-Fat Milk,Dairy & Eggs,Milk,Skim & Low-Fat Milk,3.54
grocery,ACM,ACM,5134709-31,"Horizon Fat Free Skim Milk, Half Gallon","Horizon Fat Free Skim Milk, Half Gallon — Skim & Low-Fat Milk",Horizon,False,Half Gallon,Dairy & Eggs,White Milk,Skim & Low-Fat Milk,Dairy & Eggs,Milk,Skim & Low-Fat Milk,3.3
grocery,ACM,ACM,5138436-41,"Campbell's Marinara Sauce, 24 oz","Campbell's Marinara Sauce, 24 oz — Pasta Sauce",Campbell's,False,24 oz,Center Store,Pasta & Italian,Pasta Sauce,Dry Grocery,Pasta & Sauce,Pasta Sauce,3.67
grocery,ACM,ACM,5161545-71,"Horizon Mexican Blend Shredded Cheese, 16 oz","Horizon Mexican Blend Shredded Cheese, 16 oz — Shredded Cheese",Horizon,False,16 oz,Dairy & Eggs,Cheese & Deli,Shredded Cheese,Dairy & Eggs,Cheese,Shredded Cheese,4.07
grocery,ACM,ACM,5165240-32,"Coca-Cola Green Tea Tea, 59 oz","Coca-Cola Green Tea Tea, 59 oz — Tea & Mixers",Coca-Cola,False,59 oz,Beverages,Juice & Tea,Tea & Mixers,Beverages,Juice & Tea,Tea & Mixers,3.84
grocery,ACM,ACM,5184013-76,"Bounty Conditioner Hair Care, 20 oz","Bounty Conditioner Hair Care, 20 oz — Hair Care",Bounty,False,20 oz,Home & Health,Personal Care,Hair Care,Health & Household,Personal Care,Hair Care,6.96
grocery,ACM,ACM,5189307-06,"Dole Roma Tomatoes Vegetables, per lb","Dole Roma Tomatoes Vegetables, per lb — Everyday Vegetables",Dole,False,per lb,Fresh Produce,Fresh Vegetables,Everyday Vegetables,Produce,Fresh Vegetables,Everyday Vegetables,2.01
grocery,ACM,ACM,5201997-76,"Sara Lee Croissants Bakery, 4 ct","Sara Lee Croissants Bakery, 4 ct — Pastries & Bagels",Sara Lee,False,4 ct,In-Store Bakery,Pastries,Pastries & Bagels,Bakery,Bakery Sweets,Pastries & Bagels,5.0
grocery,ACM,ACM,5205031-40,"Progresso Meat Sauce Sauce, 24 oz","Progresso Meat Sauce Sauce, 24 oz — Pasta Sauce",Progresso,False,24 oz,Center Store,Pasta & Italian,Pasta Sauce,Dry Grocery,Pasta & Sauce,Pasta Sauce,3.43
grocery,ACM,ACM,5208541-40,"Signature SELECT Feta Cheese, 8 oz","Signature SELECT Feta Cheese, 8 oz — Specialty Cheese",Signature SELECT,True,8 oz,Dairy & Eggs,Cheese & Deli,Specialty Cheese,Dairy & Eggs,Cheese,Specialty Cheese,6.74
grocery,ACM,ACM,5209365-04,"Bounty Dish Soap Cleaner, 32 oz","Bounty Dish Soap Cleaner, 32 oz — Cleaning Supplies",Bounty,False,32 oz,Home & Health,Household Cleaning,Cleaning Supplies,Health & Household,Cleaning & Paper,Cleaning Supplies,5.1
grocery,ACM,ACM,5210777-63,"Barilla Whole Bean Coffee, 12 oz","Barilla Whole Bean Coffee, 12 oz — Coffee",Barilla,False,12 oz,Center Store,Coffee & Tea,Coffee,Dry Grocery,Coffee & Tea,Coffee,8.77
grocery,ACM,ACM,5237754-09,"Signature SELECT 2% Reduced Fat Milk, Half Gallon","Signature SELECT 2% Reduced Fat Milk, Half Gallon — 2% Reduced-Fat Milk",Signature SELECT,True,Half Gallon,Dairy & Eggs,White Milk,2% Reduced-Fat Milk,Dairy & Eggs,Milk,2% Reduced-Fat Milk,3.44
grocery,ACM,ACM,5241759-84,"Signature SELECT Ground Medium Roast Coffee, 12 oz","Signature SELECT Ground Medium Roast Coffee, 12 oz — Coffee",Signature SELECT,True,12 oz,Center Store,Coffee & Tea,Coffee,Dry Grocery,Coffee & Tea,Coffee,9.4
grocery,ACM,ACM,5246078-08,"Fairlife Organic Eggs, Dozen","Fairlife Organic Eggs, Dozen — Specialty Eggs",Fairlife,False,Dozen,Dairy & Eggs,Eggs,Specialty Eggs,Dairy & Eggs,Eggs,Specialty Eggs,5.53
grocery,ACM,ACM,5248717-28,"Charmin Liquid Detergent Laundry, 50 oz","Charmin Liquid Detergent Laundry, 50 oz — Laundry",Charmin,False,50 oz,Home & Health,Household Cleaning,Laundry,Health & Household,Cleaning & Paper,Laundry,14.0
grocery,ACM,ACM,5253995-77,"Fairlife Cheddar Shredded Cheese, 16 oz","Fairlife Cheddar Shredded Cheese, 16 oz — Shredded Cheese",Fairlife,False,16 oz,Dairy & Eggs,Cheese & Deli,Shredded Cheese,Dairy & Eggs,Cheese,Shredded Cheese,4.43
grocery,ACM,ACM,5255785-59,"Signature SELECT Deodorant Personal Care, single","Signature SELECT Deodorant Personal Care, single — Oral & Body Care",Signature SELECT,True,single,Home & Health,Personal Care,Oral & Body Care,Health & Household,Personal Care,Oral & Body Care,4.28
grocery,ACM,ACM,5256751-91,"Signature SELECT Spring Water Water, 24-pack","Signature SELECT Spring Water Water, 24-pack — Water",Signature SELECT,True,24-pack,Beverages,Water & Sports Drinks,Water,Beverages,Water & Sports,Water,4.95
grocery,ACM,ACM,5259232-78,"Fresh Express Blueberries Berries, 1 pint","Fresh Express Blueberries Berries, 1 pint — Berries",Fresh Express,False,1 pint,Fresh Produce,Fresh Fruit,Berries,Produce,Fresh Fruit,Berries,4.29
grocery,ACM,ACM,5262694-54,"Land O'Lakes Oat Milk, Half Gallon","Land O'Lakes Oat Milk, Half Gallon — Plant-Based Milk",Land O'Lakes,False,Half Gallon,Dairy & Eggs,White Milk,Plant-Based Milk,Dairy & Eggs,Milk,Plant-Based Milk,5.17
grocery,ACM,ACM,5263646-37,"Signature SELECT 1% Lowfat Milk, 1 Gallon","Signature SELECT 1% Lowfat Milk, 1 Gallon — Skim & Low-Fat Milk",Signature SELECT,True,1 Gallon,Dairy & Eggs,White Milk,Skim & Low-Fat Milk,Dairy & Eggs,Milk,Skim & Low-Fat Milk,3.28
grocery,ACM,ACM,5271327-44,"Signature SELECT Ruffles Chips, 13 oz","Signature SELECT Ruffles Chips, 13 oz — Potato & Tortilla Chips",Signature SELECT,True,13 oz,Snacks & Candy,Salty Snacks,Potato & Tortilla Chips,Snacks & Candy,Salty Snacks,Potato & Tortilla Chips,4.43
grocery,ACM,ACM,5273306-46,"Huggies Dog Treats Pet, 16 oz","Huggies Dog Treats Pet, 16 oz — Pet Treats & Supplies",Huggies,False,16 oz,Baby & Pet,Pet Care,Pet Treats & Supplies,Baby & Pet,Pet,Pet Treats & Supplies,6.74
grocery,ACM,ACM,5274897-83,"Oscar Mayer 93/7 Lean Ground Ground Beef, 1 lb","Oscar Mayer 93/7 Lean Ground Ground Beef, 1 lb — Ground Beef",Oscar Mayer,False,1 lb,Meat & Seafood,Beef,Ground Beef,Meat & Seafood,Beef,Ground Beef,7.08
grocery,ACM,ACM,5280708-38,"Signature SELECT Frosted Flakes Cereal, 18 oz","Signature SELECT Frosted Flakes Cereal, 18 oz — Cereal",Signature SELECT,True,18 oz,Center Store,Breakfast,Cereal,Dry Grocery,Breakfast & Cereal,Cereal,4.48
grocery,ACM,ACM,5294574-46,"Barilla Instant Oatmeal Oatmeal, 18 oz","Barilla Instant Oatmeal Oatmeal, 18 oz — Oatmeal & Hot Cereal",Barilla,False,18 oz,Center Store,Breakfast,Oatmeal & Hot Cereal,Dry Grocery,Breakfast & Cereal,Oatmeal & Hot Cereal,4.32
grocery,ACM,ACM,5311359-38,"Perdue Ribs Pork, per lb","Perdue Ribs Pork, per lb — Pork Cuts",Perdue,False,per lb,Meat & Seafood,Pork,Pork Cuts,Meat & Seafood,Pork,Pork Cuts,5.41
grocery,ACM,ACM,5320994-10,"Signature SELECT NY Strip Steak, per lb","Signature SELECT NY Strip Steak, per lb — Beef Steaks",Signature SELECT,True,per lb,Meat & Seafood,Beef,Beef Steaks,Meat & Seafood,Beef,Beef Steaks,16.74
grocery,ACM,ACM,5325051-54,"Lay's Graham Crackers, 12 oz","Lay's Graham Crackers, 12 oz — Crackers",Lay's,False,12 oz,Snacks & Candy,Salty Snacks,Crackers,Snacks & Candy,Salty Snacks,Crackers,3.4
grocery,ACM,ACM,5335043-88,"Signature SELECT 80/20 Ground Ground Beef, 3 lb","Signature SELECT 80/20 Ground Ground Beef, 3 lb — Ground Beef",Signature SELECT,True,3 lb,Meat & Seafood,Beef,Ground Beef,Meat & Seafood,Beef,Ground Beef,6.7
grocery,ACM,ACM,5338674-21,"Tide Pods Laundry, 92 oz","Tide Pods Laundry, 92 oz — Laundry",Tide,False,92 oz,Home & Health,Household Cleaning,Laundry,Health & Household,Cleaning & Paper,Laundry,12.69
grocery,ACM,ACM,5346837-16,"Tyson Thighs Chicken, family pack","Tyson Thighs Chicken, family pack — Chicken",Tyson,False,family pack,Meat & Seafood,Poultry,Chicken,Meat & Seafood,Poultry,Chicken,5.06
grocery,ACM,ACM,5346920-10,"Signature SELECT Provolone Sliced Cheese, 8 oz","Signature SELECT Provolone Sliced Cheese, 8 oz — Sliced Cheese",Signature SELECT,True,8 oz,Dairy & Eggs,Cheese & Deli,Sliced Cheese,Dairy & Eggs,Cheese,Sliced Cheese,4.19
grocery,ACM,ACM,5347638-80,"Signature SELECT Ground Medium Roast Coffee, 24 oz","Signature SELECT Ground Medium Roast Coffee, 24 oz — Coffee",Signature SELECT,True,24 oz,Center Store,Coffee & Tea,Coffee,Dry Grocery,Coffee & Tea,Coffee,8.88
grocery,ACM,ACM,5353718-98,"Barilla Quinoa Rice, 2 lb","Barilla Quinoa Rice, 2 lb — Rice & Grains",Barilla,False,2 lb,Center Store,Rice & Grains,Rice & Grains,Dry Grocery,Rice & Grains,Rice & Grains,3.33
grocery,ACM,ACM,5353967-66,"Fresh Express Organic Kale Vegetables, per lb","Fresh Express Organic Kale Vegetables, per lb — Organic Vegetables",Fresh Express,False,per lb,Fresh Produce,Fresh Vegetables,Organic Vegetables,Produce,Fresh Vegetables,Organic Vegetables,3.9
grocery,ACM,ACM,5354833-98,"Barilla Italian Dressing Condiment, 16 oz","Barilla Italian Dressing Condiment, 16 oz — Condiments & Dressings",Barilla,False,16 oz,Center Store,Condiments & Dressings,Condiments & Dressings,Dry Grocery,Condiments,Condiments & Dressings,3.2
grocery,ACM,ACM,5355459-50,"Signature SELECT Fun Size Mix Candy, 18 oz","Signature SELECT Fun Size Mix Candy, 18 oz — Candy & Chocolate",Signature SELECT,True,18 oz,Snacks & Candy,Sweets,Candy & Chocolate,Snacks & Candy,Cookies & Candy,Candy & Chocolate,3.69
grocery,ACM,ACM,5357407-43,"Dole Grapes Fruit, 3 lb bag","Dole Grapes Fruit, 3 lb bag — Bananas & Everyday Fruit",Dole,False,3 lb bag,Fresh Produce,Fresh Fruit,Bananas & Everyday Fruit,Produce,Fresh Fruit,Bananas & Everyday Fruit,2.24
grocery,ACM,ACM,5359834-30,"Lay's Fun Size Mix Candy, 10 oz","Lay's Fun Size Mix Candy, 10 oz — Candy & Chocolate",Lay's,False,10 oz,Snacks & Candy,Sweets,Candy & Chocolate,Snacks & Candy,Cookies & Candy,Candy & Chocolate,3.26
grocery,ACM,ACM,5361592-71,"Stouffer's Pepperoni Pizza, single","Stouffer's Pepperoni Pizza, single — Frozen Pizza",Stouffer's,False,single,Frozen Foods,Frozen Entrees,Frozen Pizza,Frozen,Frozen Meals,Frozen Pizza,5.61
grocery,ACM,ACM,5366930-88,"Horizon Extra Large Grade A Eggs, Dozen","Horizon Extra Large Grade A Eggs, Dozen — Grade A Eggs",Horizon,False,Dozen,Dairy & Eggs,Eggs,Grade A Eggs,Dairy & Eggs,Eggs,Grade A Eggs,3.02
grocery,ACM,ACM,5381353-39,"Dole Grapes Fruit, per lb","Dole Grapes Fruit, per lb — Bananas & Everyday Fruit",Dole,False,per lb,Fresh Produce,Fresh Fruit,Bananas & Everyday Fruit,Produce,Fresh Fruit,Bananas & Everyday Fruit,2.14
grocery,ACM,ACM,5384692-04,"DiGiorno Chocolate Ice Cream, 1 pint","DiGiorno Chocolate Ice Cream, 1 pint — Ice Cream",DiGiorno,False,1 pint,Frozen Foods,Frozen Desserts,Ice Cream,Frozen,Ice Cream & Novelties,Ice Cream,5.66
grocery,ACM,ACM,5388980-79,"Progresso Whole Bean Coffee, 12 oz","Progresso Whole Bean Coffee, 12 oz — Coffee",Progresso,False,12 oz,Center Store,Coffee & Tea,Coffee,Dry Grocery,Coffee & Tea,Coffee,10.34
grocery,ACM,ACM,5405220-28,"Fairlife Brie Cheese, 8 oz","Fairlife Brie Cheese, 8 oz — Specialty Cheese",Fairlife,False,8 oz,Dairy & Eggs,Cheese & Deli,Specialty Cheese,Dairy & Eggs,Cheese,Specialty Cheese,6.85
grocery,ACM,ACM,5417353-54,"Signature SELECT Cat Litter Pet, 16 oz","Signature SELECT Cat Litter Pet, 16 oz — Pet Treats & Supplies",Signature SELECT,True,16 oz,Baby & Pet,Pet Care,Pet Treats & Supplies,Baby & Pet,Pet,Pet Treats & Supplies,7.0
grocery,ACM,ACM,5418877-70,"Horizon Vanilla Yogurt, 6 oz","Horizon Vanilla Yogurt, 6 oz — Regular Yogurt",Horizon,False,6 oz,Dairy & Eggs,Yogurt & Cultured,Regular Yogurt,Dairy & Eggs,Yogurt,Regular Yogurt,0.79
grocery,ACM,ACM,5419441-17,"Tyson Drumsticks Chicken, family pack","Tyson Drumsticks Chicken, family pack — Chicken",Tyson,False,family pack,Meat & Seafood,Poultry,Chicken,Meat & Seafood,Poultry,Chicken,5.35
grocery,ACM,ACM,5422293-43,"Signature SELECT Frosted Flakes Cereal, 12 oz","Signature SELECT Frosted Flakes Cereal, 12 oz — Cereal",Signature SELECT,True,12 oz,Center Store,Breakfast,Cereal,Dry Grocery,Breakfast & Cereal,Cereal,4.52
grocery,ACM,ACM,5422656-98,"Tide Bleach Cleaner, 32 oz","Tide Bleach Cleaner, 32 oz — Cleaning Supplies",Tide,False,32 oz,Home & Health,Household Cleaning,Cleaning Supplies,Health & Household,Cleaning & Paper,Cleaning Supplies,4.84
grocery,ACM,ACM,5428498-49,"Prego Old Fashioned Oats Oatmeal, 18 oz","Prego Old Fashioned Oats Oatmeal, 18 oz — Oatmeal & Hot Cereal",Prego,False,18 oz,Center Store,Breakfast,Oatmeal & Hot Cereal,Dry Grocery,Breakfast & Cereal,Oatmeal & Hot Cereal,4.37
grocery,ACM,ACM,5430961-09,"Ben & Jerry's Cookies & Cream Ice Cream, 48 oz","Ben & Jerry's Cookies & Cream Ice Cream, 48 oz — Ice Cream",Ben & Jerry's,False,48 oz,Frozen Foods,Frozen Desserts,Ice Cream,Frozen,Ice Cream & Novelties,Ice Cream,5.97
grocery,ACM,ACM,5435686-78,"Fairlife Mozzarella Shredded Cheese, 16 oz","Fairlife Mozzarella Shredded Cheese, 16 oz — Shredded Cheese",Fairlife,False,16 oz,Dairy & Eggs,Cheese & Deli,Shredded Cheese,Dairy & Eggs,Cheese,Shredded Cheese,4.38
grocery,ACM,ACM,5439036-13,"Lay's Sandwich Cookies Cookies, 18 oz","Lay's Sandwich Cookies Cookies, 18 oz — Cookies",Lay's,False,18 oz,Snacks & Candy,Sweets,Cookies,Snacks & Candy,Cookies & Candy,Cookies,3.74
grocery,ACM,ACM,5447613-36,"Coca-Cola Lemonade Tea, gallon","Coca-Cola Lemonade Tea, gallon — Tea & Mixers",Coca-Cola,False,gallon,Beverages,Juice & Tea,Tea & Mixers,Beverages,Juice & Tea,Tea & Mixers,4.09
grocery,ACM,ACM,5451543-88,"Signature SELECT Queso Salsa, 16 oz","Signature SELECT Queso Salsa, 16 oz — Salsa & Dips",Signature SELECT,True,16 oz,Snacks & Candy,Salty Snacks,Salsa & Dips,Snacks & Candy,Salty Snacks,Salsa & Dips,4.15
grocery,ACM,ACM,5452819-06,"Prego Mustard Condiment, 16 oz","Prego Mustard Condiment, 16 oz — Condiments & Dressings",Prego,False,16 oz,Center Store,Condiments & Dressings,Condiments & Dressings,Dry Grocery,Condiments,Condiments & Dressings,3.62
grocery,ACM,ACM,5459915-61,"Signature SELECT Almond Milk, Half Gallon","Signature SELECT Almond Milk, Half Gallon — Plant-Based Milk",Signature SELECT,True,Half Gallon,Dairy & Eggs,White Milk,Plant-Based Milk,Dairy & Eggs,Milk,Plant-Based Milk,4.54
grocery,ACM,ACM,5467217-65,"Pepsi Lemon-Lime Soda, 12-pack cans","Pepsi Lemon-Lime Soda, 12-pack cans — Soda",Pepsi,False,12-pack cans,Beverages,Soft Drinks,Soda,Beverages,Soft Drinks,Soda,5.86
grocery,ACM,ACM,5469863-50,"Signature SELECT Tortilla Chips Chips, 13 oz","Signature SELECT Tortilla Chips Chips, 13 oz — Potato & Tortilla Chips",Signature SELECT,True,13 oz,Snacks & Candy,Salty Snacks,Potato & Tortilla Chips,Snacks & Candy,Salty Snacks,Potato & Tortilla Chips,4.33
grocery,ACM,ACM,5483433-69,"Signature SELECT Butter Crackers Crackers, 16 oz","Signature SELECT Butter Crackers Crackers, 16 oz — Crackers",Signature SELECT,True,16 oz,Snacks & Candy,Salty Snacks,Crackers,Snacks & Candy,Salty Snacks,Crackers,3.73
grocery,ACM,ACM,5502278-28,"Lay's Chocolate Bars Candy, 10 oz","Lay's Chocolate Bars Candy, 10 oz — Candy & Chocolate",Lay's,False,10 oz,Snacks & Candy,Sweets,Candy & Chocolate,Snacks & Candy,Cookies & Candy,Candy & Chocolate,3.13
grocery,ACM,ACM,5512003-73,"Driscoll's Strawberries Berries, 2 lb","Driscoll's Strawberries Berries, 2 lb — Berries",Driscoll's,False,2 lb,Fresh Produce,Fresh Fruit,Berries,Produce,Fresh Fruit,Berries,4.17
grocery,ACM,ACM,5519082-39,"Progresso Alfredo Sauce, 24 oz","Progresso Alfredo Sauce, 24 oz — Pasta Sauce",Progresso,False,24 oz,Center Store,Pasta & Italian,Pasta Sauce,Dry Grocery,Pasta & Sauce,Pasta Sauce,3.43
grocery,ACM,ACM,5521649-38,"Dole Caesar Kit Salad, 5 oz","Dole Caesar Kit Salad, 5 oz — Salad & Greens",Dole,False,5 oz,Fresh Produce,Fresh Vegetables,Salad & Greens,Produce,Fresh Vegetables,Salad & Greens,2.87
grocery,ACM,ACM,5527785-82,"Signature SELECT Shampoo Hair Care, 12 oz","Signature SELECT Shampoo Hair Care, 12 oz — Hair Care",Signature SELECT,True,12 oz,Home & Health,Personal Care,Hair Care,Health & Household,Personal Care,Hair Care,6.46
grocery,ACM,ACM,5549665-65,"Tyson Tilapia Seafood, per lb","Tyson Tilapia Seafood, per lb — Fish & Shellfish",Tyson,False,per lb,Meat & Seafood,Fresh Seafood,Fish & Shellfish,Meat & Seafood,Seafood,Fish & Shellfish,12.7
grocery,ACM,ACM,5553252-59,"Signature SELECT Grapes Fruit, 3 lb bag","Signature SELECT Grapes Fruit, 3 lb bag — Bananas & Everyday Fruit",Signature SELECT,True,3 lb bag,Fresh Produce,Fresh Fruit,Bananas & Everyday Fruit,Produce,Fresh Fruit,Bananas & Everyday Fruit,2.35
grocery,ACM,ACM,5554860-70,"Prego K-Cups Coffee, 12 oz","Prego K-Cups Coffee, 12 oz — Coffee",Prego,False,12 oz,Center Store,Coffee & Tea,Coffee,Dry Grocery,Coffee & Tea,Coffee,9.08
grocery,ACM,ACM,5556023-73,"Fairlife Strawberry Yogurt, 6 oz","Fairlife Strawberry Yogurt, 6 oz — Regular Yogurt",Fairlife,False,6 oz,Dairy & Eggs,Yogurt & Cultured,Regular Yogurt,Dairy & Eggs,Yogurt,Regular Yogurt,0.85
grocery,ACM,ACM,5561053-82,"Signature SELECT Strawberry Yogurt, 32 oz","Signature SELECT Strawberry Yogurt, 32 oz — Regular Yogurt",Signature SELECT,True,32 oz,Dairy & Eggs,Yogurt & Cultured,Regular Yogurt,Dairy & Eggs,Yogurt,Regular Yogurt,0.83
grocery,ACM,ACM,5565777-92,"Lay's Cashews Nuts, 10 oz","Lay's Cashews Nuts, 10 oz — Nuts & Trail Mix",Lay's,False,10 oz,Snacks & Candy,Salty Snacks,Nuts & Trail Mix,Snacks & Candy,Salty Snacks,Nuts & Trail Mix,7.13
grocery,ACM,ACM,5604186-30,"Doritos Tortilla Chips Chips, 8 oz","Doritos Tortilla Chips Chips, 8 oz — Potato & Tortilla Chips",Doritos,False,8 oz,Snacks & Candy,Salty Snacks,Potato & Tortilla Chips,Snacks & Candy,Salty Snacks,Potato & Tortilla Chips,4.3
grocery,ACM,ACM,5604534-74,"Doritos Mild Salsa Salsa, 16 oz","Doritos Mild Salsa Salsa, 16 oz — Salsa & Dips",Doritos,False,16 oz,Snacks & Candy,Salty Snacks,Salsa & Dips,Snacks & Candy,Salty Snacks,Salsa & Dips,3.79
grocery,ACM,ACM,5623992-82,"DiGiorno Cheese Pizza, 2-pack","DiGiorno Cheese Pizza, 2-pack — Frozen Pizza",DiGiorno,False,2-pack,Frozen Foods,Frozen Entrees,Frozen Pizza,Frozen,Frozen Meals,Frozen Pizza,6.74
grocery,ACM,ACM,5629593-10,"Lay's Chocolate Chip Cookies, 13 oz","Lay's Chocolate Chip Cookies, 13 oz — Cookies",Lay's,False,13 oz,Snacks & Candy,Sweets,Cookies,Snacks & Candy,Cookies & Candy,Cookies,3.53
grocery,ACM,ACM,5635347-43,"Signature SELECT Honey Wheat Bread, 20 oz loaf","Signature SELECT Honey Wheat Bread, 20 oz loaf — Sandwich Bread",Signature SELECT,True,20 oz loaf,In-Store Bakery,Sliced Bread,Sandwich Bread,Bakery,Bread,Sandwich Bread,2.92
grocery,ACM,ACM,5641834-91,"Lay's Almonds Nuts, 10 oz","Lay's Almonds Nuts, 10 oz — Nuts & Trail Mix",Lay's,False,10 oz,Snacks & Candy,Salty Snacks,Nuts & Trail Mix,Snacks & Candy,Salty Snacks,Nuts & Trail Mix,6.38
grocery,ACM,ACM,5643432-39,"Oscar Mayer Chops Pork, per lb","Oscar Mayer Chops Pork, per lb — Pork Cuts",Oscar Mayer,False,per lb,Meat & Seafood,Pork,Pork Cuts,Meat & Seafood,Pork,Pork Cuts,5.7
grocery,ACM,ACM,5643832-93,"Perdue Ribeye Steak, per lb","Perdue Ribeye Steak, per lb — Beef Steaks",Perdue,False,per lb,Meat & Seafood,Beef,Beef Steaks,Meat & Seafood,Beef,Beef Steaks,15.86
grocery,ACM,ACM,5646500-43,"Horizon Plain Greek Yogurt, 5.3 oz","Horizon Plain Greek Yogurt, 5.3 oz — Greek Yogurt",Horizon,False,5.3 oz,Dairy & Eggs,Yogurt & Cultured,Greek Yogurt,Dairy & Eggs,Yogurt,Greek Yogurt,1.12
grocery,ACM,ACM,5649224-71,"Driscoll's Raspberries Berries, 1 pint","Driscoll's Raspberries Berries, 1 pint — Berries",Driscoll's,False,1 pint,Fresh Produce,Fresh Fruit,Berries,Produce,Fresh Fruit,Berries,3.67
grocery,ACM,ACM,5652802-37,"Signature SELECT Plastic Wrap Storage, 50 ct","Signature SELECT Plastic Wrap Storage, 50 ct — Food Storage",Signature SELECT,True,50 ct,Home & Health,Household Cleaning,Food Storage,Health & Household,Cleaning & Paper,Food Storage,5.69
grocery,ACM,ACM,5659569-49,"Signature SELECT Gummy Candy Candy, 18 oz","Signature SELECT Gummy Candy Candy, 18 oz — Candy & Chocolate",Signature SELECT,True,18 oz,Snacks & Candy,Sweets,Candy & Chocolate,Snacks & Candy,Cookies & Candy,Candy & Chocolate,3.45
grocery,ACM,ACM,5668881-79,"Signature SELECT Raspberries Berries, 1 pint","Signature SELECT Raspberries Berries, 1 pint — Berries",Signature SELECT,True,1 pint,Fresh Produce,Fresh Fruit,Berries,Produce,Fresh Fruit,Berries,3.8
grocery,ACM,ACM,5671125-16,"Horizon Goat Cheese, 6 oz","Horizon Goat Cheese, 6 oz — Specialty Cheese",Horizon,False,6 oz,Dairy & Eggs,Cheese & Deli,Specialty Cheese,Dairy & Eggs,Cheese,Specialty Cheese,6.08
grocery,ACM,ACM,5671367-35,"Tyson Ribs Pork, per lb","Tyson Ribs Pork, per lb — Pork Cuts",Tyson,False,per lb,Meat & Seafood,Pork,Pork Cuts,Meat & Seafood,Pork,Pork Cuts,4.98
grocery,ACM,ACM,5673170-75,"Perdue Salmon Fillet Seafood, 12 oz","Perdue Salmon Fillet Seafood, 12 oz — Fish & Shellfish",Perdue,False,12 oz,Meat & Seafood,Fresh Seafood,Fish & Shellfish,Meat & Seafood,Seafood,Fish & Shellfish,14.06
grocery,ACM,ACM,5676297-20,"Signature SELECT Penne Pasta, 16 oz","Signature SELECT Penne Pasta, 16 oz — Pasta",Signature SELECT,True,16 oz,Center Store,Pasta & Italian,Pasta,Dry Grocery,Pasta & Sauce,Pasta,1.83
grocery,ACM,ACM,5695549-03,"Hillshire Farm Sirloin Steak, per lb","Hillshire Farm Sirloin Steak, per lb — Beef Steaks",Hillshire Farm,False,per lb,Meat & Seafood,Beef,Beef Steaks,Meat & Seafood,Beef,Beef Steaks,18.18
grocery,ACM,ACM,5701680-83,"Signature SELECT Salmon Fillet Seafood, 12 oz","Signature SELECT Salmon Fillet Seafood, 12 oz — Fish & Shellfish",Signature SELECT,True,12 oz,Meat & Seafood,Fresh Seafood,Fish & Shellfish,Meat & Seafood,Seafood,Fish & Shellfish,13.57
grocery,ACM,ACM,5704858-53,"Land O'Lakes Almond Milk, Half Gallon","Land O'Lakes Almond Milk, Half Gallon — Plant-Based Milk",Land O'Lakes,False,Half Gallon,Dairy & Eggs,White Milk,Plant-Based Milk,Dairy & Eggs,Milk,Plant-Based Milk,5.0
grocery,ACM,ACM,5706266-87,"Signature SELECT Cheddar Shredded Cheese, 8 oz","Signature SELECT Cheddar Shredded Cheese, 8 oz — Shredded Cheese",Signature SELECT,True,8 oz,Dairy & Eggs,Cheese & Deli,Shredded Cheese,Dairy & Eggs,Cheese,Shredded Cheese,4.31
grocery,ACM,ACM,5718375-54,"Dole Organic Kale Vegetables, per lb","Dole Organic Kale Vegetables, per lb — Organic Vegetables",Dole,False,per lb,Fresh Produce,Fresh Vegetables,Organic Vegetables,Produce,Fresh Vegetables,Organic Vegetables,3.3
grocery,ACM,ACM,5725454-77,"Barilla Cream of Mushroom Soup, 18 oz","Barilla Cream of Mushroom Soup, 18 oz — Canned Soup",Barilla,False,18 oz,Center Store,Canned & Jarred,Canned Soup,Dry Grocery,Canned & Packaged,Canned Soup,2.2
grocery,ACM,ACM,5734003-61,"Coca-Cola Root Beer Soda, 2 Liter","Coca-Cola Root Beer Soda, 2 Liter — Soda",Coca-Cola,False,2 Liter,Beverages,Soft Drinks,Soda,Beverages,Soft Drinks,Soda,5.65
grocery,ACM,ACM,5734325-56,"Bounty Bar Soap Personal Care, 2-pack","Bounty Bar Soap Personal Care, 2-pack — Oral & Body Care",Bounty,False,2-pack,Home & Health,Personal Care,Oral & Body Care,Health & Household,Personal Care,Oral & Body Care,5.02
grocery,ACM,ACM,5740652-84,"Oscar Mayer 80/20 Ground Ground Beef, 3 lb","Oscar Mayer 80/20 Ground Ground Beef, 3 lb — Ground Beef",Oscar Mayer,False,3 lb,Meat & Seafood,Beef,Ground Beef,Meat & Seafood,Beef,Ground Beef,6.97
grocery,ACM,ACM,5747431-73,"Sara Lee Bagels Bakery, 4 ct","Sara Lee Bagels Bakery, 4 ct — Pastries & Bagels",Sara Lee,False,4 ct,In-Store Bakery,Pastries,Pastries & Bagels,Bakery,Bakery Sweets,Pastries & Bagels,4.51
grocery,ACM,ACM,5748319-27,"Huggies Infant Formula Baby Food, 12 oz","Huggies Infant Formula Baby Food, 12 oz — Formula & Baby Food",Huggies,False,12 oz,Baby & Pet,Baby Care,Formula & Baby Food,Baby & Pet,Baby,Formula & Baby Food,15.7
grocery,ACM,ACM,5757467-25,"Signature SELECT Salted Butter, 16 oz","Signature SELECT Salted Butter, 16 oz — Butter",Signature SELECT,True,16 oz,Dairy & Eggs,Butter & Spreads,Butter,Dairy & Eggs,Butter & Margarine,Butter,4.06
grocery,ACM,ACM,5763269-64,"Nature's Own Donuts Bakery, 6 ct","Nature's Own Donuts Bakery, 6 ct — Pastries & Bagels",Nature's Own,False,6 ct,In-Store Bakery,Pastries,Pastries & Bagels,Bakery,Bakery Sweets,Pastries & Bagels,4.03
grocery,ACM,ACM,5765730-84,"Dole Pineapple Fruit, each","Dole Pineapple Fruit, each — Organic & Specialty Fruit",Dole,False,each,Fresh Produce,Fresh Fruit,Organic & Specialty Fruit,Produce,Fresh Fruit,Organic & Specialty Fruit,4.13
grocery,ACM,ACM,5772090-67,"Signature SELECT Chicken Alfredo Frozen Meal, 10 oz","Signature SELECT Chicken Alfredo Frozen Meal, 10 oz — Frozen Entrees",Signature SELECT,True,10 oz,Frozen Foods,Frozen Entrees,Frozen Entrees,Frozen,Frozen Meals,Frozen Entrees,4.49
grocery,ACM,ACM,5773724-60,"Coca-Cola Lemon-Lime Soda, 2 Liter","Coca-Cola Lemon-Lime Soda, 2 Liter — Soda",Coca-Cola,False,2 Liter,Beverages,Soft Drinks,Soda,Beverages,Soft Drinks,Soda,5.73
grocery,ACM,ACM,5779419-65,"Signature SELECT Pot Pie Frozen Meal, family size","Signature SELECT Pot Pie Frozen Meal, family size — Frozen Entrees",Signature SELECT,True,family size,Frozen Foods,Frozen Entrees,Frozen Entrees,Frozen,Frozen Meals,Frozen Entrees,4.35
grocery,ACM,ACM,5787779-01,"Signature SELECT Vitamin D Vitamins, 60 ct","Signature SELECT Vitamin D Vitamins, 60 ct — Vitamins & Wellness",Signature SELECT,True,60 ct,Home & Health,Personal Care,Vitamins & Wellness,Health & Household,Personal Care,Vitamins & Wellness,10.44
grocery,ACM,ACM,5787993-75,"Doritos Medium Salsa Salsa, 16 oz","Doritos Medium Salsa Salsa, 16 oz — Salsa & Dips",Doritos,False,16 oz,Snacks & Candy,Salty Snacks,Salsa & Dips,Snacks & Candy,Salty Snacks,Salsa & Dips,4.06
grocery,ACM,ACM,5788520-17,"Signature SELECT Baby Wipes Baby, box","Signature SELECT Baby Wipes Baby, box — Diapers & Wipes",Signature SELECT,True,box,Baby & Pet,Baby Care,Diapers & Wipes,Baby & Pet,Baby,Diapers & Wipes,23.96
grocery,ACM,ACM,5796083-80,"Signature SELECT Croissants Bakery, 6 ct","Signature SELECT Croissants Bakery, 6 ct — Pastries & Bagels",Signature SELECT,True,6 ct,In-Store Bakery,Pastries,Pastries & Bagels,Bakery,Bakery Sweets,Pastries & Bagels,4.35
grocery,ACM,ACM,5810188-19,"Stouffer's Broccoli Frozen Vegetables, 16 oz","Stouffer's Broccoli Frozen Vegetables, 16 oz — Frozen Vegetables",Stouffer's,False,16 oz,Frozen Foods,Frozen Produce,Frozen Vegetables,Frozen,Frozen Vegetables & Fruit,Frozen Vegetables,2.48
grocery,ACM,ACM,5814061-07,"Pampers Diapers Size 3 Baby, jumbo pack","Pampers Diapers Size 3 Baby, jumbo pack — Diapers & Wipes",Pampers,False,jumbo pack,Baby & Pet,Baby Care,Diapers & Wipes,Baby & Pet,Baby,Diapers & Wipes,22.37
grocery,ACM,ACM,5815587-09,"Signature SELECT Bleach Cleaner, 24 oz","Signature SELECT Bleach Cleaner, 24 oz — Cleaning Supplies",Signature SELECT,True,24 oz,Home & Health,Household Cleaning,Cleaning Supplies,Health & Household,Cleaning & Paper,Cleaning Supplies,4.77
grocery,ACM,ACM,5820136-05,"Signature SELECT Organic Apples Fruit, each","Signature SELECT Organic Apples Fruit, each — Organic & Specialty Fruit",Signature SELECT,True,each,Fresh Produce,Fresh Fruit,Organic & Specialty Fruit,Produce,Fresh Fruit,Organic & Specialty Fruit,4.6
grocery,ACM,ACM,5844734-77,"Fairlife Peach Yogurt, 32 oz","Fairlife Peach Yogurt, 32 oz — Regular Yogurt",Fairlife,False,32 oz,Dairy & Eggs,Yogurt & Cultured,Regular Yogurt,Dairy & Eggs,Yogurt,Regular Yogurt,0.91
grocery,ACM,ACM,5853191-14,"Tyson Whole Chicken Chicken, per lb","Tyson Whole Chicken Chicken, per lb — Chicken",Tyson,False,per lb,Meat & Seafood,Poultry,Chicken,Meat & Seafood,Poultry,Chicken,4.81
grocery,ACM,ACM,5861899-29,"Signature SELECT Vitamin D Whole Milk, Half Gallon","Signature SELECT Vitamin D Whole Milk, Half Gallon — Whole Milk",Signature SELECT,True,Half Gallon,Dairy & Eggs,White Milk,Whole Milk,Dairy & Eggs,Milk,Whole Milk,3.81
grocery,ACM,ACM,5862301-77,"Stouffer's Supreme Pizza, 2-pack","Stouffer's Supreme Pizza, 2-pack — Frozen Pizza",Stouffer's,False,2-pack,Frozen Foods,Frozen Entrees,Frozen Pizza,Frozen,Frozen Meals,Frozen Pizza,6.55
grocery,ACM,ACM,5873881-70,"Driscoll's Blueberries Berries, 1 pint","Driscoll's Blueberries Berries, 1 pint — Berries",Driscoll's,False,1 pint,Fresh Produce,Fresh Fruit,Berries,Produce,Fresh Fruit,Berries,3.88
grocery,ACM,ACM,5877101-24,"Bounty Pods Laundry, 50 oz","Bounty Pods Laundry, 50 oz — Laundry",Bounty,False,50 oz,Home & Health,Household Cleaning,Laundry,Health & Household,Cleaning & Paper,Laundry,13.29
grocery,ACM,ACM,5877261-22,"Signature SELECT Elbow Macaroni Pasta, 16 oz","Signature SELECT Elbow Macaroni Pasta, 16 oz — Pasta",Signature SELECT,True,16 oz,Center Store,Pasta & Italian,Pasta,Dry Grocery,Pasta & Sauce,Pasta,1.83
grocery,ACM,ACM,5881443-35,"Prego Alfredo Sauce, 24 oz","Prego Alfredo Sauce, 24 oz — Pasta Sauce",Prego,False,24 oz,Center Store,Pasta & Italian,Pasta Sauce,Dry Grocery,Pasta & Sauce,Pasta Sauce,3.57
grocery,ACM,ACM,5882455-27,"Signature SELECT Boneless Skinless Breast Chicken, per lb","Signature SELECT Boneless Skinless Breast Chicken, per lb — Chicken",Signature SELECT,True,per lb,Meat & Seafood,Poultry,Chicken,Meat & Seafood,Poultry,Chicken,4.97
grocery,ACM,ACM,5893444-25,"Pampers Baby Food Pouch Baby Food, 4-pack","Pampers Baby Food Pouch Baby Food, 4-pack — Formula & Baby Food",Pampers,False,4-pack,Baby & Pet,Baby Care,Formula & Baby Food,Baby & Pet,Baby,Formula & Baby Food,14.71
grocery,ACM,ACM,5898348-46,"Tide Toothpaste Personal Care, 2-pack","Tide Toothpaste Personal Care, 2-pack — Oral & Body Care",Tide,False,2-pack,Home & Health,Personal Care,Oral & Body Care,Health & Household,Personal Care,Oral & Body Care,4.41
grocery,ACM,ACM,5898568-86,"Signature SELECT K-Cups Coffee, 12 oz","Signature SELECT K-Cups Coffee, 12 oz — Coffee",Signature SELECT,True,12 oz,Center Store,Coffee & Tea,Coffee,Dry Grocery,Coffee & Tea,Coffee,9.35
grocery,ACM,ACM,5903756-50,"Tide Mouthwash Personal Care, 2-pack","Tide Mouthwash Personal Care, 2-pack — Oral & Body Care",Tide,False,2-pack,Home & Health,Personal Care,Oral & Body Care,Health & Household,Personal Care,Oral & Body Care,4.64
grocery,ACM,ACM,5912090-27,"Signature SELECT Elbow Macaroni Pasta, 16 oz","Signature SELECT Elbow Macaroni Pasta, 16 oz — Pasta",Signature SELECT,True,16 oz,Center Store,Pasta & Italian,Pasta,Dry Grocery,Pasta & Sauce,Pasta,2.01
grocery,ACM,ACM,5924840-57,"Signature SELECT Marinara Sauce, 24 oz","Signature SELECT Marinara Sauce, 24 oz — Pasta Sauce",Signature SELECT,True,24 oz,Center Store,Pasta & Italian,Pasta Sauce,Dry Grocery,Pasta & Sauce,Pasta Sauce,3.7
grocery,ACM,ACM,5928897-41,"Signature SELECT Corn Flakes Cereal, 12 oz","Signature SELECT Corn Flakes Cereal, 12 oz — Cereal",Signature SELECT,True,12 oz,Center Store,Breakfast,Cereal,Dry Grocery,Breakfast & Cereal,Cereal,4.56
grocery,ACM,ACM,5932572-31,"Signature SELECT Liquid Detergent Laundry, 92 oz","Signature SELECT Liquid Detergent Laundry, 92 oz — Laundry",Signature SELECT,True,92 oz,Home & Health,Household Cleaning,Laundry,Health & Household,Cleaning & Paper,Laundry,12.44
grocery,ACM,ACM,5934960-15,"Dole Celery Vegetables, 2 lb bag","Dole Celery Vegetables, 2 lb bag — Everyday Vegetables",Dole,False,2 lb bag,Fresh Produce,Fresh Vegetables,Everyday Vegetables,Produce,Fresh Vegetables,Everyday Vegetables,2.08
grocery,ACM,ACM,5938003-35,"Pepperidge Farm Honey Wheat Bread, 20 oz loaf","Pepperidge Farm Honey Wheat Bread, 20 oz loaf — Sandwich Bread",Pepperidge Farm,False,20 oz loaf,In-Store Bakery,Sliced Bread,Sandwich Bread,Bakery,Bread,Sandwich Bread,2.99
grocery,ACM,ACM,5941749-69,"Tyson Tilapia Seafood, 12 oz","Tyson Tilapia Seafood, 12 oz — Fish & Shellfish",Tyson,False,12 oz,Meat & Seafood,Fresh Seafood,Fish & Shellfish,Meat & Seafood,Seafood,Fish & Shellfish,13.23
grocery,ACM,ACM,5942722-82,"Signature SELECT Cod Seafood, per lb","Signature SELECT Cod Seafood, per lb — Fish & Shellfish",Signature SELECT,True,per lb,Meat & Seafood,Fresh Seafood,Fish & Shellfish,Meat & Seafood,Seafood,Fish & Shellfish,13.33
grocery,ACM,ACM,5961782-36,"Signature SELECT Fat Free Skim Milk, 1 Gallon","Signature SELECT Fat Free Skim Milk, 1 Gallon — Skim & Low-Fat Milk",Signature SELECT,True,1 Gallon,Dairy & Eggs,White Milk,Skim & Low-Fat Milk,Dairy & Eggs,Milk,Skim & Low-Fat Milk,3.32
grocery,ACM,ACM,5964750-22,"Tide Fabric Softener Laundry, 92 oz","Tide Fabric Softener Laundry, 92 oz — Laundry",Tide,False,92 oz,Home & Health,Household Cleaning,Laundry,Health & Household,Cleaning & Paper,Laundry,12.39
grocery,ACM,ACM,5966969-20,"Signature SELECT Vanilla Wafers Cookies, 13 oz","Signature SELECT Vanilla Wafers Cookies, 13 oz — Cookies",Signature SELECT,True,13 oz,Snacks & Candy,Sweets,Cookies,Snacks & Candy,Cookies & Candy,Cookies,3.66
grocery,ACM,ACM,5967017-41,"Horizon Almond Milk, Half Gallon","Horizon Almond Milk, Half Gallon — Plant-Based Milk",Horizon,False,Half Gallon,Dairy & Eggs,White Milk,Plant-Based Milk,Dairy & Eggs,Milk,Plant-Based Milk,4.18
grocery,ACM,ACM,5981285-31,"Fairlife Goat Cheese, 8 oz","Fairlife Goat Cheese, 8 oz — Specialty Cheese",Fairlife,False,8 oz,Dairy & Eggs,Cheese & Deli,Specialty Cheese,Dairy & Eggs,Cheese,Specialty Cheese,7.15
grocery,ACM,ACM,5988324-06,"Charmin All-Purpose Cleaner Cleaner, 24 oz","Charmin All-Purpose Cleaner Cleaner, 24 oz — Cleaning Supplies",Charmin,False,24 oz,Home & Health,Household Cleaning,Cleaning Supplies,Health & Household,Cleaning & Paper,Cleaning Supplies,5.31
grocery,ACM,ACM,5988932-64,"Tyson Shrimp Seafood, per lb","Tyson Shrimp Seafood, per lb — Fish & Shellfish",Tyson,False,per lb,Meat & Seafood,Fresh Seafood,Fish & Shellfish,Meat & Seafood,Seafood,Fish & Shellfish,12.25
grocery,ACM,ACM,5990901-03,"Bounty All-Purpose Cleaner Cleaner, 32 oz","Bounty All-Purpose Cleaner Cleaner, 32 oz — Cleaning Supplies",Bounty,False,32 oz,Home & Health,Household Cleaning,Cleaning Supplies,Health & Household,Cleaning & Paper,Cleaning Supplies,5.38
grocery,ACM,ACM,5994981-55,"Bounty Body Wash Personal Care, 2-pack","Bounty Body Wash Personal Care, 2-pack — Oral & Body Care",Bounty,False,2-pack,Home & Health,Personal Care,Oral & Body Care,Health & Household,Personal Care,Oral & Body Care,4.83
grocery,ACM,ACM,6003401-26,"Nature's Own Multigrain Bread, 20 oz loaf","Nature's Own Multigrain Bread, 20 oz loaf — Sandwich Bread",Nature's Own,False,20 oz loaf,In-Store Bakery,Sliced Bread,Sandwich Bread,Bakery,Bread,Sandwich Bread,2.8
grocery,ACM,ACM,6005858-94,"Bounty Probiotic Vitamins, 60 ct","Bounty Probiotic Vitamins, 60 ct — Vitamins & Wellness",Bounty,False,60 ct,Home & Health,Personal Care,Vitamins & Wellness,Health & Household,Personal Care,Vitamins & Wellness,10.9
grocery,ACM,ACM,6010942-86,"Signature SELECT Peach Yogurt, 6 oz","Signature SELECT Peach Yogurt, 6 oz — Regular Yogurt",Signature SELECT,True,6 oz,Dairy & Eggs,Yogurt & Cultured,Regular Yogurt,Dairy & Eggs,Yogurt,Regular Yogurt,0.97
grocery,ACM,ACM,6019894-53,"Signature SELECT Spring Mix Salad, 12 oz","Signature SELECT Spring Mix Salad, 12 oz — Salad & Greens",Signature SELECT,True,12 oz,Fresh Produce,Fresh Vegetables,Salad & Greens,Produce,Fresh Vegetables,Salad & Greens,3.27
grocery,ACM,ACM,6026775-04,"Hillshire Farm Filet Mignon Steak, per lb","Hillshire Farm Filet Mignon Steak, per lb — Beef Steaks",Hillshire Farm,False,per lb,Meat & Seafood,Beef,Beef Steaks,Meat & Seafood,Beef,Beef Steaks,18.26
grocery,ACM,ACM,6029400-15,"Signature SELECT Mayonnaise Condiment, 16 oz","Signature SELECT Mayonnaise Condiment, 16 oz — Condiments & Dressings",Signature SELECT,True,16 oz,Center Store,Condiments & Dressings,Condiments & Dressings,Dry Grocery,Condiments,Condiments & Dressings,3.47
grocery,ACM,ACM,6044685-92,"Tide Dish Soap Cleaner, 24 oz","Tide Dish Soap Cleaner, 24 oz — Cleaning Supplies",Tide,False,24 oz,Home & Health,Household Cleaning,Cleaning Supplies,Health & Household,Cleaning & Paper,Cleaning Supplies,4.41
grocery,ACM,ACM,6045332-19,"Horizon Gouda Cheese, 8 oz","Horizon Gouda Cheese, 8 oz — Specialty Cheese",Horizon,False,8 oz,Dairy & Eggs,Cheese & Deli,Specialty Cheese,Dairy & Eggs,Cheese,Specialty Cheese,6.51
grocery,ACM,ACM,6045947-40,"Signature SELECT Toasted Oats Cereal, 12 oz","Signature SELECT Toasted Oats Cereal, 12 oz — Cereal",Signature SELECT,True,12 oz,Center Store,Breakfast,Cereal,Dry Grocery,Breakfast & Cereal,Cereal,4.36
grocery,ACM,ACM,6047886-44,"Tostitos Chocolate Bars Candy, 10 oz","Tostitos Chocolate Bars Candy, 10 oz — Candy & Chocolate",Tostitos,False,10 oz,Snacks & Candy,Sweets,Candy & Chocolate,Snacks & Candy,Cookies & Candy,Candy & Chocolate,3.74
grocery,ACM,ACM,6048424-98,"Signature SELECT Roast Beef Lunch Meat, 16 oz","Signature SELECT Roast Beef Lunch Meat, 16 oz — Lunch Meat",Signature SELECT,True,16 oz,Meat & Seafood,Deli,Lunch Meat,Meat & Seafood,Deli,Lunch Meat,6.35
grocery,ACM,ACM,6058497-13,"Signature SELECT 2% Reduced Fat Milk, Half Gallon","Signature SELECT 2% Reduced Fat Milk, Half Gallon — 2% Reduced-Fat Milk",Signature SELECT,True,Half Gallon,Dairy & Eggs,White Milk,2% Reduced-Fat Milk,Dairy & Eggs,Milk,2% Reduced-Fat Milk,3.55
grocery,ACM,ACM,6059022-86,"Signature SELECT Root Beer Soda, 12-pack cans","Signature SELECT Root Beer Soda, 12-pack cans — Soda",Signature SELECT,True,12-pack cans,Beverages,Soft Drinks,Soda,Beverages,Soft Drinks,Soda,5.72
grocery,ACM,ACM,6061238-23,"Perdue Boneless Skinless Breast Chicken, family pack","Perdue Boneless Skinless Breast Chicken, family pack — Chicken",Perdue,False,family pack,Meat & Seafood,Poultry,Chicken,Meat & Seafood,Poultry,Chicken,5.81
grocery,ACM,ACM,6072426-85,"Progresso Tomato Soup, 10.5 oz","Progresso Tomato Soup, 10.5 oz — Canned Soup",Progresso,False,10.5 oz,Center Store,Canned & Jarred,Canned Soup,Dry Grocery,Canned & Packaged,Canned Soup,2.62
grocery,ACM,ACM,6087988-43,"Horizon Soy Milk, Half Gallon","Horizon Soy Milk, Half Gallon — Plant-Based Milk",Horizon,False,Half Gallon,Dairy & Eggs,White Milk,Plant-Based Milk,Dairy & Eggs,Milk,Plant-Based Milk,4.47
grocery,ACM,ACM,6092403-90,"Signature SELECT Cheddar Shredded Cheese, 16 oz","Signature SELECT Cheddar Shredded Cheese, 16 oz — Shredded Cheese",Signature SELECT,True,16 oz,Dairy & Eggs,Cheese & Deli,Shredded Cheese,Dairy & Eggs,Cheese,Shredded Cheese,4.5
grocery,ACM,ACM,6095068-60,"Prego Green Beans Canned, 15 oz","Prego Green Beans Canned, 15 oz — Canned Vegetables & Beans",Prego,False,15 oz,Center Store,Canned & Jarred,Canned Vegetables & Beans,Dry Grocery,Canned & Packaged,Canned Vegetables & Beans,1.23
grocery,ACM,ACM,6104157-08,"Signature SELECT 2% Reduced Fat Milk, 1 Gallon","Signature SELECT 2% Reduced Fat Milk, 1 Gallon — 2% Reduced-Fat Milk",Signature SELECT,True,1 Gallon,Dairy & Eggs,White Milk,2% Reduced-Fat Milk,Dairy & Eggs,Milk,2% Reduced-Fat Milk,3.21
grocery,ACM,ACM,6105666-79,"Tostitos Medium Salsa Salsa, 16 oz","Tostitos Medium Salsa Salsa, 16 oz — Salsa & Dips",Tostitos,False,16 oz,Snacks & Candy,Salty Snacks,Salsa & Dips,Snacks & Candy,Salty Snacks,Salsa & Dips,4.18
grocery,ACM,ACM,6115443-03,"Gatorade Energy Drink Sports Drink, 8-pack","Gatorade Energy Drink Sports Drink, 8-pack — Sports & Energy Drinks",Gatorade,False,8-pack,Beverages,Water & Sports Drinks,Sports & Energy Drinks,Beverages,Water & Sports,Sports & Energy Drinks,7.46
grocery,ACM,ACM,6126592-60,"Signature SELECT Hot Dog Buns Rolls, 8 ct","Signature SELECT Hot Dog Buns Rolls, 8 ct — Buns & Rolls",Signature SELECT,True,8 ct,In-Store Bakery,Sliced Bread,Buns & Rolls,Bakery,Bread,Buns & Rolls,3.36
grocery,ACM,ACM,6140884-78,"Stouffer's Thin Crust Pizza, 2-pack","Stouffer's Thin Crust Pizza, 2-pack — Frozen Pizza",Stouffer's,False,2-pack,Frozen Foods,Frozen Entrees,Frozen Pizza,Frozen,Frozen Meals,Frozen Pizza,6.32
grocery,ACM,ACM,6147250-00,"Signature SELECT Multivitamin Vitamins, 60 ct","Signature SELECT Multivitamin Vitamins, 60 ct — Vitamins & Wellness",Signature SELECT,True,60 ct,Home & Health,Personal Care,Vitamins & Wellness,Health & Household,Personal Care,Vitamins & Wellness,9.76
grocery,ACM,ACM,6148364-18,"Horizon Unsalted Butter, 16 oz","Horizon Unsalted Butter, 16 oz — Butter",Horizon,False,16 oz,Dairy & Eggs,Butter & Spreads,Butter,Dairy & Eggs,Butter & Margarine,Butter,4.01
grocery,ACM,ACM,6165591-66,"Signature SELECT Strawberry Greek Yogurt, 32 oz","Signature SELECT Strawberry Greek Yogurt, 32 oz — Greek Yogurt",Signature SELECT,True,32 oz,Dairy & Eggs,Yogurt & Cultured,Greek Yogurt,Dairy & Eggs,Yogurt,Greek Yogurt,1.34
grocery,ACM,ACM,6176721-24,"Signature SELECT Cranberry Juice, 52 oz","Signature SELECT Cranberry Juice, 52 oz — Juice",Signature SELECT,True,52 oz,Beverages,Juice & Tea,Juice,Beverages,Juice & Tea,Juice,4.53
grocery,ACM,ACM,6177720-87,"Tide Pain Relief Vitamins, 60 ct","Tide Pain Relief Vitamins, 60 ct — Vitamins & Wellness",Tide,False,60 ct,Home & Health,Personal Care,Vitamins & Wellness,Health & Household,Personal Care,Vitamins & Wellness,9.46
grocery,ACM,ACM,6184530-69,"Prego Dark Roast Coffee, 12 oz","Prego Dark Roast Coffee, 12 oz — Coffee",Prego,False,12 oz,Center Store,Coffee & Tea,Coffee,Dry Grocery,Coffee & Tea,Coffee,9.32
grocery,ACM,ACM,6198077-56,"Signature SELECT Meat Sauce Sauce, 24 oz","Signature SELECT Meat Sauce Sauce, 24 oz — Pasta Sauce",Signature SELECT,True,24 oz,Center Store,Pasta & Italian,Pasta Sauce,Dry Grocery,Pasta & Sauce,Pasta Sauce,3.55
grocery,ACM,ACM,6198786-45,"Signature SELECT Tenderloin Pork, per lb","Signature SELECT Tenderloin Pork, per lb — Pork Cuts",Signature SELECT,True,per lb,Meat & Seafood,Pork,Pork Cuts,Meat & Seafood,Pork,Pork Cuts,5.39
grocery,ACM,ACM,6206548-61,"Prego Diced Tomatoes Canned, 15 oz","Prego Diced Tomatoes Canned, 15 oz — Canned Vegetables & Beans",Prego,False,15 oz,Center Store,Canned & Jarred,Canned Vegetables & Beans,Dry Grocery,Canned & Packaged,Canned Vegetables & Beans,1.29
grocery,ACM,ACM,6208017-11,"Signature SELECT Swiss Sliced Cheese, 8 oz","Signature SELECT Swiss Sliced Cheese, 8 oz — Sliced Cheese",Signature SELECT,True,8 oz,Dairy & Eggs,Cheese & Deli,Sliced Cheese,Dairy & Eggs,Cheese,Sliced Cheese,4.27
grocery,ACM,ACM,6214236-58,"Signature SELECT Oat Milk, Half Gallon","Signature SELECT Oat Milk, Half Gallon — Plant-Based Milk",Signature SELECT,True,Half Gallon,Dairy & Eggs,White Milk,Plant-Based Milk,Dairy & Eggs,Milk,Plant-Based Milk,4.63
grocery,ACM,ACM,6218167-48,"Fairlife Lactose-Free Milk, Half Gallon","Fairlife Lactose-Free Milk, Half Gallon — Plant-Based Milk",Fairlife,False,Half Gallon,Dairy & Eggs,White Milk,Plant-Based Milk,Dairy & Eggs,Milk,Plant-Based Milk,4.43
grocery,ACM,ACM,6223588-74,"Tyson 80/20 Ground Ground Beef, 1 lb","Tyson 80/20 Ground Ground Beef, 1 lb — Ground Beef",Tyson,False,1 lb,Meat & Seafood,Beef,Ground Beef,Meat & Seafood,Beef,Ground Beef,5.62
grocery,ACM,ACM,6224625-42,"Pampers Cat Litter Pet, 16 oz","Pampers Cat Litter Pet, 16 oz — Pet Treats & Supplies",Pampers,False,16 oz,Baby & Pet,Pet Care,Pet Treats & Supplies,Baby & Pet,Pet,Pet Treats & Supplies,6.53
grocery,ACM,ACM,6226066-43,"Tide Bar Soap Personal Care, single","Tide Bar Soap Personal Care, single — Oral & Body Care",Tide,False,single,Home & Health,Personal Care,Oral & Body Care,Health & Household,Personal Care,Oral & Body Care,4.2
grocery,ACM,ACM,6229182-46,"Stouffer's Chicken Alfredo Frozen Meal, 10 oz","Stouffer's Chicken Alfredo Frozen Meal, 10 oz — Frozen Entrees",Stouffer's,False,10 oz,Frozen Foods,Frozen Entrees,Frozen Entrees,Frozen,Frozen Meals,Frozen Entrees,4.03
grocery,ACM,ACM,6231606-27,"Signature SELECT Chocolate Chip Cookies, 18 oz","Signature SELECT Chocolate Chip Cookies, 18 oz — Cookies",Signature SELECT,True,18 oz,Snacks & Candy,Sweets,Cookies,Snacks & Candy,Cookies & Candy,Cookies,4.24
grocery,ACM,ACM,6240440-71,"Signature SELECT Organic Peppers Vegetables, bunch","Signature SELECT Organic Peppers Vegetables, bunch — Organic Vegetables",Signature SELECT,True,bunch,Fresh Produce,Fresh Vegetables,Organic Vegetables,Produce,Fresh Vegetables,Organic Vegetables,3.51
grocery,ACM,ACM,6259997-38,"Signature SELECT Fat Free Skim Milk, Half Gallon","Signature SELECT Fat Free Skim Milk, Half Gallon — Skim & Low-Fat Milk",Signature SELECT,True,Half Gallon,Dairy & Eggs,White Milk,Skim & Low-Fat Milk,Dairy & Eggs,Milk,Skim & Low-Fat Milk,3.57
grocery,ACM,ACM,6267794-12,"Organic Valley Pasture-Raised Eggs, Dozen","Organic Valley Pasture-Raised Eggs, Dozen — Specialty Eggs",Organic Valley,False,Dozen,Dairy & Eggs,Eggs,Specialty Eggs,Dairy & Eggs,Eggs,Specialty Eggs,5.95
grocery,ACM,ACM,6270807-33,"Signature SELECT Russet Potatoes Vegetables, 2 lb bag","Signature SELECT Russet Potatoes Vegetables, 2 lb bag — Everyday Vegetables",Signature SELECT,True,2 lb bag,Fresh Produce,Fresh Vegetables,Everyday Vegetables,Produce,Fresh Vegetables,Everyday Vegetables,2.2
grocery,ACM,ACM,6273074-63,"Doritos Butter Crackers Crackers, 16 oz","Doritos Butter Crackers Crackers, 16 oz — Crackers",Doritos,False,16 oz,Snacks & Candy,Salty Snacks,Crackers,Snacks & Candy,Salty Snacks,Crackers,3.82
grocery,ACM,ACM,6278402-11,"Prego Rotini Pasta, 16 oz","Prego Rotini Pasta, 16 oz — Pasta",Prego,False,16 oz,Center Store,Pasta & Italian,Pasta,Dry Grocery,Pasta & Sauce,Pasta,1.87
grocery,ACM,ACM,6278723-98,"Pepsi Sports Drink Variety Sports Drink, 8-pack","Pepsi Sports Drink Variety Sports Drink, 8-pack — Sports & Energy Drinks",Pepsi,False,8-pack,Beverages,Water & Sports Drinks,Sports & Energy Drinks,Beverages,Water & Sports,Sports & Energy Drinks,6.88
grocery,ACM,ACM,6279446-16,"Horizon Whole Milk, Half Gallon","Horizon Whole Milk, Half Gallon — Whole Milk",Horizon,False,Half Gallon,Dairy & Eggs,White Milk,Whole Milk,Dairy & Eggs,Milk,Whole Milk,3.26
grocery,ACM,ACM,6281675-03,"Signature SELECT Extra Large Grade A Eggs, 18 ct","Signature SELECT Extra Large Grade A Eggs, 18 ct — Grade A Eggs",Signature SELECT,True,18 ct,Dairy & Eggs,Eggs,Grade A Eggs,Dairy & Eggs,Eggs,Grade A Eggs,3.42
grocery,ACM,ACM,6286086-19,"Tide Fabric Softener Laundry, 50 oz","Tide Fabric Softener Laundry, 50 oz — Laundry",Tide,False,50 oz,Home & Health,Household Cleaning,Laundry,Health & Household,Cleaning & Paper,Laundry,11.51
grocery,ACM,ACM,6289817-06,"Prego Quinoa Rice, 2 lb","Prego Quinoa Rice, 2 lb — Rice & Grains",Prego,False,2 lb,Center Store,Rice & Grains,Rice & Grains,Dry Grocery,Rice & Grains,Rice & Grains,3.58
grocery,ACM,ACM,6290298-29,"Prego Frosted Flakes Cereal, 18 oz","Prego Frosted Flakes Cereal, 18 oz — Cereal",Prego,False,18 oz,Center Store,Breakfast,Cereal,Dry Grocery,Breakfast & Cereal,Cereal,4.66
grocery,ACM,ACM,6290479-62,"Signature SELECT Body Wash Personal Care, 2-pack","Signature SELECT Body Wash Personal Care, 2-pack — Oral & Body Care",Signature SELECT,True,2-pack,Home & Health,Personal Care,Oral & Body Care,Health & Household,Personal Care,Oral & Body Care,4.34
grocery,ACM,ACM,6293629-15,"Signature SELECT Disinfecting Wipes Cleaner, 24 oz","Signature SELECT Disinfecting Wipes Cleaner, 24 oz — Cleaning Supplies",Signature SELECT,True,24 oz,Home & Health,Household Cleaning,Cleaning Supplies,Health & Household,Cleaning & Paper,Cleaning Supplies,5.31
grocery,ACM,ACM,6300351-16,"Driscoll's Roma Tomatoes Vegetables, per lb","Driscoll's Roma Tomatoes Vegetables, per lb — Everyday Vegetables",Driscoll's,False,per lb,Fresh Produce,Fresh Vegetables,Everyday Vegetables,Produce,Fresh Vegetables,Everyday Vegetables,2.11
grocery,ACM,ACM,6310018-48,"Tyson Italian Sausage Bacon, 12 oz","Tyson Italian Sausage Bacon, 12 oz — Bacon & Sausage",Tyson,False,12 oz,Meat & Seafood,Pork,Bacon & Sausage,Meat & Seafood,Pork,Bacon & Sausage,6.94
grocery,ACM,ACM,6330336-73,"Bounty Conditioner Hair Care, 12 oz","Bounty Conditioner Hair Care, 12 oz — Hair Care",Bounty,False,12 oz,Home & Health,Personal Care,Hair Care,Health & Household,Personal Care,Hair Care,6.53
grocery,ACM,ACM,6330796-58,"Fresh Express Navel Oranges Fruit, 3 lb bag","Fresh Express Navel Oranges Fruit, 3 lb bag — Bananas & Everyday Fruit",Fresh Express,False,3 lb bag,Fresh Produce,Fresh Fruit,Bananas & Everyday Fruit,Produce,Fresh Fruit,Bananas & Everyday Fruit,2.79
grocery,ACM,ACM,6331676-64,"Signature SELECT Bowls Frozen Meal, family size","Signature SELECT Bowls Frozen Meal, family size — Frozen Entrees",Signature SELECT,True,family size,Frozen Foods,Frozen Entrees,Frozen Entrees,Frozen,Frozen Meals,Frozen Entrees,4.31
grocery,ACM,ACM,6337731-40,"Oscar Mayer Ribs Pork, per lb","Oscar Mayer Ribs Pork, per lb — Pork Cuts",Oscar Mayer,False,per lb,Meat & Seafood,Pork,Pork Cuts,Meat & Seafood,Pork,Pork Cuts,6.0
grocery,ACM,ACM,6355367-57,"Signature SELECT Old Fashioned Oats Oatmeal, 42 oz","Signature SELECT Old Fashioned Oats Oatmeal, 42 oz — Oatmeal & Hot Cereal",Signature SELECT,True,42 oz,Center Store,Breakfast,Oatmeal & Hot Cereal,Dry Grocery,Breakfast & Cereal,Oatmeal & Hot Cereal,4.47
grocery,ACM,ACM,6367578-04,"Signature SELECT Electrolyte Sports Drink, 8-pack","Signature SELECT Electrolyte Sports Drink, 8-pack — Sports & Energy Drinks",Signature SELECT,True,8-pack,Beverages,Water & Sports Drinks,Sports & Energy Drinks,Beverages,Water & Sports,Sports & Energy Drinks,6.46
grocery,ACM,ACM,6375095-77,"Doritos Guacamole Salsa, 16 oz","Doritos Guacamole Salsa, 16 oz — Salsa & Dips",Doritos,False,16 oz,Snacks & Candy,Salty Snacks,Salsa & Dips,Snacks & Candy,Salty Snacks,Salsa & Dips,3.98
grocery,ACM,ACM,6376556-68,"Dole Blackberries Berries, 2 lb","Dole Blackberries Berries, 2 lb — Berries",Dole,False,2 lb,Fresh Produce,Fresh Fruit,Berries,Produce,Fresh Fruit,Berries,3.54
grocery,ACM,ACM,6378659-19,"Horizon Vitamin D Whole Milk, 1 Gallon","Horizon Vitamin D Whole Milk, 1 Gallon — Whole Milk",Horizon,False,1 Gallon,Dairy & Eggs,White Milk,Whole Milk,Dairy & Eggs,Milk,Whole Milk,3.58
grocery,ACM,ACM,6398343-61,"Ben & Jerry's Pot Pie Frozen Meal, 10 oz","Ben & Jerry's Pot Pie Frozen Meal, 10 oz — Frozen Entrees",Ben & Jerry's,False,10 oz,Frozen Foods,Frozen Entrees,Frozen Entrees,Frozen,Frozen Meals,Frozen Entrees,4.88
grocery,ACM,ACM,6402056-19,"Barilla Granola Cereal, 12 oz","Barilla Granola Cereal, 12 oz — Cereal",Barilla,False,12 oz,Center Store,Breakfast,Cereal,Dry Grocery,Breakfast & Cereal,Cereal,3.94
grocery,ACM,ACM,6403613-54,"DiGiorno Lasagna Frozen Meal, family size","DiGiorno Lasagna Frozen Meal, family size — Frozen Entrees",DiGiorno,False,family size,Frozen Foods,Frozen Entrees,Frozen Entrees,Frozen,Frozen Meals,Frozen Entrees,4.67
grocery,ACM,ACM,6409756-15,"Progresso Penne Pasta, 16 oz","Progresso Penne Pasta, 16 oz — Pasta",Progresso,False,16 oz,Center Store,Pasta & Italian,Pasta,Dry Grocery,Pasta & Sauce,Pasta,1.94
grocery,ACM,ACM,6428794-08,"Coca-Cola Orange Juice Juice, 52 oz","Coca-Cola Orange Juice Juice, 52 oz — Juice",Coca-Cola,False,52 oz,Beverages,Juice & Tea,Juice,Beverages,Juice & Tea,Juice,4.12
grocery,ACM,ACM,6437782-35,"Fairlife Original Spread, 15 oz","Fairlife Original Spread, 15 oz — Margarine & Spreads",Fairlife,False,15 oz,Dairy & Eggs,Butter & Spreads,Margarine & Spreads,Dairy & Eggs,Butter & Margarine,Margarine & Spreads,3.47
grocery,ACM,ACM,6443839-57,"Charmin Toothpaste Personal Care, single","Charmin Toothpaste Personal Care, single — Oral & Body Care",Charmin,False,single,Home & Health,Personal Care,Oral & Body Care,Health & Household,Personal Care,Oral & Body Care,5.12
grocery,ACM,ACM,6447236-44,"Signature SELECT Chops Pork, per lb","Signature SELECT Chops Pork, per lb — Pork Cuts",Signature SELECT,True,per lb,Meat & Seafood,Pork,Pork Cuts,Meat & Seafood,Pork,Pork Cuts,5.25
grocery,ACM,ACM,6460604-65,"Signature SELECT Mouthwash Personal Care, 2-pack","Signature SELECT Mouthwash Personal Care, 2-pack — Oral & Body Care",Signature SELECT,True,2-pack,Home & Health,Personal Care,Oral & Body Care,Health & Household,Personal Care,Oral & Body Care,4.7
grocery,ACM,ACM,6474386-09,"Prego Spaghetti Pasta, 16 oz","Prego Spaghetti Pasta, 16 oz — Pasta",Prego,False,16 oz,Center Store,Pasta & Italian,Pasta,Dry Grocery,Pasta & Sauce,Pasta,1.82
grocery,ACM,ACM,6477959-10,"Signature SELECT 2% Reduced Fat Milk, 1 Gallon","Signature SELECT 2% Reduced Fat Milk, 1 Gallon — 2% Reduced-Fat Milk",Signature SELECT,True,1 Gallon,Dairy & Eggs,White Milk,2% Reduced-Fat Milk,Dairy & Eggs,Milk,2% Reduced-Fat Milk,3.31
grocery,ACM,ACM,6482775-00,"Pepsi Sports Drink Variety Sports Drink, 12-pack","Pepsi Sports Drink Variety Sports Drink, 12-pack — Sports & Energy Drinks",Pepsi,False,12-pack,Beverages,Water & Sports Drinks,Sports & Energy Drinks,Beverages,Water & Sports,Sports & Energy Drinks,6.69
grocery,ACM,ACM,6484036-84,"Tide Multivitamin Vitamins, 60 ct","Tide Multivitamin Vitamins, 60 ct — Vitamins & Wellness",Tide,False,60 ct,Home & Health,Personal Care,Vitamins & Wellness,Health & Household,Personal Care,Vitamins & Wellness,8.94
grocery,ACM,ACM,6495548-23,"Signature SELECT Lasagna Pasta, 16 oz","Signature SELECT Lasagna Pasta, 16 oz — Pasta",Signature SELECT,True,16 oz,Center Store,Pasta & Italian,Pasta,Dry Grocery,Pasta & Sauce,Pasta,1.9
grocery,ACM,ACM,6503493-69,"Fresh Express Organic Kale Vegetables, bunch","Fresh Express Organic Kale Vegetables, bunch — Organic Vegetables",Fresh Express,False,bunch,Fresh Produce,Fresh Vegetables,Organic Vegetables,Produce,Fresh Vegetables,Organic Vegetables,4.19
grocery,ACM,ACM,6505241-36,"Thomas' White Bread, 20 oz loaf","Thomas' White Bread, 20 oz loaf — Sandwich Bread",Thomas',False,20 oz loaf,In-Store Bakery,Sliced Bread,Sandwich Bread,Bakery,Bread,Sandwich Bread,3.17
grocery,ACM,ACM,6505284-28,"Signature SELECT Unsalted Butter, 16 oz","Signature SELECT Unsalted Butter, 16 oz — Butter",Signature SELECT,True,16 oz,Dairy & Eggs,Butter & Spreads,Butter,Dairy & Eggs,Butter & Margarine,Butter,4.25
grocery,ACM,ACM,6506200-88,"Signature SELECT Thin Crust Pizza, single","Signature SELECT Thin Crust Pizza, single — Frozen Pizza",Signature SELECT,True,single,Frozen Foods,Frozen Entrees,Frozen Pizza,Frozen,Frozen Meals,Frozen Pizza,6.57
grocery,ACM,ACM,6506641-61,"Signature SELECT Bacon Bacon, 12 oz","Signature SELECT Bacon Bacon, 12 oz — Bacon & Sausage",Signature SELECT,True,12 oz,Meat & Seafood,Pork,Bacon & Sausage,Meat & Seafood,Pork,Bacon & Sausage,7.73
grocery,ACM,ACM,6507845-82,"Dole Avocado Fruit, each","Dole Avocado Fruit, each — Organic & Specialty Fruit",Dole,False,each,Fresh Produce,Fresh Fruit,Organic & Specialty Fruit,Produce,Fresh Fruit,Organic & Specialty Fruit,3.99
grocery,ACM,ACM,6509362-40,"Signature SELECT White Bread, 20 oz loaf","Signature SELECT White Bread, 20 oz loaf — Sandwich Bread",Signature SELECT,True,20 oz loaf,In-Store Bakery,Sliced Bread,Sandwich Bread,Bakery,Bread,Sandwich Bread,2.78
grocery,ACM,ACM,6517113-76,"Stouffer's Cheese Pizza, 2-pack","Stouffer's Cheese Pizza, 2-pack — Frozen Pizza",Stouffer's,False,2-pack,Frozen Foods,Frozen Entrees,Frozen Pizza,Frozen,Frozen Meals,Frozen Pizza,6.12
grocery,ACM,ACM,6522443-02,"Signature SELECT Probiotic Vitamins, 60 ct","Signature SELECT Probiotic Vitamins, 60 ct — Vitamins & Wellness",Signature SELECT,True,60 ct,Home & Health,Personal Care,Vitamins & Wellness,Health & Household,Personal Care,Vitamins & Wellness,9.69
grocery,ACM,ACM,6524048-72,"Horizon Italian Blend Shredded Cheese, 16 oz","Horizon Italian Blend Shredded Cheese, 16 oz — Shredded Cheese",Horizon,False,16 oz,Dairy & Eggs,Cheese & Deli,Shredded Cheese,Dairy & Eggs,Cheese,Shredded Cheese,4.05
grocery,ACM,ACM,6536351-12,"Signature SELECT Brown Rice Rice, 2 lb","Signature SELECT Brown Rice Rice, 2 lb — Rice & Grains",Signature SELECT,True,2 lb,Center Store,Rice & Grains,Rice & Grains,Dry Grocery,Rice & Grains,Rice & Grains,3.33
grocery,ACM,ACM,6537266-19,"Pepsi Apple Juice Juice, 64 oz","Pepsi Apple Juice Juice, 64 oz — Juice",Pepsi,False,64 oz,Beverages,Juice & Tea,Juice,Beverages,Juice & Tea,Juice,4.65
grocery,ACM,ACM,6553304-23,"Land O'Lakes Salted Butter, 16 oz","Land O'Lakes Salted Butter, 16 oz — Butter",Land O'Lakes,False,16 oz,Dairy & Eggs,Butter & Spreads,Butter,Dairy & Eggs,Butter & Margarine,Butter,4.67
grocery,ACM,ACM,6555845-70,"Barilla Chicken Noodle Soup, 10.5 oz","Barilla Chicken Noodle Soup, 10.5 oz — Canned Soup",Barilla,False,10.5 oz,Center Store,Canned & Jarred,Canned Soup,Dry Grocery,Canned & Packaged,Canned Soup,2.07
grocery,ACM,ACM,6557747-56,"Fairlife Blueberry Greek Yogurt, 5.3 oz","Fairlife Blueberry Greek Yogurt, 5.3 oz — Greek Yogurt",Fairlife,False,5.3 oz,Dairy & Eggs,Yogurt & Cultured,Greek Yogurt,Dairy & Eggs,Yogurt,Greek Yogurt,1.33
grocery,ACM,ACM,6557979-19,"Signature SELECT Ketchup Condiment, 20 oz","Signature SELECT Ketchup Condiment, 20 oz — Condiments & Dressings",Signature SELECT,True,20 oz,Center Store,Condiments & Dressings,Condiments & Dressings,Dry Grocery,Condiments,Condiments & Dressings,3.74
grocery,ACM,ACM,6559892-45,"Tostitos Gummy Candy Candy, 10 oz","Tostitos Gummy Candy Candy, 10 oz — Candy & Chocolate",Tostitos,False,10 oz,Snacks & Candy,Sweets,Candy & Chocolate,Snacks & Candy,Cookies & Candy,Candy & Chocolate,3.95
grocery,ACM,ACM,6579442-03,"Signature SELECT Mango Fruit, per lb","Signature SELECT Mango Fruit, per lb — Organic & Specialty Fruit",Signature SELECT,True,per lb,Fresh Produce,Fresh Fruit,Organic & Specialty Fruit,Produce,Fresh Fruit,Organic & Specialty Fruit,4.46
grocery,ACM,ACM,6582249-05,"Signature SELECT Swiss Sliced Cheese, 8 oz","Signature SELECT Swiss Sliced Cheese, 8 oz — Sliced Cheese",Signature SELECT,True,8 oz,Dairy & Eggs,Cheese & Deli,Sliced Cheese,Dairy & Eggs,Cheese,Sliced Cheese,3.62
grocery,ACM,ACM,6592172-58,"Signature SELECT Quick Oats Oatmeal, 42 oz","Signature SELECT Quick Oats Oatmeal, 42 oz — Oatmeal & Hot Cereal",Signature SELECT,True,42 oz,Center Store,Breakfast,Oatmeal & Hot Cereal,Dry Grocery,Breakfast & Cereal,Oatmeal & Hot Cereal,4.85
grocery,ACM,ACM,6593060-63,"Driscoll's Organic Kale Vegetables, bunch","Driscoll's Organic Kale Vegetables, bunch — Organic Vegetables",Driscoll's,False,bunch,Fresh Produce,Fresh Vegetables,Organic Vegetables,Produce,Fresh Vegetables,Organic Vegetables,3.67
grocery,ACM,ACM,6605732-20,"Fairlife Unsalted Butter, 16 oz","Fairlife Unsalted Butter, 16 oz — Butter",Fairlife,False,16 oz,Dairy & Eggs,Butter & Spreads,Butter,Dairy & Eggs,Butter & Margarine,Butter,4.06
grocery,ACM,ACM,6620522-70,"Signature SELECT Lasagna Frozen Meal, family size","Signature SELECT Lasagna Frozen Meal, family size — Frozen Entrees",Signature SELECT,True,family size,Frozen Foods,Frozen Entrees,Frozen Entrees,Frozen,Frozen Meals,Frozen Entrees,4.49
grocery,ACM,ACM,6628142-58,"Coca-Cola Cola Soda, 2 Liter","Coca-Cola Cola Soda, 2 Liter — Soda",Coca-Cola,False,2 Liter,Beverages,Soft Drinks,Soda,Beverages,Soft Drinks,Soda,5.49
grocery,ACM,ACM,6636864-70,"Lay's Mild Salsa Salsa, 16 oz","Lay's Mild Salsa Salsa, 16 oz — Salsa & Dips",Lay's,False,16 oz,Snacks & Candy,Salty Snacks,Salsa & Dips,Snacks & Candy,Salty Snacks,Salsa & Dips,3.68
grocery,ACM,ACM,6649530-20,"Barilla Toasted Oats Cereal, 18 oz","Barilla Toasted Oats Cereal, 18 oz — Cereal",Barilla,False,18 oz,Center Store,Breakfast,Cereal,Dry Grocery,Breakfast & Cereal,Cereal,4.28
grocery,ACM,ACM,6654201-55,"Dole Organic Broccoli Vegetables, per lb","Dole Organic Broccoli Vegetables, per lb — Organic Vegetables",Dole,False,per lb,Fresh Produce,Fresh Vegetables,Organic Vegetables,Produce,Fresh Vegetables,Organic Vegetables,3.3
grocery,ACM,ACM,6658925-01,"Bounty Disinfecting Wipes Cleaner, 24 oz","Bounty Disinfecting Wipes Cleaner, 24 oz — Cleaning Supplies",Bounty,False,24 oz,Home & Health,Household Cleaning,Cleaning Supplies,Health & Household,Cleaning & Paper,Cleaning Supplies,5.14
grocery,ACM,ACM,6659152-69,"Horizon Peach Yogurt, 6 oz","Horizon Peach Yogurt, 6 oz — Regular Yogurt",Horizon,False,6 oz,Dairy & Eggs,Yogurt & Cultured,Regular Yogurt,Dairy & Eggs,Yogurt,Regular Yogurt,0.78
grocery,ACM,ACM,6664617-49,"Organic Valley Almond Milk, Half Gallon","Organic Valley Almond Milk, Half Gallon — Plant-Based Milk",Organic Valley,False,Half Gallon,Dairy & Eggs,White Milk,Plant-Based Milk,Dairy & Eggs,Milk,Plant-Based Milk,4.42
grocery,ACM,ACM,6667229-07,"Dole Yellow Onions Vegetables, per lb","Dole Yellow Onions Vegetables, per lb — Everyday Vegetables",Dole,False,per lb,Fresh Produce,Fresh Vegetables,Everyday Vegetables,Produce,Fresh Vegetables,Everyday Vegetables,2.03
grocery,ACM,ACM,6673885-63,"Dole Raspberries Berries, 1 pint","Dole Raspberries Berries, 1 pint — Berries",Dole,False,1 pint,Fresh Produce,Fresh Fruit,Berries,Produce,Fresh Fruit,Berries,3.45
grocery,ACM,ACM,6693005-57,"Lay's Graham Crackers, 16 oz","Lay's Graham Crackers, 16 oz — Crackers",Lay's,False,16 oz,Snacks & Candy,Salty Snacks,Crackers,Snacks & Candy,Salty Snacks,Crackers,3.59
grocery,ACM,ACM,6714015-01,"Signature SELECT Cage-Free Large Eggs, Dozen","Signature SELECT Cage-Free Large Eggs, Dozen — Grade A Eggs",Signature SELECT,True,Dozen,Dairy & Eggs,Eggs,Grade A Eggs,Dairy & Eggs,Eggs,Grade A Eggs,3.26
grocery,ACM,ACM,6719880-40,"Pepsi Iced Tea Tea, gallon","Pepsi Iced Tea Tea, gallon — Tea & Mixers",Pepsi,False,gallon,Beverages,Juice & Tea,Tea & Mixers,Beverages,Juice & Tea,Tea & Mixers,4.51
grocery,ACM,ACM,6759579-30,"Signature SELECT Whole Milk, 1 Gallon","Signature SELECT Whole Milk, 1 Gallon — Whole Milk",Signature SELECT,True,1 Gallon,Dairy & Eggs,White Milk,Whole Milk,Dairy & Eggs,Milk,Whole Milk,3.77
grocery,ACM,ACM,6761575-82,"Signature SELECT Ginger Ale Soda, 2 Liter","Signature SELECT Ginger Ale Soda, 2 Liter — Soda",Signature SELECT,True,2 Liter,Beverages,Soft Drinks,Soda,Beverages,Soft Drinks,Soda,5.58
grocery,ACM,ACM,6763913-30,"Fresh Express Celery Vegetables, per lb","Fresh Express Celery Vegetables, per lb — Everyday Vegetables",Fresh Express,False,per lb,Fresh Produce,Fresh Vegetables,Everyday Vegetables,Produce,Fresh Vegetables,Everyday Vegetables,2.48
grocery,ACM,ACM,6777761-59,"Signature SELECT Breakfast Sausage Bacon, 16 oz","Signature SELECT Breakfast Sausage Bacon, 16 oz — Bacon & Sausage",Signature SELECT,True,16 oz,Meat & Seafood,Pork,Bacon & Sausage,Meat & Seafood,Pork,Bacon & Sausage,7.05
grocery,ACM,ACM,6791621-63,"Nature's Own Muffins Bakery, 6 ct","Nature's Own Muffins Bakery, 6 ct — Pastries & Bagels",Nature's Own,False,6 ct,In-Store Bakery,Pastries,Pastries & Bagels,Bakery,Bakery Sweets,Pastries & Bagels,4.09
grocery,ACM,ACM,6793799-89,"Pepsi Purified Water Water, 24-pack","Pepsi Purified Water Water, 24-pack — Water",Pepsi,False,24-pack,Beverages,Water & Sports Drinks,Water,Beverages,Water & Sports,Water,5.19
grocery,ACM,ACM,6799968-73,"Lay's Guacamole Salsa, 16 oz","Lay's Guacamole Salsa, 16 oz — Salsa & Dips",Lay's,False,16 oz,Snacks & Candy,Salty Snacks,Salsa & Dips,Snacks & Candy,Salty Snacks,Salsa & Dips,3.68
grocery,ACM,ACM,6803693-74,"Barilla Chicken Noodle Soup, 18 oz","Barilla Chicken Noodle Soup, 18 oz — Canned Soup",Barilla,False,18 oz,Center Store,Canned & Jarred,Canned Soup,Dry Grocery,Canned & Packaged,Canned Soup,2.16
grocery,ACM,ACM,6809864-47,"Nature's Own Hot Dog Buns Rolls, 8 ct","Nature's Own Hot Dog Buns Rolls, 8 ct — Buns & Rolls",Nature's Own,False,8 ct,In-Store Bakery,Sliced Bread,Buns & Rolls,Bakery,Bread,Buns & Rolls,2.97
grocery,ACM,ACM,6823072-20,"Driscoll's Celery Vegetables, per lb","Driscoll's Celery Vegetables, per lb — Everyday Vegetables",Driscoll's,False,per lb,Fresh Produce,Fresh Vegetables,Everyday Vegetables,Produce,Fresh Vegetables,Everyday Vegetables,2.14
grocery,ACM,ACM,6828069-55,"Land O'Lakes Soy Milk, Half Gallon","Land O'Lakes Soy Milk, Half Gallon — Plant-Based Milk",Land O'Lakes,False,Half Gallon,Dairy & Eggs,White Milk,Plant-Based Milk,Dairy & Eggs,Milk,Plant-Based Milk,5.0
grocery,ACM,ACM,6831067-25,"Prego Raisin Bran Cereal, 12 oz","Prego Raisin Bran Cereal, 12 oz — Cereal",Prego,False,12 oz,Center Store,Breakfast,Cereal,Dry Grocery,Breakfast & Cereal,Cereal,4.52
grocery,ACM,ACM,6831326-16,"Signature SELECT Chocolate Ice Cream, 48 oz","Signature SELECT Chocolate Ice Cream, 48 oz — Ice Cream",Signature SELECT,True,48 oz,Frozen Foods,Frozen Desserts,Ice Cream,Frozen,Ice Cream & Novelties,Ice Cream,5.69
grocery,ACM,ACM,6831899-91,"Driscoll's Mango Fruit, each","Driscoll's Mango Fruit, each — Organic & Specialty Fruit",Driscoll's,False,each,Fresh Produce,Fresh Fruit,Organic & Specialty Fruit,Produce,Fresh Fruit,Organic & Specialty Fruit,4.46
grocery,ACM,ACM,6844863-85,"Dole Organic Apples Fruit, per lb","Dole Organic Apples Fruit, per lb — Organic & Specialty Fruit",Dole,False,per lb,Fresh Produce,Fresh Fruit,Organic & Specialty Fruit,Produce,Fresh Fruit,Organic & Specialty Fruit,4.17
grocery,ACM,ACM,6905571-27,"Signature SELECT Vitamin D Whole Milk, 1 Gallon","Signature SELECT Vitamin D Whole Milk, 1 Gallon — Whole Milk",Signature SELECT,True,1 Gallon,Dairy & Eggs,White Milk,Whole Milk,Dairy & Eggs,Milk,Whole Milk,3.77
grocery,ACM,ACM,6909591-67,"Pepsi Ginger Ale Soda, 12-pack cans","Pepsi Ginger Ale Soda, 12-pack cans — Soda",Pepsi,False,12-pack cans,Beverages,Soft Drinks,Soda,Beverages,Soft Drinks,Soda,5.9
grocery,ACM,ACM,6911001-69,"Signature SELECT Pot Pie Frozen Meal, 10 oz","Signature SELECT Pot Pie Frozen Meal, 10 oz — Frozen Entrees",Signature SELECT,True,10 oz,Frozen Foods,Frozen Entrees,Frozen Entrees,Frozen,Frozen Meals,Frozen Entrees,4.5
grocery,ACM,ACM,6913766-78,"Fairlife Vanilla Yogurt, 32 oz","Fairlife Vanilla Yogurt, 32 oz — Regular Yogurt",Fairlife,False,32 oz,Dairy & Eggs,Yogurt & Cultured,Regular Yogurt,Dairy & Eggs,Yogurt,Regular Yogurt,0.97
grocery,ACM,ACM,6915672-09,"Dole Carrots Vegetables, per lb","Dole Carrots Vegetables, per lb — Everyday Vegetables",Dole,False,per lb,Fresh Produce,Fresh Vegetables,Everyday Vegetables,Produce,Fresh Vegetables,Everyday Vegetables,1.91
grocery,ACM,ACM,6940472-83,"Signature SELECT Conditioner Hair Care, 12 oz","Signature SELECT Conditioner Hair Care, 12 oz — Hair Care",Signature SELECT,True,12 oz,Home & Health,Personal Care,Hair Care,Health & Household,Personal Care,Hair Care,6.85
grocery,ACM,ACM,6945811-70,"Signature SELECT Organic Broccoli Vegetables, bunch","Signature SELECT Organic Broccoli Vegetables, bunch — Organic Vegetables",Signature SELECT,True,bunch,Fresh Produce,Fresh Vegetables,Organic Vegetables,Produce,Fresh Vegetables,Organic Vegetables,3.42
grocery,ACM,ACM,6948402-30,"Signature SELECT Fabric Softener Laundry, 50 oz","Signature SELECT Fabric Softener Laundry, 50 oz — Laundry",Signature SELECT,True,50 oz,Home & Health,Household Cleaning,Laundry,Health & Household,Cleaning & Paper,Laundry,12.21
grocery,ACM,ACM,6962003-59,"Dole Organic Peppers Vegetables, bunch","Dole Organic Peppers Vegetables, bunch — Organic Vegetables",Dole,False,bunch,Fresh Produce,Fresh Vegetables,Organic Vegetables,Produce,Fresh Vegetables,Organic Vegetables,3.55
grocery,ACM,ACM,6967996-69,"Sara Lee Bagels Bakery, 6 ct","Sara Lee Bagels Bakery, 6 ct — Pastries & Bagels",Sara Lee,False,6 ct,In-Store Bakery,Pastries,Pastries & Bagels,Bakery,Bakery Sweets,Pastries & Bagels,4.47
grocery,ACM,ACM,6970662-23,"Prego Toasted Oats Cereal, 12 oz","Prego Toasted Oats Cereal, 12 oz — Cereal",Prego,False,12 oz,Center Store,Breakfast,Cereal,Dry Grocery,Breakfast & Cereal,Cereal,4.15
grocery,ACM,ACM,6973470-10,"Pampers Diapers Size 1 Baby, box","Pampers Diapers Size 1 Baby, box — Diapers & Wipes",Pampers,False,box,Baby & Pet,Baby Care,Diapers & Wipes,Baby & Pet,Baby,Diapers & Wipes,22.83
grocery,ACM,ACM,6980877-21,"Signature SELECT Chocolate Chip Cookies, 18 oz","Signature SELECT Chocolate Chip Cookies, 18 oz — Cookies",Signature SELECT,True,18 oz,Snacks & Candy,Sweets,Cookies,Snacks & Candy,Cookies & Candy,Cookies,3.82
grocery,ACM,ACM,6993297-16,"Barilla Corn Flakes Cereal, 12 oz","Barilla Corn Flakes Cereal, 12 oz — Cereal",Barilla,False,12 oz,Center Store,Breakfast,Cereal,Dry Grocery,Breakfast & Cereal,Cereal,3.99
grocery,ACM,ACM,6994920-67,"Signature SELECT Corn Canned, 15 oz","Signature SELECT Corn Canned, 15 oz — Canned Vegetables & Beans",Signature SELECT,True,15 oz,Center Store,Canned & Jarred,Canned Vegetables & Beans,Dry Grocery,Canned & Packaged,Canned Vegetables & Beans,1.27
grocery,ACM,ACM,7006156-51,"Lay's Saltines Crackers, 12 oz","Lay's Saltines Crackers, 12 oz — Crackers",Lay's,False,12 oz,Snacks & Candy,Salty Snacks,Crackers,Snacks & Candy,Salty Snacks,Crackers,3.19
grocery,ACM,ACM,7014140-04,"Fairlife 2% Reduced Fat Milk, 1 Gallon","Fairlife 2% Reduced Fat Milk, 1 Gallon — 2% Reduced-Fat Milk",Fairlife,False,1 Gallon,Dairy & Eggs,White Milk,2% Reduced-Fat Milk,Dairy & Eggs,Milk,2% Reduced-Fat Milk,3.63
grocery,ACM,ACM,7028210-86,"Signature SELECT Italian Blend Shredded Cheese, 16 oz","Signature SELECT Italian Blend Shredded Cheese, 16 oz — Shredded Cheese",Signature SELECT,True,16 oz,Dairy & Eggs,Cheese & Deli,Shredded Cheese,Dairy & Eggs,Cheese,Shredded Cheese,4.35
grocery,ACM,ACM,7033738-81,"Perdue 93/7 Lean Ground Ground Beef, 3 lb","Perdue 93/7 Lean Ground Ground Beef, 3 lb — Ground Beef",Perdue,False,3 lb,Meat & Seafood,Beef,Ground Beef,Meat & Seafood,Beef,Ground Beef,6.51
grocery,ACM,ACM,7036553-06,"Signature SELECT American Sliced Cheese, 12 oz","Signature SELECT American Sliced Cheese, 12 oz — Sliced Cheese",Signature SELECT,True,12 oz,Dairy & Eggs,Cheese & Deli,Sliced Cheese,Dairy & Eggs,Cheese,Sliced Cheese,3.93
grocery,ACM,ACM,7041427-05,"Horizon Organic Eggs, Dozen","Horizon Organic Eggs, Dozen — Specialty Eggs",Horizon,False,Dozen,Dairy & Eggs,Eggs,Specialty Eggs,Dairy & Eggs,Eggs,Specialty Eggs,5.2
grocery,ACM,ACM,7045265-30,"Prego Granola Cereal, 18 oz","Prego Granola Cereal, 18 oz — Cereal",Prego,False,18 oz,Center Store,Breakfast,Cereal,Dry Grocery,Breakfast & Cereal,Cereal,4.54
grocery,ACM,ACM,7047432-95,"Horizon Provolone Sliced Cheese, 12 oz","Horizon Provolone Sliced Cheese, 12 oz — Sliced Cheese",Horizon,False,12 oz,Dairy & Eggs,Cheese & Deli,Sliced Cheese,Dairy & Eggs,Cheese,Sliced Cheese,3.94
grocery,ACM,ACM,7064997-64,"Signature SELECT Lactose-Free Milk, Half Gallon","Signature SELECT Lactose-Free Milk, Half Gallon — Plant-Based Milk",Signature SELECT,True,Half Gallon,Dairy & Eggs,White Milk,Plant-Based Milk,Dairy & Eggs,Milk,Plant-Based Milk,4.66
grocery,ACM,ACM,7067927-80,"DiGiorno Cheese Pizza, single","DiGiorno Cheese Pizza, single — Frozen Pizza",DiGiorno,False,single,Frozen Foods,Frozen Entrees,Frozen Pizza,Frozen,Frozen Meals,Frozen Pizza,6.67
grocery,ACM,ACM,7089823-03,"Signature SELECT Pain Relief Vitamins, 60 ct","Signature SELECT Pain Relief Vitamins, 60 ct — Vitamins & Wellness",Signature SELECT,True,60 ct,Home & Health,Personal Care,Vitamins & Wellness,Health & Household,Personal Care,Vitamins & Wellness,10.7
grocery,ACM,ACM,7102131-35,"Signature SELECT Pods Laundry, 50 oz","Signature SELECT Pods Laundry, 50 oz — Laundry",Signature SELECT,True,50 oz,Home & Health,Household Cleaning,Laundry,Health & Household,Cleaning & Paper,Laundry,12.97
grocery,ACM,ACM,7107153-05,"Prego Jasmine Rice Rice, 2 lb","Prego Jasmine Rice Rice, 2 lb — Rice & Grains",Prego,False,2 lb,Center Store,Rice & Grains,Rice & Grains,Dry Grocery,Rice & Grains,Rice & Grains,3.55
grocery,ACM,ACM,7109363-68,"Tyson Shrimp Seafood, 12 oz","Tyson Shrimp Seafood, 12 oz — Fish & Shellfish",Tyson,False,12 oz,Meat & Seafood,Fresh Seafood,Fish & Shellfish,Meat & Seafood,Seafood,Fish & Shellfish,13.43
grocery,ACM,ACM,7132134-56,"Signature SELECT Hamburger Buns Rolls, 8 ct","Signature SELECT Hamburger Buns Rolls, 8 ct — Buns & Rolls",Signature SELECT,True,8 ct,In-Store Bakery,Sliced Bread,Buns & Rolls,Bakery,Bread,Buns & Rolls,2.97
grocery,ACM,ACM,7134083-30,"Sara Lee Multigrain Bread, 20 oz loaf","Sara Lee Multigrain Bread, 20 oz loaf — Sandwich Bread",Sara Lee,False,20 oz loaf,In-Store Bakery,Sliced Bread,Sandwich Bread,Bakery,Bread,Sandwich Bread,2.94
grocery,ACM,ACM,7142091-26,"Perdue Whole Chicken Chicken, family pack","Perdue Whole Chicken Chicken, family pack — Chicken",Perdue,False,family pack,Meat & Seafood,Poultry,Chicken,Meat & Seafood,Poultry,Chicken,5.58
grocery,ACM,ACM,7147854-11,"Signature SELECT 2% Reduced Fat Milk, Half Gallon","Signature SELECT 2% Reduced Fat Milk, Half Gallon — 2% Reduced-Fat Milk",Signature SELECT,True,Half Gallon,Dairy & Eggs,White Milk,2% Reduced-Fat Milk,Dairy & Eggs,Milk,2% Reduced-Fat Milk,3.46
grocery,ACM,ACM,7165987-48,"Huggies Cat Litter Pet, 16 oz","Huggies Cat Litter Pet, 16 oz — Pet Treats & Supplies",Huggies,False,16 oz,Baby & Pet,Pet Care,Pet Treats & Supplies,Baby & Pet,Pet,Pet Treats & Supplies,7.49
grocery,ACM,ACM,7198171-54,"Coca-Cola Diet Cola Soda, 12-pack cans","Coca-Cola Diet Cola Soda, 12-pack cans — Soda",Coca-Cola,False,12-pack cans,Beverages,Soft Drinks,Soda,Beverages,Soft Drinks,Soda,5.41
grocery,ACM,ACM,7204012-48,"Ragu Meat Sauce Sauce, 24 oz","Ragu Meat Sauce Sauce, 24 oz — Pasta Sauce",Ragu,False,24 oz,Center Store,Pasta & Italian,Pasta Sauce,Dry Grocery,Pasta & Sauce,Pasta Sauce,3.75
grocery,ACM,ACM,7210185-60,"Driscoll's Organic Kale Vegetables, per lb","Driscoll's Organic Kale Vegetables, per lb — Organic Vegetables",Driscoll's,False,per lb,Fresh Produce,Fresh Vegetables,Organic Vegetables,Produce,Fresh Vegetables,Organic Vegetables,3.67
grocery,ACM,ACM,7211537-92,"Signature SELECT Cake Mix Baking, 4 lb","Signature SELECT Cake Mix Baking, 4 lb — Baking Staples",Signature SELECT,True,4 lb,Center Store,Baking Needs,Baking Staples,Dry Grocery,Baking,Baking Staples,3.08
grocery,ACM,ACM,7215594-29,"Huggies Infant Formula Baby Food, 4-pack","Huggies Infant Formula Baby Food, 4-pack — Formula & Baby Food",Huggies,False,4-pack,Baby & Pet,Baby Care,Formula & Baby Food,Baby & Pet,Baby,Formula & Baby Food,15.39
grocery,ACM,ACM,7225458-08,"Signature SELECT Brown Rice Rice, 5 lb","Signature SELECT Brown Rice Rice, 5 lb — Rice & Grains",Signature SELECT,True,5 lb,Center Store,Rice & Grains,Rice & Grains,Dry Grocery,Rice & Grains,Rice & Grains,3.19
grocery,ACM,ACM,7231310-18,"Pepsi Orange Juice Juice, 64 oz","Pepsi Orange Juice Juice, 64 oz — Juice",Pepsi,False,64 oz,Beverages,Juice & Tea,Juice,Beverages,Juice & Tea,Juice,4.69
grocery,ACM,ACM,7233901-14,"Signature SELECT 2% Reduced Fat Milk, 1 Gallon","Signature SELECT 2% Reduced Fat Milk, 1 Gallon — 2% Reduced-Fat Milk",Signature SELECT,True,1 Gallon,Dairy & Eggs,White Milk,2% Reduced-Fat Milk,Dairy & Eggs,Milk,2% Reduced-Fat Milk,3.56
grocery,ACM,ACM,7235788-91,"Tide Pain Relief Vitamins, 100 ct","Tide Pain Relief Vitamins, 100 ct — Vitamins & Wellness",Tide,False,100 ct,Home & Health,Personal Care,Vitamins & Wellness,Health & Household,Personal Care,Vitamins & Wellness,10.37
grocery,ACM,ACM,7247981-73,"Prego Dark Roast Coffee, 24 oz","Prego Dark Roast Coffee, 24 oz — Coffee",Prego,False,24 oz,Center Store,Coffee & Tea,Coffee,Dry Grocery,Coffee & Tea,Coffee,9.56
grocery,ACM,ACM,7249579-96,"Stouffer's Chocolate Ice Cream, 1 pint","Stouffer's Chocolate Ice Cream, 1 pint — Ice Cream",Stouffer's,False,1 pint,Frozen Foods,Frozen Desserts,Ice Cream,Frozen,Ice Cream & Novelties,Ice Cream,5.51
grocery,ACM,ACM,7257907-47,"Driscoll's Caesar Kit Salad, 12 oz","Driscoll's Caesar Kit Salad, 12 oz — Salad & Greens",Driscoll's,False,12 oz,Fresh Produce,Fresh Vegetables,Salad & Greens,Produce,Fresh Vegetables,Salad & Greens,3.51
grocery,ACM,ACM,7258054-14,"Signature SELECT White Rice Rice, 5 lb","Signature SELECT White Rice Rice, 5 lb — Rice & Grains",Signature SELECT,True,5 lb,Center Store,Rice & Grains,Rice & Grains,Dry Grocery,Rice & Grains,Rice & Grains,3.52
grocery,ACM,ACM,7264004-13,"Prego Lasagna Pasta, 16 oz","Prego Lasagna Pasta, 16 oz — Pasta",Prego,False,16 oz,Center Store,Pasta & Italian,Pasta,Dry Grocery,Pasta & Sauce,Pasta,2.0
grocery,ACM,ACM,7264443-90,"Signature SELECT Cheese Pizza, 2-pack","Signature SELECT Cheese Pizza, 2-pack — Frozen Pizza",Signature SELECT,True,2-pack,Frozen Foods,Frozen Entrees,Frozen Pizza,Frozen,Frozen Meals,Frozen Pizza,6.57
grocery,ACM,ACM,7266758-52,"Signature SELECT Chocolate Bars Candy, 10 oz","Signature SELECT Chocolate Bars Candy, 10 oz — Candy & Chocolate",Signature SELECT,True,10 oz,Snacks & Candy,Sweets,Candy & Chocolate,Snacks & Candy,Cookies & Candy,Candy & Chocolate,3.63
grocery,ACM,ACM,7276520-69,"Signature SELECT Chickpeas Canned, 15 oz","Signature SELECT Chickpeas Canned, 15 oz — Canned Vegetables & Beans",Signature SELECT,True,15 oz,Center Store,Canned & Jarred,Canned Vegetables & Beans,Dry Grocery,Canned & Packaged,Canned Vegetables & Beans,1.36
grocery,ACM,ACM,7277065-75,"Sara Lee Donuts Bakery, 4 ct","Sara Lee Donuts Bakery, 4 ct — Pastries & Bagels",Sara Lee,False,4 ct,In-Store Bakery,Pastries,Pastries & Bagels,Bakery,Bakery Sweets,Pastries & Bagels,4.88
grocery,ACM,ACM,7283714-90,"Signature SELECT Purified Water Water, 24-pack","Signature SELECT Purified Water Water, 24-pack — Water",Signature SELECT,True,24-pack,Beverages,Water & Sports Drinks,Water,Beverages,Water & Sports,Water,4.59
grocery,ACM,ACM,7295938-65,"Barilla Dark Roast Coffee, 24 oz","Barilla Dark Roast Coffee, 24 oz — Coffee",Barilla,False,24 oz,Center Store,Coffee & Tea,Coffee,Dry Grocery,Coffee & Tea,Coffee,9.04
grocery,ACM,ACM,7305231-35,"Doritos Kettle Chips Chips, 13 oz","Doritos Kettle Chips Chips, 13 oz — Potato & Tortilla Chips",Doritos,False,13 oz,Snacks & Candy,Salty Snacks,Potato & Tortilla Chips,Snacks & Candy,Salty Snacks,Potato & Tortilla Chips,4.54
grocery,ACM,ACM,7321402-57,"Fairlife Mixed Berry Greek Yogurt, 5.3 oz","Fairlife Mixed Berry Greek Yogurt, 5.3 oz — Greek Yogurt",Fairlife,False,5.3 oz,Dairy & Eggs,Yogurt & Cultured,Greek Yogurt,Dairy & Eggs,Yogurt,Greek Yogurt,1.34
grocery,ACM,ACM,7339718-22,"Barilla Granola Cereal, 18 oz","Barilla Granola Cereal, 18 oz — Cereal",Barilla,False,18 oz,Center Store,Breakfast,Cereal,Dry Grocery,Breakfast & Cereal,Cereal,4.46
grocery,ACM,ACM,7343105-03,"Signature SELECT Salami Lunch Meat, 9 oz","Signature SELECT Salami Lunch Meat, 9 oz — Lunch Meat",Signature SELECT,True,9 oz,Meat & Seafood,Deli,Lunch Meat,Meat & Seafood,Deli,Lunch Meat,6.74
grocery,ACM,ACM,7352247-66,"Signature SELECT Lasagna Frozen Meal, 10 oz","Signature SELECT Lasagna Frozen Meal, 10 oz — Frozen Entrees",Signature SELECT,True,10 oz,Frozen Foods,Frozen Entrees,Frozen Entrees,Frozen,Frozen Meals,Frozen Entrees,4.5
grocery,ACM,ACM,7352758-90,"Lay's Mixed Nuts Nuts, 10 oz","Lay's Mixed Nuts Nuts, 10 oz — Nuts & Trail Mix",Lay's,False,10 oz,Snacks & Candy,Salty Snacks,Nuts & Trail Mix,Snacks & Candy,Salty Snacks,Nuts & Trail Mix,6.46
grocery,ACM,ACM,7354162-47,"Tide Body Wash Personal Care, 2-pack","Tide Body Wash Personal Care, 2-pack — Oral & Body Care",Tide,False,2-pack,Home & Health,Personal Care,Oral & Body Care,Health & Household,Personal Care,Oral & Body Care,4.19
grocery,ACM,ACM,7366141-43,"Pampers Dog Treats Pet, 20 lb","Pampers Dog Treats Pet, 20 lb — Pet Treats & Supplies",Pampers,False,20 lb,Baby & Pet,Pet Care,Pet Treats & Supplies,Baby & Pet,Pet,Pet Treats & Supplies,6.44
grocery,ACM,ACM,7368806-01,"Pepsi Energy Drink Sports Drink, 12-pack","Pepsi Energy Drink Sports Drink, 12-pack — Sports & Energy Drinks",Pepsi,False,12-pack,Beverages,Water & Sports Drinks,Sports & Energy Drinks,Beverages,Water & Sports,Sports & Energy Drinks,7.22
grocery,ACM,ACM,7392229-96,"Lay's Cashews Nuts, 16 oz","Lay's Cashews Nuts, 16 oz — Nuts & Trail Mix",Lay's,False,16 oz,Snacks & Candy,Salty Snacks,Nuts & Trail Mix,Snacks & Candy,Salty Snacks,Nuts & Trail Mix,7.54
grocery,ACM,ACM,7396945-81,"Tostitos Guacamole Salsa, 16 oz","Tostitos Guacamole Salsa, 16 oz — Salsa & Dips",Tostitos,False,16 oz,Snacks & Candy,Salty Snacks,Salsa & Dips,Snacks & Candy,Salty Snacks,Salsa & Dips,4.3
grocery,ACM,ACM,7398412-18,"Doritos Vanilla Wafers Cookies, 18 oz","Doritos Vanilla Wafers Cookies, 18 oz — Cookies",Doritos,False,18 oz,Snacks & Candy,Sweets,Cookies,Snacks & Candy,Cookies & Candy,Cookies,4.1
grocery,ACM,ACM,7401019-27,"Fresh Express Yellow Onions Vegetables, per lb","Fresh Express Yellow Onions Vegetables, per lb — Everyday Vegetables",Fresh Express,False,per lb,Fresh Produce,Fresh Vegetables,Everyday Vegetables,Produce,Fresh Vegetables,Everyday Vegetables,2.5
grocery,ACM,ACM,7418774-83,"Signature SELECT Cola Soda, 12-pack cans","Signature SELECT Cola Soda, 12-pack cans — Soda",Signature SELECT,True,12-pack cans,Beverages,Soft Drinks,Soda,Beverages,Soft Drinks,Soda,5.69
grocery,ACM,ACM,7419779-31,"Barilla Alfredo Sauce, 24 oz","Barilla Alfredo Sauce, 24 oz — Pasta Sauce",Barilla,False,24 oz,Center Store,Pasta & Italian,Pasta Sauce,Dry Grocery,Pasta & Sauce,Pasta Sauce,3.25
grocery,ACM,ACM,7423735-30,"Signature SELECT Unsalted Butter, 16 oz","Signature SELECT Unsalted Butter, 16 oz — Butter",Signature SELECT,True,16 oz,Dairy & Eggs,Butter & Spreads,Butter,Dairy & Eggs,Butter & Margarine,Butter,4.28
grocery,ACM,ACM,7427099-97,"Oscar Mayer Ribeye Steak, per lb","Oscar Mayer Ribeye Steak, per lb — Beef Steaks",Oscar Mayer,False,per lb,Meat & Seafood,Beef,Beef Steaks,Meat & Seafood,Beef,Beef Steaks,15.6
grocery,ACM,ACM,7429943-43,"Driscoll's Romaine Salad, 5 oz","Driscoll's Romaine Salad, 5 oz — Salad & Greens",Driscoll's,False,5 oz,Fresh Produce,Fresh Vegetables,Salad & Greens,Produce,Fresh Vegetables,Salad & Greens,3.25
grocery,ACM,ACM,7431068-10,"Dole Celery Vegetables, per lb","Dole Celery Vegetables, per lb — Everyday Vegetables",Dole,False,per lb,Fresh Produce,Fresh Vegetables,Everyday Vegetables,Produce,Fresh Vegetables,Everyday Vegetables,2.08
grocery,ACM,ACM,7432764-57,"Signature SELECT Hot Dog Buns Rolls, 8 ct","Signature SELECT Hot Dog Buns Rolls, 8 ct — Buns & Rolls",Signature SELECT,True,8 ct,In-Store Bakery,Sliced Bread,Buns & Rolls,Bakery,Bread,Buns & Rolls,3.12
grocery,ACM,ACM,7433585-13,"Signature SELECT Ranch Dressing Condiment, 20 oz","Signature SELECT Ranch Dressing Condiment, 20 oz — Condiments & Dressings",Signature SELECT,True,20 oz,Center Store,Condiments & Dressings,Condiments & Dressings,Dry Grocery,Condiments,Condiments & Dressings,3.24
grocery,ACM,ACM,7448716-36,"Doritos Ruffles Chips, 13 oz","Doritos Ruffles Chips, 13 oz — Potato & Tortilla Chips",Doritos,False,13 oz,Snacks & Candy,Salty Snacks,Potato & Tortilla Chips,Snacks & Candy,Salty Snacks,Potato & Tortilla Chips,4.52
grocery,ACM,ACM,7460527-84,"Signature SELECT Cheddar Shredded Cheese, 16 oz","Signature SELECT Cheddar Shredded Cheese, 16 oz — Shredded Cheese",Signature SELECT,True,16 oz,Dairy & Eggs,Cheese & Deli,Shredded Cheese,Dairy & Eggs,Cheese,Shredded Cheese,3.9
grocery,ACM,ACM,7467051-30,"Signature SELECT Whole Chicken Chicken, per lb","Signature SELECT Whole Chicken Chicken, per lb — Chicken",Signature SELECT,True,per lb,Meat & Seafood,Poultry,Chicken,Meat & Seafood,Poultry,Chicken,5.18
grocery,ACM,ACM,7467467-37,"Pepsi Iced Tea Tea, 59 oz","Pepsi Iced Tea Tea, 59 oz — Tea & Mixers",Pepsi,False,59 oz,Beverages,Juice & Tea,Tea & Mixers,Beverages,Juice & Tea,Tea & Mixers,4.32
grocery,ACM,ACM,7474532-76,"Doritos Queso Salsa, 16 oz","Doritos Queso Salsa, 16 oz — Salsa & Dips",Doritos,False,16 oz,Snacks & Candy,Salty Snacks,Salsa & Dips,Snacks & Candy,Salty Snacks,Salsa & Dips,4.12
grocery,ACM,ACM,7480318-95,"Bounty Pain Relief Vitamins, 60 ct","Bounty Pain Relief Vitamins, 60 ct — Vitamins & Wellness",Bounty,False,60 ct,Home & Health,Personal Care,Vitamins & Wellness,Health & Household,Personal Care,Vitamins & Wellness,10.57
grocery,ACM,ACM,7481260-06,"Signature SELECT Mixed Nuts Nuts, 10 oz","Signature SELECT Mixed Nuts Nuts, 10 oz — Nuts & Trail Mix",Signature SELECT,True,10 oz,Snacks & Candy,Salty Snacks,Nuts & Trail Mix,Snacks & Candy,Salty Snacks,Nuts & Trail Mix,7.53
grocery,ACM,ACM,7491784-07,"Signature SELECT Almonds Nuts, 10 oz","Signature SELECT Almonds Nuts, 10 oz — Nuts & Trail Mix",Signature SELECT,True,10 oz,Snacks & Candy,Salty Snacks,Nuts & Trail Mix,Snacks & Candy,Salty Snacks,Nuts & Trail Mix,7.03
grocery,ACM,ACM,7492367-26,"Pampers Baby Cereal Baby Food, 4-pack","Pampers Baby Cereal Baby Food, 4-pack — Formula & Baby Food",Pampers,False,4-pack,Baby & Pet,Baby Care,Formula & Baby Food,Baby & Pet,Baby,Formula & Baby Food,15.05
grocery,ACM,ACM,7493041-18,"Horizon Whole Milk, 1 Gallon","Horizon Whole Milk, 1 Gallon — Whole Milk",Horizon,False,1 Gallon,Dairy & Eggs,White Milk,Whole Milk,Dairy & Eggs,Milk,Whole Milk,3.68
grocery,ACM,ACM,7496279-50,"Horizon Strawberry Greek Yogurt, 32 oz","Horizon Strawberry Greek Yogurt, 32 oz — Greek Yogurt",Horizon,False,32 oz,Dairy & Eggs,Yogurt & Cultured,Greek Yogurt,Dairy & Eggs,Yogurt,Greek Yogurt,1.32
grocery,ACM,ACM,7499422-67,"Barilla Whole Bean Coffee, 24 oz","Barilla Whole Bean Coffee, 24 oz — Coffee",Barilla,False,24 oz,Center Store,Coffee & Tea,Coffee,Dry Grocery,Coffee & Tea,Coffee,9.54
grocery,ACM,ACM,7504816-45,"Driscoll's Apples Gala Fruit, per lb","Driscoll's Apples Gala Fruit, per lb — Bananas & Everyday Fruit",Driscoll's,False,per lb,Fresh Produce,Fresh Fruit,Bananas & Everyday Fruit,Produce,Fresh Fruit,Bananas & Everyday Fruit,2.38
grocery,ACM,ACM,7509008-00,"Signature SELECT Extra Large Grade A Eggs, Dozen","Signature SELECT Extra Large Grade A Eggs, Dozen — Grade A Eggs",Signature SELECT,True,Dozen,Dairy & Eggs,Eggs,Grade A Eggs,Dairy & Eggs,Eggs,Grade A Eggs,3.38
grocery,ACM,ACM,7516286-68,"Tide 2-in-1 Hair Care, 12 oz","Tide 2-in-1 Hair Care, 12 oz — Hair Care",Tide,False,12 oz,Home & Health,Personal Care,Hair Care,Health & Household,Personal Care,Hair Care,6.04
grocery,ACM,ACM,7530302-32,"Pepperidge Farm White Bread, 20 oz loaf","Pepperidge Farm White Bread, 20 oz loaf — Sandwich Bread",Pepperidge Farm,False,20 oz loaf,In-Store Bakery,Sliced Bread,Sandwich Bread,Bakery,Bread,Sandwich Bread,2.93
grocery,ACM,ACM,7547088-26,"Signature SELECT Vanilla Wafers Cookies, 13 oz","Signature SELECT Vanilla Wafers Cookies, 13 oz — Cookies",Signature SELECT,True,13 oz,Snacks & Candy,Sweets,Cookies,Snacks & Candy,Cookies & Candy,Cookies,4.12
grocery,ACM,ACM,7554725-39,"Tostitos Kettle Chips Chips, 8 oz","Tostitos Kettle Chips Chips, 8 oz — Potato & Tortilla Chips",Tostitos,False,8 oz,Snacks & Candy,Salty Snacks,Potato & Tortilla Chips,Snacks & Candy,Salty Snacks,Potato & Tortilla Chips,4.76
grocery,ACM,ACM,7559247-86,"Tyson Ham Lunch Meat, 9 oz","Tyson Ham Lunch Meat, 9 oz — Lunch Meat",Tyson,False,9 oz,Meat & Seafood,Deli,Lunch Meat,Meat & Seafood,Deli,Lunch Meat,6.12
grocery,ACM,ACM,7563024-50,"Sara Lee Dinner Rolls Rolls, 8 ct","Sara Lee Dinner Rolls Rolls, 8 ct — Buns & Rolls",Sara Lee,False,8 ct,In-Store Bakery,Sliced Bread,Buns & Rolls,Bakery,Bread,Buns & Rolls,3.24
grocery,ACM,ACM,7565554-33,"Pepperidge Farm Wheat Bread, 20 oz loaf","Pepperidge Farm Wheat Bread, 20 oz loaf — Sandwich Bread",Pepperidge Farm,False,20 oz loaf,In-Store Bakery,Sliced Bread,Sandwich Bread,Bakery,Bread,Sandwich Bread,3.03
grocery,ACM,ACM,7575651-97,"Tide Disinfecting Wipes Cleaner, 32 oz","Tide Disinfecting Wipes Cleaner, 32 oz — Cleaning Supplies",Tide,False,32 oz,Home & Health,Household Cleaning,Cleaning Supplies,Health & Household,Cleaning & Paper,Cleaning Supplies,4.93
grocery,ACM,ACM,7585507-89,"Tyson Ham Lunch Meat, 16 oz","Tyson Ham Lunch Meat, 16 oz — Lunch Meat",Tyson,False,16 oz,Meat & Seafood,Deli,Lunch Meat,Meat & Seafood,Deli,Lunch Meat,6.82
grocery,ACM,ACM,7586348-58,"Ben & Jerry's Lasagna Frozen Meal, 10 oz","Ben & Jerry's Lasagna Frozen Meal, 10 oz — Frozen Entrees",Ben & Jerry's,False,10 oz,Frozen Foods,Frozen Entrees,Frozen Entrees,Frozen,Frozen Meals,Frozen Entrees,4.82
grocery,ACM,ACM,7587938-98,"Signature SELECT Probiotic Vitamins, 100 ct","Signature SELECT Probiotic Vitamins, 100 ct — Vitamins & Wellness",Signature SELECT,True,100 ct,Home & Health,Personal Care,Vitamins & Wellness,Health & Household,Personal Care,Vitamins & Wellness,9.84
grocery,ACM,ACM,7594323-89,"Signature SELECT Pepperoni Pizza, 2-pack","Signature SELECT Pepperoni Pizza, 2-pack — Frozen Pizza",Signature SELECT,True,2-pack,Frozen Foods,Frozen Entrees,Frozen Pizza,Frozen,Frozen Meals,Frozen Pizza,6.39
grocery,ACM,ACM,7599484-71,"Lay's Medium Salsa Salsa, 16 oz","Lay's Medium Salsa Salsa, 16 oz — Salsa & Dips",Lay's,False,16 oz,Snacks & Candy,Salty Snacks,Salsa & Dips,Snacks & Candy,Salty Snacks,Salsa & Dips,3.54
grocery,ACM,ACM,7610388-94,"Signature SELECT Vegetable Soup, 10.5 oz","Signature SELECT Vegetable Soup, 10.5 oz — Canned Soup",Signature SELECT,True,10.5 oz,Center Store,Canned & Jarred,Canned Soup,Dry Grocery,Canned & Packaged,Canned Soup,2.39
grocery,ACM,ACM,7610759-38,"Signature SELECT Wet Cat Food Pet Food, 12-pack","Signature SELECT Wet Cat Food Pet Food, 12-pack — Pet Food",Signature SELECT,True,12-pack,Baby & Pet,Pet Care,Pet Food,Baby & Pet,Pet,Pet Food,16.81
grocery,ACM,ACM,7612174-04,"Prego Ketchup Condiment, 16 oz","Prego Ketchup Condiment, 16 oz — Condiments & Dressings",Prego,False,16 oz,Center Store,Condiments & Dressings,Condiments & Dressings,Dry Grocery,Condiments,Condiments & Dressings,3.71
grocery,ACM,ACM,7631506-74,"Fairlife Mozzarella Shredded Cheese, 8 oz","Fairlife Mozzarella Shredded Cheese, 8 oz — Shredded Cheese",Fairlife,False,8 oz,Dairy & Eggs,Cheese & Deli,Shredded Cheese,Dairy & Eggs,Cheese,Shredded Cheese,4.35
grocery,ACM,ACM,7656276-14,"Signature SELECT Dish Soap Cleaner, 24 oz","Signature SELECT Dish Soap Cleaner, 24 oz — Cleaning Supplies",Signature SELECT,True,24 oz,Home & Health,Household Cleaning,Cleaning Supplies,Health & Household,Cleaning & Paper,Cleaning Supplies,5.17
grocery,ACM,ACM,7657673-02,"Barilla BBQ Sauce Condiment, 20 oz","Barilla BBQ Sauce Condiment, 20 oz — Condiments & Dressings",Barilla,False,20 oz,Center Store,Condiments & Dressings,Condiments & Dressings,Dry Grocery,Condiments,Condiments & Dressings,3.53
grocery,ACM,ACM,7667390-29,"Fresh Express Carrots Vegetables, per lb","Fresh Express Carrots Vegetables, per lb — Everyday Vegetables",Fresh Express,False,per lb,Fresh Produce,Fresh Vegetables,Everyday Vegetables,Produce,Fresh Vegetables,Everyday Vegetables,2.46
grocery,ACM,ACM,7667611-95,"Tide All-Purpose Cleaner Cleaner, 32 oz","Tide All-Purpose Cleaner Cleaner, 32 oz — Cleaning Supplies",Tide,False,32 oz,Home & Health,Household Cleaning,Cleaning Supplies,Health & Household,Cleaning & Paper,Cleaning Supplies,4.9
grocery,ACM,ACM,7669227-86,"Tide Bath Tissue Paper, 12 roll","Tide Bath Tissue Paper, 12 roll — Paper Products",Tide,False,12 roll,Home & Health,Household Cleaning,Paper Products,Health & Household,Cleaning & Paper,Paper Products,11.43
grocery,ACM,ACM,7673336-66,"Dole Blueberries Berries, 2 lb","Dole Blueberries Berries, 2 lb — Berries",Dole,False,2 lb,Fresh Produce,Fresh Fruit,Berries,Produce,Fresh Fruit,Berries,3.65
grocery,ACM,ACM,7676155-42,"Dole Navel Oranges Fruit, 3 lb bag","Dole Navel Oranges Fruit, 3 lb bag — Bananas & Everyday Fruit",Dole,False,3 lb bag,Fresh Produce,Fresh Fruit,Bananas & Everyday Fruit,Produce,Fresh Fruit,Bananas & Everyday Fruit,2.33
grocery,ACM,ACM,7678406-41,"Signature SELECT Goat Cheese, 8 oz","Signature SELECT Goat Cheese, 8 oz — Specialty Cheese",Signature SELECT,True,8 oz,Dairy & Eggs,Cheese & Deli,Specialty Cheese,Dairy & Eggs,Cheese,Specialty Cheese,6.74
grocery,ACM,ACM,7681371-33,"Lay's Gummy Candy Candy, 18 oz","Lay's Gummy Candy Candy, 18 oz — Candy & Chocolate",Lay's,False,18 oz,Snacks & Candy,Sweets,Candy & Chocolate,Snacks & Candy,Cookies & Candy,Candy & Chocolate,3.47
grocery,ACM,ACM,7682158-55,"Perdue Bacon Bacon, 16 oz","Perdue Bacon Bacon, 16 oz — Bacon & Sausage",Perdue,False,16 oz,Meat & Seafood,Pork,Bacon & Sausage,Meat & Seafood,Pork,Bacon & Sausage,7.39
grocery,ACM,ACM,7688795-25,"Signature SELECT Sandwich Cookies Cookies, 13 oz","Signature SELECT Sandwich Cookies Cookies, 13 oz — Cookies",Signature SELECT,True,13 oz,Snacks & Candy,Sweets,Cookies,Snacks & Candy,Cookies & Candy,Cookies,4.19
grocery,ACM,ACM,7693936-00,"Barilla Mayonnaise Condiment, 20 oz","Barilla Mayonnaise Condiment, 20 oz — Condiments & Dressings",Barilla,False,20 oz,Center Store,Condiments & Dressings,Condiments & Dressings,Dry Grocery,Condiments,Condiments & Dressings,3.39
grocery,ACM,ACM,7703469-52,"Pepperidge Farm Hot Dog Buns Rolls, 8 ct","Pepperidge Farm Hot Dog Buns Rolls, 8 ct — Buns & Rolls",Pepperidge Farm,False,8 ct,In-Store Bakery,Sliced Bread,Buns & Rolls,Bakery,Bread,Buns & Rolls,3.51
grocery,ACM,ACM,7712922-42,"Tostitos Tortilla Chips Chips, 13 oz","Tostitos Tortilla Chips Chips, 13 oz — Potato & Tortilla Chips",Tostitos,False,13 oz,Snacks & Candy,Salty Snacks,Potato & Tortilla Chips,Snacks & Candy,Salty Snacks,Potato & Tortilla Chips,5.11
grocery,ACM,ACM,7717535-41,"Pepsi Green Tea Tea, gallon","Pepsi Green Tea Tea, gallon — Tea & Mixers",Pepsi,False,gallon,Beverages,Juice & Tea,Tea & Mixers,Beverages,Juice & Tea,Tea & Mixers,4.39
grocery,ACM,ACM,7725839-24,"Pampers Infant Formula Baby Food, 4-pack","Pampers Infant Formula Baby Food, 4-pack — Formula & Baby Food",Pampers,False,4-pack,Baby & Pet,Baby Care,Formula & Baby Food,Baby & Pet,Baby,Formula & Baby Food,13.9
grocery,ACM,ACM,7738293-75,"Fairlife Vanilla Yogurt, 6 oz","Fairlife Vanilla Yogurt, 6 oz — Regular Yogurt",Fairlife,False,6 oz,Dairy & Eggs,Yogurt & Cultured,Regular Yogurt,Dairy & Eggs,Yogurt,Regular Yogurt,0.9
grocery,ACM,ACM,7754686-90,"Driscoll's Avocado Fruit, each","Driscoll's Avocado Fruit, each — Organic & Specialty Fruit",Driscoll's,False,each,Fresh Produce,Fresh Fruit,Organic & Specialty Fruit,Produce,Fresh Fruit,Organic & Specialty Fruit,4.64
grocery,ACM,ACM,7755222-23,"Signature SELECT Vitamin D Whole Milk, 1 Gallon","Signature SELECT Vitamin D Whole Milk, 1 Gallon — Whole Milk",Signature SELECT,True,1 Gallon,Dairy & Eggs,White Milk,Whole Milk,Dairy & Eggs,Milk,Whole Milk,3.28
grocery,ACM,ACM,7757742-26,"Signature SELECT Orange Juice Juice, 64 oz","Signature SELECT Orange Juice Juice, 64 oz — Juice",Signature SELECT,True,64 oz,Beverages,Juice & Tea,Juice,Beverages,Juice & Tea,Juice,4.65
grocery,ACM,ACM,7765094-56,"DiGiorno Bowls Frozen Meal, family size","DiGiorno Bowls Frozen Meal, family size — Frozen Entrees",DiGiorno,False,family size,Frozen Foods,Frozen Entrees,Frozen Entrees,Frozen,Frozen Meals,Frozen Entrees,4.76
grocery,ACM,ACM,7779551-85,"Tyson Turkey Lunch Meat, 9 oz","Tyson Turkey Lunch Meat, 9 oz — Lunch Meat",Tyson,False,9 oz,Meat & Seafood,Deli,Lunch Meat,Meat & Seafood,Deli,Lunch Meat,6.19
grocery,ACM,ACM,7781228-52,"Perdue Bacon Bacon, 12 oz","Perdue Bacon Bacon, 12 oz — Bacon & Sausage",Perdue,False,12 oz,Meat & Seafood,Pork,Bacon & Sausage,Meat & Seafood,Pork,Bacon & Sausage,7.15
grocery,ACM,ACM,7791953-19,"Signature SELECT Spaghetti Pasta, 16 oz","Signature SELECT Spaghetti Pasta, 16 oz — Pasta",Signature SELECT,True,16 oz,Center Store,Pasta & Italian,Pasta,Dry Grocery,Pasta & Sauce,Pasta,1.74
grocery,ACM,ACM,7795826-60,"Signature SELECT Bananas Fruit, per lb","Signature SELECT Bananas Fruit, per lb — Bananas & Everyday Fruit",Signature SELECT,True,per lb,Fresh Produce,Fresh Fruit,Bananas & Everyday Fruit,Produce,Fresh Fruit,Bananas & Everyday Fruit,2.32
grocery,ACM,ACM,7796237-56,"Signature SELECT Instant Oatmeal Oatmeal, 18 oz","Signature SELECT Instant Oatmeal Oatmeal, 18 oz — Oatmeal & Hot Cereal",Signature SELECT,True,18 oz,Center Store,Breakfast,Oatmeal & Hot Cereal,Dry Grocery,Breakfast & Cereal,Oatmeal & Hot Cereal,4.41
grocery,ACM,ACM,7798491-95,"Perdue Salami Lunch Meat, 9 oz","Perdue Salami Lunch Meat, 9 oz — Lunch Meat",Perdue,False,9 oz,Meat & Seafood,Deli,Lunch Meat,Meat & Seafood,Deli,Lunch Meat,6.88
grocery,ACM,ACM,7817066-34,"Prego Tomato Basil Sauce, 24 oz","Prego Tomato Basil Sauce, 24 oz — Pasta Sauce",Prego,False,24 oz,Center Store,Pasta & Italian,Pasta Sauce,Dry Grocery,Pasta & Sauce,Pasta Sauce,3.46
grocery,ACM,ACM,7832673-02,"Hillshire Farm NY Strip Steak, per lb","Hillshire Farm NY Strip Steak, per lb — Beef Steaks",Hillshire Farm,False,per lb,Meat & Seafood,Beef,Beef Steaks,Meat & Seafood,Beef,Beef Steaks,17.3
grocery,ACM,ACM,7841380-64,"Signature SELECT Cheese Crackers Crackers, 16 oz","Signature SELECT Cheese Crackers Crackers, 16 oz — Crackers",Signature SELECT,True,16 oz,Snacks & Candy,Salty Snacks,Crackers,Snacks & Candy,Salty Snacks,Crackers,3.3
grocery,ACM,ACM,7848825-65,"Signature SELECT Plain Greek Yogurt, 32 oz","Signature SELECT Plain Greek Yogurt, 32 oz — Greek Yogurt",Signature SELECT,True,32 oz,Dairy & Eggs,Yogurt & Cultured,Greek Yogurt,Dairy & Eggs,Yogurt,Greek Yogurt,1.28
grocery,ACM,ACM,7851685-05,"DiGiorno Cookies & Cream Ice Cream, 1 pint","DiGiorno Cookies & Cream Ice Cream, 1 pint — Ice Cream",DiGiorno,False,1 pint,Frozen Foods,Frozen Desserts,Ice Cream,Frozen,Ice Cream & Novelties,Ice Cream,6.07
grocery,ACM,ACM,7866777-02,"DiGiorno Mint Chip Ice Cream, 48 oz","DiGiorno Mint Chip Ice Cream, 48 oz — Ice Cream",DiGiorno,False,48 oz,Frozen Foods,Frozen Desserts,Ice Cream,Frozen,Ice Cream & Novelties,Ice Cream,5.81
grocery,ACM,ACM,7868507-20,"Horizon Feta Cheese, 8 oz","Horizon Feta Cheese, 8 oz — Specialty Cheese",Horizon,False,8 oz,Dairy & Eggs,Cheese & Deli,Specialty Cheese,Dairy & Eggs,Cheese,Specialty Cheese,6.76
grocery,ACM,ACM,7871062-00,"Signature SELECT Turkey Lunch Meat, 9 oz","Signature SELECT Turkey Lunch Meat, 9 oz — Lunch Meat",Signature SELECT,True,9 oz,Meat & Seafood,Deli,Lunch Meat,Meat & Seafood,Deli,Lunch Meat,6.31
grocery,ACM,ACM,7881495-95,"Signature SELECT Cage-Free Large Eggs, Dozen","Signature SELECT Cage-Free Large Eggs, Dozen — Grade A Eggs",Signature SELECT,True,Dozen,Dairy & Eggs,Eggs,Grade A Eggs,Dairy & Eggs,Eggs,Grade A Eggs,2.9
grocery,ACM,ACM,7882463-16,"Huggies Diapers Size 5 Baby, box","Huggies Diapers Size 5 Baby, box — Diapers & Wipes",Huggies,False,box,Baby & Pet,Baby Care,Diapers & Wipes,Baby & Pet,Baby,Diapers & Wipes,27.64
grocery,ACM,ACM,7916087-46,"Tostitos Fun Size Mix Candy, 10 oz","Tostitos Fun Size Mix Candy, 10 oz — Candy & Chocolate",Tostitos,False,10 oz,Snacks & Candy,Sweets,Candy & Chocolate,Snacks & Candy,Cookies & Candy,Candy & Chocolate,4.18
grocery,ACM,ACM,7919624-48,"Tostitos Chocolate Bars Candy, 18 oz","Tostitos Chocolate Bars Candy, 18 oz — Candy & Chocolate",Tostitos,False,18 oz,Snacks & Candy,Sweets,Candy & Chocolate,Snacks & Candy,Cookies & Candy,Candy & Chocolate,3.93
grocery,ACM,ACM,7923613-30,"Fairlife Feta Cheese, 8 oz","Fairlife Feta Cheese, 8 oz — Specialty Cheese",Fairlife,False,8 oz,Dairy & Eggs,Cheese & Deli,Specialty Cheese,Dairy & Eggs,Cheese,Specialty Cheese,7.6
grocery,ACM,ACM,7925753-61,"Signature SELECT Plain Greek Yogurt, 5.3 oz","Signature SELECT Plain Greek Yogurt, 5.3 oz — Greek Yogurt",Signature SELECT,True,5.3 oz,Dairy & Eggs,Yogurt & Cultured,Greek Yogurt,Dairy & Eggs,Yogurt,Greek Yogurt,1.27
grocery,ACM,ACM,7944729-44,"Pampers Cat Treats Pet, 20 lb","Pampers Cat Treats Pet, 20 lb — Pet Treats & Supplies",Pampers,False,20 lb,Baby & Pet,Pet Care,Pet Treats & Supplies,Baby & Pet,Pet,Pet Treats & Supplies,6.61
grocery,ACM,ACM,7950009-73,"Barilla Cream of Mushroom Soup, 10.5 oz","Barilla Cream of Mushroom Soup, 10.5 oz — Canned Soup",Barilla,False,10.5 oz,Center Store,Canned & Jarred,Canned Soup,Dry Grocery,Canned & Packaged,Canned Soup,2.14
grocery,ACM,ACM,7953222-81,"Prego Chicken Noodle Soup, 18 oz","Prego Chicken Noodle Soup, 18 oz — Canned Soup",Prego,False,18 oz,Center Store,Canned & Jarred,Canned Soup,Dry Grocery,Canned & Packaged,Canned Soup,2.36
grocery,ACM,ACM,7953333-37,"Huggies Dry Dog Food Pet Food, 16 lb","Huggies Dry Dog Food Pet Food, 16 lb — Pet Food",Huggies,False,16 lb,Baby & Pet,Pet Care,Pet Food,Baby & Pet,Pet,Pet Food,19.2
grocery,ACM,ACM,7957212-40,"Dole Romaine Salad, 12 oz","Dole Romaine Salad, 12 oz — Salad & Greens",Dole,False,12 oz,Fresh Produce,Fresh Vegetables,Salad & Greens,Produce,Fresh Vegetables,Salad & Greens,3.07
grocery,ACM,ACM,7957230-65,"Nature's Own Croissants Bakery, 6 ct","Nature's Own Croissants Bakery, 6 ct — Pastries & Bagels",Nature's Own,False,6 ct,In-Store Bakery,Pastries,Pastries & Bagels,Bakery,Bakery Sweets,Pastries & Bagels,4.23
grocery,ACM,ACM,7974249-86,"Tide Probiotic Vitamins, 60 ct","Tide Probiotic Vitamins, 60 ct — Vitamins & Wellness",Tide,False,60 ct,Home & Health,Personal Care,Vitamins & Wellness,Health & Household,Personal Care,Vitamins & Wellness,9.73
grocery,ACM,ACM,7982472-18,"Barilla Frosted Flakes Cereal, 12 oz","Barilla Frosted Flakes Cereal, 12 oz — Cereal",Barilla,False,12 oz,Center Store,Breakfast,Cereal,Dry Grocery,Breakfast & Cereal,Cereal,3.93
grocery,ACM,ACM,7984139-40,"Pampers Dog Treats Pet, 16 oz","Pampers Dog Treats Pet, 16 oz — Pet Treats & Supplies",Pampers,False,16 oz,Baby & Pet,Pet Care,Pet Treats & Supplies,Baby & Pet,Pet,Pet Treats & Supplies,6.58
grocery,ACM,ACM,7986136-28,"Signature SELECT Thighs Chicken, per lb","Signature SELECT Thighs Chicken, per lb — Chicken",Signature SELECT,True,per lb,Meat & Seafood,Poultry,Chicken,Meat & Seafood,Poultry,Chicken,5.19
grocery,ACM,ACM,7988584-37,"Organic Valley Parmesan Wedge Cheese, 6 oz","Organic Valley Parmesan Wedge Cheese, 6 oz — Specialty Cheese",Organic Valley,False,6 oz,Dairy & Eggs,Cheese & Deli,Specialty Cheese,Dairy & Eggs,Cheese,Specialty Cheese,7.71
grocery,ACM,ACM,7988650-21,"Horizon Goat Cheese, 8 oz","Horizon Goat Cheese, 8 oz — Specialty Cheese",Horizon,False,8 oz,Dairy & Eggs,Cheese & Deli,Specialty Cheese,Dairy & Eggs,Cheese,Specialty Cheese,6.27
grocery,ACM,ACM,7995530-45,"Pampers Cat Litter Pet, 20 lb","Pampers Cat Litter Pet, 20 lb — Pet Treats & Supplies",Pampers,False,20 lb,Baby & Pet,Pet Care,Pet Treats & Supplies,Baby & Pet,Pet,Pet Treats & Supplies,6.89
grocery,ACM,ACM,8047093-34,"Signature SELECT Frosted Flakes Cereal, 12 oz","Signature SELECT Frosted Flakes Cereal, 12 oz — Cereal",Signature SELECT,True,12 oz,Center Store,Breakfast,Cereal,Dry Grocery,Breakfast & Cereal,Cereal,3.98
grocery,ACM,ACM,8051014-51,"Horizon Blueberry Greek Yogurt, 32 oz","Horizon Blueberry Greek Yogurt, 32 oz — Greek Yogurt",Horizon,False,32 oz,Dairy & Eggs,Yogurt & Cultured,Greek Yogurt,Dairy & Eggs,Yogurt,Greek Yogurt,1.26
grocery,ACM,ACM,8051947-53,"Lay's Cheese Crackers Crackers, 12 oz","Lay's Cheese Crackers Crackers, 12 oz — Crackers",Lay's,False,12 oz,Snacks & Candy,Salty Snacks,Crackers,Snacks & Candy,Salty Snacks,Crackers,3.2
grocery,ACM,ACM,8054058-61,"Driscoll's Organic Broccoli Vegetables, per lb","Driscoll's Organic Broccoli Vegetables, per lb — Organic Vegetables",Driscoll's,False,per lb,Fresh Produce,Fresh Vegetables,Organic Vegetables,Produce,Fresh Vegetables,Organic Vegetables,3.51
grocery,ACM,ACM,8054701-23,"Fairlife Brie Cheese, 6 oz","Fairlife Brie Cheese, 6 oz — Specialty Cheese",Fairlife,False,6 oz,Dairy & Eggs,Cheese & Deli,Specialty Cheese,Dairy & Eggs,Cheese,Specialty Cheese,6.96
grocery,ACM,ACM,8065938-24,"Signature SELECT Spaghetti Pasta, 16 oz","Signature SELECT Spaghetti Pasta, 16 oz — Pasta",Signature SELECT,True,16 oz,Center Store,Pasta & Italian,Pasta,Dry Grocery,Pasta & Sauce,Pasta,1.89
grocery,ACM,ACM,8066018-25,"Signature SELECT Fruit Punch Juice, 52 oz","Signature SELECT Fruit Punch Juice, 52 oz — Juice",Signature SELECT,True,52 oz,Beverages,Juice & Tea,Juice,Beverages,Juice & Tea,Juice,4.52
grocery,ACM,ACM,8072331-05,"Prego Mayonnaise Condiment, 16 oz","Prego Mayonnaise Condiment, 16 oz — Condiments & Dressings",Prego,False,16 oz,Center Store,Condiments & Dressings,Condiments & Dressings,Dry Grocery,Condiments,Condiments & Dressings,3.55
grocery,ACM,ACM,8083801-94,"Barilla Ketchup Condiment, 16 oz","Barilla Ketchup Condiment, 16 oz — Condiments & Dressings",Barilla,False,16 oz,Center Store,Condiments & Dressings,Condiments & Dressings,Dry Grocery,Condiments,Condiments & Dressings,3.14
grocery,ACM,ACM,8087588-08,"Dole Russet Potatoes Vegetables, per lb","Dole Russet Potatoes Vegetables, per lb — Everyday Vegetables",Dole,False,per lb,Fresh Produce,Fresh Vegetables,Everyday Vegetables,Produce,Fresh Vegetables,Everyday Vegetables,1.92
grocery,ACM,ACM,8088604-17,"Tide Liquid Detergent Laundry, 50 oz","Tide Liquid Detergent Laundry, 50 oz — Laundry",Tide,False,50 oz,Home & Health,Household Cleaning,Laundry,Health & Household,Cleaning & Paper,Laundry,11.54
grocery,ACM,ACM,8093528-50,"Prego Quick Oats Oatmeal, 18 oz","Prego Quick Oats Oatmeal, 18 oz — Oatmeal & Hot Cereal",Prego,False,18 oz,Center Store,Breakfast,Oatmeal & Hot Cereal,Dry Grocery,Breakfast & Cereal,Oatmeal & Hot Cereal,4.69
grocery,ACM,ACM,8097920-66,"Nature's Own Muffins Bakery, 4 ct","Nature's Own Muffins Bakery, 4 ct — Pastries & Bagels",Nature's Own,False,4 ct,In-Store Bakery,Pastries,Pastries & Bagels,Bakery,Bakery Sweets,Pastries & Bagels,4.1
grocery,ACM,ACM,8101245-16,"Doritos Chocolate Chip Cookies, 18 oz","Doritos Chocolate Chip Cookies, 18 oz — Cookies",Doritos,False,18 oz,Snacks & Candy,Sweets,Cookies,Snacks & Candy,Cookies & Candy,Cookies,4.26
grocery,ACM,ACM,8137328-55,"Signature SELECT Dog Treats Pet, 20 lb","Signature SELECT Dog Treats Pet, 20 lb — Pet Treats & Supplies",Signature SELECT,True,20 lb,Baby & Pet,Pet Care,Pet Treats & Supplies,Baby & Pet,Pet,Pet Treats & Supplies,6.77
grocery,ACM,ACM,8142433-48,"Tide Bar Soap Personal Care, 2-pack","Tide Bar Soap Personal Care, 2-pack — Oral & Body Care",Tide,False,2-pack,Home & Health,Personal Care,Oral & Body Care,Health & Household,Personal Care,Oral & Body Care,4.49
grocery,ACM,ACM,8144889-62,"Doritos Saltines Crackers, 16 oz","Doritos Saltines Crackers, 16 oz — Crackers",Doritos,False,16 oz,Snacks & Candy,Salty Snacks,Crackers,Snacks & Candy,Salty Snacks,Crackers,3.83
grocery,ACM,ACM,8153150-29,"Sara Lee Wheat Bread, 20 oz loaf","Sara Lee Wheat Bread, 20 oz loaf — Sandwich Bread",Sara Lee,False,20 oz loaf,In-Store Bakery,Sliced Bread,Sandwich Bread,Bakery,Bread,Sandwich Bread,2.9
grocery,ACM,ACM,8153617-08,"Pampers Diapers Size 5 Baby, jumbo pack","Pampers Diapers Size 5 Baby, jumbo pack — Diapers & Wipes",Pampers,False,jumbo pack,Baby & Pet,Baby Care,Diapers & Wipes,Baby & Pet,Baby,Diapers & Wipes,22.26
grocery,ACM,ACM,8161256-16,"Pepsi Apple Juice Juice, 52 oz","Pepsi Apple Juice Juice, 52 oz — Juice",Pepsi,False,52 oz,Beverages,Juice & Tea,Juice,Beverages,Juice & Tea,Juice,4.75
grocery,ACM,ACM,8163610-06,"Horizon Pasture-Raised Eggs, Dozen","Horizon Pasture-Raised Eggs, Dozen — Specialty Eggs",Horizon,False,Dozen,Dairy & Eggs,Eggs,Specialty Eggs,Dairy & Eggs,Eggs,Specialty Eggs,5.4
grocery,ACM,ACM,8173668-21,"Signature SELECT Rotini Pasta, 16 oz","Signature SELECT Rotini Pasta, 16 oz — Pasta",Signature SELECT,True,16 oz,Center Store,Pasta & Italian,Pasta,Dry Grocery,Pasta & Sauce,Pasta,1.76
grocery,ACM,ACM,8213169-22,"Fairlife Whole Milk, 1 Gallon","Fairlife Whole Milk, 1 Gallon — Whole Milk",Fairlife,False,1 Gallon,Dairy & Eggs,White Milk,Whole Milk,Dairy & Eggs,Milk,Whole Milk,3.72
grocery,ACM,ACM,8220620-96,"Barilla Mustard Condiment, 16 oz","Barilla Mustard Condiment, 16 oz — Condiments & Dressings",Barilla,False,16 oz,Center Store,Condiments & Dressings,Condiments & Dressings,Dry Grocery,Condiments,Condiments & Dressings,3.32
grocery,ACM,ACM,8225180-06,"DiGiorno Mint Chip Ice Cream, 1 pint","DiGiorno Mint Chip Ice Cream, 1 pint — Ice Cream",DiGiorno,False,1 pint,Frozen Foods,Frozen Desserts,Ice Cream,Frozen,Ice Cream & Novelties,Ice Cream,5.73
grocery,ACM,ACM,8259171-39,"Signature SELECT 1% Lowfat Milk, Half Gallon","Signature SELECT 1% Lowfat Milk, Half Gallon — Skim & Low-Fat Milk",Signature SELECT,True,Half Gallon,Dairy & Eggs,White Milk,Skim & Low-Fat Milk,Dairy & Eggs,Milk,Skim & Low-Fat Milk,3.44
grocery,ACM,ACM,8284133-38,"Organic Valley Brie Cheese, 8 oz","Organic Valley Brie Cheese, 8 oz — Specialty Cheese",Organic Valley,False,8 oz,Dairy & Eggs,Cheese & Deli,Specialty Cheese,Dairy & Eggs,Cheese,Specialty Cheese,7.94
grocery,ACM,ACM,8297295-56,"Coca-Cola Root Beer Soda, 12-pack cans","Coca-Cola Root Beer Soda, 12-pack cans — Soda",Coca-Cola,False,12-pack cans,Beverages,Soft Drinks,Soda,Beverages,Soft Drinks,Soda,5.33
grocery,ACM,ACM,8303135-34,"Horizon Olive Oil Spread, 45 oz","Horizon Olive Oil Spread, 45 oz — Margarine & Spreads",Horizon,False,45 oz,Dairy & Eggs,Butter & Spreads,Margarine & Spreads,Dairy & Eggs,Butter & Margarine,Margarine & Spreads,3.18
grocery,ACM,ACM,8311930-49,"Fresh Express Spring Mix Salad, 5 oz","Fresh Express Spring Mix Salad, 5 oz — Salad & Greens",Fresh Express,False,5 oz,Fresh Produce,Fresh Vegetables,Salad & Greens,Produce,Fresh Vegetables,Salad & Greens,3.6
grocery,ACM,ACM,8312598-64,"Barilla Ground Medium Roast Coffee, 24 oz","Barilla Ground Medium Roast Coffee, 24 oz — Coffee",Barilla,False,24 oz,Center Store,Coffee & Tea,Coffee,Dry Grocery,Coffee & Tea,Coffee,9.28
grocery,ACM,ACM,8328290-25,"Signature SELECT Penne Pasta, 16 oz","Signature SELECT Penne Pasta, 16 oz — Pasta",Signature SELECT,True,16 oz,Center Store,Pasta & Italian,Pasta,Dry Grocery,Pasta & Sauce,Pasta,1.85
grocery,ACM,ACM,8328382-98,"Stouffer's Mint Chip Ice Cream, 1 pint","Stouffer's Mint Chip Ice Cream, 1 pint — Ice Cream",Stouffer's,False,1 pint,Frozen Foods,Frozen Desserts,Ice Cream,Frozen,Ice Cream & Novelties,Ice Cream,5.7
grocery,ACM,ACM,8339390-74,"Driscoll's Blueberries Berries, 2 lb","Driscoll's Blueberries Berries, 2 lb — Berries",Driscoll's,False,2 lb,Fresh Produce,Fresh Fruit,Berries,Produce,Fresh Fruit,Berries,4.24
grocery,ACM,ACM,8350888-33,"Doritos Potato Chips Chips, 13 oz","Doritos Potato Chips Chips, 13 oz — Potato & Tortilla Chips",Doritos,False,13 oz,Snacks & Candy,Salty Snacks,Potato & Tortilla Chips,Snacks & Candy,Salty Snacks,Potato & Tortilla Chips,4.53
grocery,ACM,ACM,8385075-02,"Doritos Mixed Nuts Nuts, 16 oz","Doritos Mixed Nuts Nuts, 16 oz — Nuts & Trail Mix",Doritos,False,16 oz,Snacks & Candy,Salty Snacks,Nuts & Trail Mix,Snacks & Candy,Salty Snacks,Nuts & Trail Mix,7.81
grocery,ACM,ACM,8386089-72,"Prego Ground Medium Roast Coffee, 24 oz","Prego Ground Medium Roast Coffee, 24 oz — Coffee",Prego,False,24 oz,Center Store,Coffee & Tea,Coffee,Dry Grocery,Coffee & Tea,Coffee,9.57
grocery,ACM,ACM,8388522-58,"Fairlife Vanilla Greek Yogurt, 32 oz","Fairlife Vanilla Greek Yogurt, 32 oz — Greek Yogurt",Fairlife,False,32 oz,Dairy & Eggs,Yogurt & Cultured,Greek Yogurt,Dairy & Eggs,Yogurt,Greek Yogurt,1.34
grocery,ACM,ACM,8396876-45,"Horizon Strawberry Greek Yogurt, 5.3 oz","Horizon Strawberry Greek Yogurt, 5.3 oz — Greek Yogurt",Horizon,False,5.3 oz,Dairy & Eggs,Yogurt & Cultured,Greek Yogurt,Dairy & Eggs,Yogurt,Greek Yogurt,1.24
grocery,ACM,ACM,8399638-60,"Signature SELECT Lactose-Free Milk, Half Gallon","Signature SELECT Lactose-Free Milk, Half Gallon — Plant-Based Milk",Signature SELECT,True,Half Gallon,Dairy & Eggs,White Milk,Plant-Based Milk,Dairy & Eggs,Milk,Plant-Based Milk,4.44
grocery,ACM,ACM,8401479-49,"Driscoll's Apples Gala Fruit, 3 lb bag","Driscoll's Apples Gala Fruit, 3 lb bag — Bananas & Everyday Fruit",Driscoll's,False,3 lb bag,Fresh Produce,Fresh Fruit,Bananas & Everyday Fruit,Produce,Fresh Fruit,Bananas & Everyday Fruit,2.55
grocery,ACM,ACM,8406913-45,"Ragu Marinara Sauce, 24 oz","Ragu Marinara Sauce, 24 oz — Pasta Sauce",Ragu,False,24 oz,Center Store,Pasta & Italian,Pasta Sauce,Dry Grocery,Pasta & Sauce,Pasta Sauce,3.75
grocery,ACM,ACM,8429528-06,"Applegate NY Strip Steak, per lb","Applegate NY Strip Steak, per lb — Beef Steaks",Applegate,False,per lb,Meat & Seafood,Beef,Beef Steaks,Meat & Seafood,Beef,Beef Steaks,19.14
grocery,ACM,ACM,8444357-52,"Bounty Deodorant Personal Care, single","Bounty Deodorant Personal Care, single — Oral & Body Care",Bounty,False,single,Home & Health,Personal Care,Oral & Body Care,Health & Household,Personal Care,Oral & Body Care,4.57
grocery,ACM,ACM,8449476-90,"Horizon Large Grade A Eggs, 18 ct","Horizon Large Grade A Eggs, 18 ct — Grade A Eggs",Horizon,False,18 ct,Dairy & Eggs,Eggs,Grade A Eggs,Dairy & Eggs,Eggs,Grade A Eggs,3.27
grocery,ACM,ACM,8452824-04,"Signature SELECT Cage-Free Large Eggs, 18 ct","Signature SELECT Cage-Free Large Eggs, 18 ct — Grade A Eggs",Signature SELECT,True,18 ct,Dairy & Eggs,Eggs,Grade A Eggs,Dairy & Eggs,Eggs,Grade A Eggs,3.34
grocery,ACM,ACM,8453767-49,"Sara Lee Hamburger Buns Rolls, 8 ct","Sara Lee Hamburger Buns Rolls, 8 ct — Buns & Rolls",Sara Lee,False,8 ct,In-Store Bakery,Sliced Bread,Buns & Rolls,Bakery,Bread,Buns & Rolls,3.14
grocery,ACM,ACM,8463471-46,"Fairlife Oat Milk, Half Gallon","Fairlife Oat Milk, Half Gallon — Plant-Based Milk",Fairlife,False,Half Gallon,Dairy & Eggs,White Milk,Plant-Based Milk,Dairy & Eggs,Milk,Plant-Based Milk,4.61
grocery,ACM,ACM,8472065-51,"Signature SELECT Alfredo Sauce, 24 oz","Signature SELECT Alfredo Sauce, 24 oz — Pasta Sauce",Signature SELECT,True,24 oz,Center Store,Pasta & Italian,Pasta Sauce,Dry Grocery,Pasta & Sauce,Pasta Sauce,3.53
grocery,ACM,ACM,8472415-94,"Stouffer's Mint Chip Ice Cream, 48 oz","Stouffer's Mint Chip Ice Cream, 48 oz — Ice Cream",Stouffer's,False,48 oz,Frozen Foods,Frozen Desserts,Ice Cream,Frozen,Ice Cream & Novelties,Ice Cream,5.39
grocery,ACM,ACM,8480584-87,"Dole Mango Fruit, per lb","Dole Mango Fruit, per lb — Organic & Specialty Fruit",Dole,False,per lb,Fresh Produce,Fresh Fruit,Organic & Specialty Fruit,Produce,Fresh Fruit,Organic & Specialty Fruit,4.16
grocery,ACM,ACM,8514645-41,"Doritos Gummy Candy Candy, 18 oz","Doritos Gummy Candy Candy, 18 oz — Candy & Chocolate",Doritos,False,18 oz,Snacks & Candy,Sweets,Candy & Chocolate,Snacks & Candy,Cookies & Candy,Candy & Chocolate,3.67
grocery,ACM,ACM,8518823-35,"Organic Valley Feta Cheese, 6 oz","Organic Valley Feta Cheese, 6 oz — Specialty Cheese",Organic Valley,False,6 oz,Dairy & Eggs,Cheese & Deli,Specialty Cheese,Dairy & Eggs,Cheese,Specialty Cheese,7.25
grocery,ACM,ACM,8524374-54,"Signature SELECT Tomato Basil Sauce, 24 oz","Signature SELECT Tomato Basil Sauce, 24 oz — Pasta Sauce",Signature SELECT,True,24 oz,Center Store,Pasta & Italian,Pasta Sauce,Dry Grocery,Pasta & Sauce,Pasta Sauce,3.53
grocery,ACM,ACM,8526744-87,"Signature SELECT Whole Bean Coffee, 12 oz","Signature SELECT Whole Bean Coffee, 12 oz — Coffee",Signature SELECT,True,12 oz,Center Store,Coffee & Tea,Coffee,Dry Grocery,Coffee & Tea,Coffee,9.5
grocery,ACM,ACM,8528385-00,"Barilla Brown Rice Rice, 5 lb","Barilla Brown Rice Rice, 5 lb — Rice & Grains",Barilla,False,5 lb,Center Store,Rice & Grains,Rice & Grains,Dry Grocery,Rice & Grains,Rice & Grains,3.35
grocery,ACM,ACM,8541996-90,"Barilla Baking Soda Baking, 2 lb","Barilla Baking Soda Baking, 2 lb — Baking Staples",Barilla,False,2 lb,Center Store,Baking Needs,Baking Staples,Dry Grocery,Baking,Baking Staples,3.35
grocery,ACM,ACM,8546389-30,"Barilla Tomato Basil Sauce, 24 oz","Barilla Tomato Basil Sauce, 24 oz — Pasta Sauce",Barilla,False,24 oz,Center Store,Pasta & Italian,Pasta Sauce,Dry Grocery,Pasta & Sauce,Pasta Sauce,3.28
grocery,ACM,ACM,8548499-71,"Horizon Strawberry Yogurt, 32 oz","Horizon Strawberry Yogurt, 32 oz — Regular Yogurt",Horizon,False,32 oz,Dairy & Eggs,Yogurt & Cultured,Regular Yogurt,Dairy & Eggs,Yogurt,Regular Yogurt,0.89
grocery,ACM,ACM,8552694-52,"DiGiorno Chicken Alfredo Frozen Meal, 10 oz","DiGiorno Chicken Alfredo Frozen Meal, 10 oz — Frozen Entrees",DiGiorno,False,10 oz,Frozen Foods,Frozen Entrees,Frozen Entrees,Frozen,Frozen Meals,Frozen Entrees,4.45
grocery,ACM,ACM,8559913-24,"Prego Corn Flakes Cereal, 12 oz","Prego Corn Flakes Cereal, 12 oz — Cereal",Prego,False,12 oz,Center Store,Breakfast,Cereal,Dry Grocery,Breakfast & Cereal,Cereal,4.28
grocery,ACM,ACM,8580206-29,"Doritos Potato Chips Chips, 8 oz","Doritos Potato Chips Chips, 8 oz — Potato & Tortilla Chips",Doritos,False,8 oz,Snacks & Candy,Salty Snacks,Potato & Tortilla Chips,Snacks & Candy,Salty Snacks,Potato & Tortilla Chips,4.49
grocery,ACM,ACM,8590425-54,"Bounty Toothpaste Personal Care, 2-pack","Bounty Toothpaste Personal Care, 2-pack — Oral & Body Care",Bounty,False,2-pack,Home & Health,Personal Care,Oral & Body Care,Health & Household,Personal Care,Oral & Body Care,4.81
grocery,ACM,ACM,8590487-12,"Pampers Baby Wipes Baby, box","Pampers Baby Wipes Baby, box — Diapers & Wipes",Pampers,False,box,Baby & Pet,Baby Care,Diapers & Wipes,Baby & Pet,Baby,Diapers & Wipes,24.01
grocery,ACM,ACM,8605933-94,"Coca-Cola Energy Drink Sports Drink, 8-pack","Coca-Cola Energy Drink Sports Drink, 8-pack — Sports & Energy Drinks",Coca-Cola,False,8-pack,Beverages,Water & Sports Drinks,Sports & Energy Drinks,Beverages,Water & Sports,Sports & Energy Drinks,5.83
grocery,ACM,ACM,8617488-88,"Dole Pineapple Fruit, per lb","Dole Pineapple Fruit, per lb — Organic & Specialty Fruit",Dole,False,per lb,Fresh Produce,Fresh Fruit,Organic & Specialty Fruit,Produce,Fresh Fruit,Organic & Specialty Fruit,4.41
grocery,ACM,ACM,8626145-56,"Land O'Lakes Lactose-Free Milk, Half Gallon","Land O'Lakes Lactose-Free Milk, Half Gallon — Plant-Based Milk",Land O'Lakes,False,Half Gallon,Dairy & Eggs,White Milk,Plant-Based Milk,Dairy & Eggs,Milk,Plant-Based Milk,4.91
grocery,ACM,ACM,8634975-95,"Signature SELECT Cream of Mushroom Soup, 10.5 oz","Signature SELECT Cream of Mushroom Soup, 10.5 oz — Canned Soup",Signature SELECT,True,10.5 oz,Center Store,Canned & Jarred,Canned Soup,Dry Grocery,Canned & Packaged,Canned Soup,2.4
grocery,ACM,ACM,8641465-81,"Signature SELECT 2-in-1 Hair Care, 20 oz","Signature SELECT 2-in-1 Hair Care, 20 oz — Hair Care",Signature SELECT,True,20 oz,Home & Health,Personal Care,Hair Care,Health & Household,Personal Care,Hair Care,6.66
grocery,ACM,ACM,8642943-81,"Dole Organic Apples Fruit, each","Dole Organic Apples Fruit, each — Organic & Specialty Fruit",Dole,False,each,Fresh Produce,Fresh Fruit,Organic & Specialty Fruit,Produce,Fresh Fruit,Organic & Specialty Fruit,4.11
grocery,ACM,ACM,8645150-17,"Horizon Vitamin D Whole Milk, Half Gallon","Horizon Vitamin D Whole Milk, Half Gallon — Whole Milk",Horizon,False,Half Gallon,Dairy & Eggs,White Milk,Whole Milk,Dairy & Eggs,Milk,Whole Milk,3.57
grocery,ACM,ACM,8648232-55,"Coca-Cola Lemon-Lime Soda, 12-pack cans","Coca-Cola Lemon-Lime Soda, 12-pack cans — Soda",Coca-Cola,False,12-pack cans,Beverages,Soft Drinks,Soda,Beverages,Soft Drinks,Soda,5.13
grocery,ACM,ACM,8653831-20,"DiGiorno Broccoli Frozen Vegetables, 12 oz","DiGiorno Broccoli Frozen Vegetables, 12 oz — Frozen Vegetables",DiGiorno,False,12 oz,Frozen Foods,Frozen Produce,Frozen Vegetables,Frozen,Frozen Vegetables & Fruit,Frozen Vegetables,2.61
grocery,ACM,ACM,8653960-35,"Signature SELECT Celery Vegetables, 2 lb bag","Signature SELECT Celery Vegetables, 2 lb bag — Everyday Vegetables",Signature SELECT,True,2 lb bag,Fresh Produce,Fresh Vegetables,Everyday Vegetables,Produce,Fresh Vegetables,Everyday Vegetables,2.27
grocery,ACM,ACM,8660762-68,"Nature's Own Croissants Bakery, 4 ct","Nature's Own Croissants Bakery, 4 ct — Pastries & Bagels",Nature's Own,False,4 ct,In-Store Bakery,Pastries,Pastries & Bagels,Bakery,Bakery Sweets,Pastries & Bagels,4.41
grocery,ACM,ACM,8661086-28,"Fresh Express Russet Potatoes Vegetables, per lb","Fresh Express Russet Potatoes Vegetables, per lb — Everyday Vegetables",Fresh Express,False,per lb,Fresh Produce,Fresh Vegetables,Everyday Vegetables,Produce,Fresh Vegetables,Everyday Vegetables,2.54
grocery,ACM,ACM,8677428-31,"Signature SELECT Salted Butter, 16 oz","Signature SELECT Salted Butter, 16 oz — Butter",Signature SELECT,True,16 oz,Dairy & Eggs,Butter & Spreads,Butter,Dairy & Eggs,Butter & Margarine,Butter,4.4
grocery,ACM,ACM,8679487-21,"Organic Valley Salted Butter, 16 oz","Organic Valley Salted Butter, 16 oz — Butter",Organic Valley,False,16 oz,Dairy & Eggs,Butter & Spreads,Butter,Dairy & Eggs,Butter & Margarine,Butter,4.2
grocery,ACM,ACM,8683220-67,"Horizon Mexican Blend Shredded Cheese, 8 oz","Horizon Mexican Blend Shredded Cheese, 8 oz — Shredded Cheese",Horizon,False,8 oz,Dairy & Eggs,Cheese & Deli,Shredded Cheese,Dairy & Eggs,Cheese,Shredded Cheese,4.02
grocery,ACM,ACM,8686840-88,"Barilla All-Purpose Flour Baking, 4 lb","Barilla All-Purpose Flour Baking, 4 lb — Baking Staples",Barilla,False,4 lb,Center Store,Baking Needs,Baking Staples,Dry Grocery,Baking,Baking Staples,3.05
grocery,ACM,ACM,8699379-53,"DiGiorno Pot Pie Frozen Meal, 10 oz","DiGiorno Pot Pie Frozen Meal, 10 oz — Frozen Entrees",DiGiorno,False,10 oz,Frozen Foods,Frozen Entrees,Frozen Entrees,Frozen,Frozen Meals,Frozen Entrees,4.45
grocery,ACM,ACM,8707518-16,"Progresso Rotini Pasta, 16 oz","Progresso Rotini Pasta, 16 oz — Pasta",Progresso,False,16 oz,Center Store,Pasta & Italian,Pasta,Dry Grocery,Pasta & Sauce,Pasta,2.13
grocery,ACM,ACM,8716405-55,"Signature SELECT Old Fashioned Oats Oatmeal, 18 oz","Signature SELECT Old Fashioned Oats Oatmeal, 18 oz — Oatmeal & Hot Cereal",Signature SELECT,True,18 oz,Center Store,Breakfast,Oatmeal & Hot Cereal,Dry Grocery,Breakfast & Cereal,Oatmeal & Hot Cereal,4.32
grocery,ACM,ACM,8719748-75,"Fairlife Mexican Blend Shredded Cheese, 8 oz","Fairlife Mexican Blend Shredded Cheese, 8 oz — Shredded Cheese",Fairlife,False,8 oz,Dairy & Eggs,Cheese & Deli,Shredded Cheese,Dairy & Eggs,Cheese,Shredded Cheese,4.16
grocery,ACM,ACM,8728468-69,"Driscoll's Strawberries Berries, 1 pint","Driscoll's Strawberries Berries, 1 pint — Berries",Driscoll's,False,1 pint,Fresh Produce,Fresh Fruit,Berries,Produce,Fresh Fruit,Berries,3.79
grocery,ACM,ACM,8729119-66,"Tide Shampoo Hair Care, 12 oz","Tide Shampoo Hair Care, 12 oz — Hair Care",Tide,False,12 oz,Home & Health,Personal Care,Hair Care,Health & Household,Personal Care,Hair Care,5.56
grocery,ACM,ACM,8734213-55,"Fresh Express Grapes Fruit, per lb","Fresh Express Grapes Fruit, per lb — Bananas & Everyday Fruit",Fresh Express,False,per lb,Fresh Produce,Fresh Fruit,Bananas & Everyday Fruit,Produce,Fresh Fruit,Bananas & Everyday Fruit,2.68
grocery,ACM,ACM,8735258-72,"Perdue Shrimp Seafood, per lb","Perdue Shrimp Seafood, per lb — Fish & Shellfish",Perdue,False,per lb,Meat & Seafood,Fresh Seafood,Fish & Shellfish,Meat & Seafood,Seafood,Fish & Shellfish,13.27
grocery,ACM,ACM,8735936-87,"Signature SELECT Medium Salsa Salsa, 16 oz","Signature SELECT Medium Salsa Salsa, 16 oz — Salsa & Dips",Signature SELECT,True,16 oz,Snacks & Candy,Salty Snacks,Salsa & Dips,Snacks & Candy,Salty Snacks,Salsa & Dips,4.18
grocery,ACM,ACM,8738554-10,"Signature SELECT Quinoa Rice, 5 lb","Signature SELECT Quinoa Rice, 5 lb — Rice & Grains",Signature SELECT,True,5 lb,Center Store,Rice & Grains,Rice & Grains,Dry Grocery,Rice & Grains,Rice & Grains,3.52
grocery,ACM,ACM,8739207-75,"Stouffer's Pepperoni Pizza, 2-pack","Stouffer's Pepperoni Pizza, 2-pack — Frozen Pizza",Stouffer's,False,2-pack,Frozen Foods,Frozen Entrees,Frozen Pizza,Frozen,Frozen Meals,Frozen Pizza,6.36
grocery,ACM,ACM,8753894-84,"Signature SELECT Vanilla Yogurt, 32 oz","Signature SELECT Vanilla Yogurt, 32 oz — Regular Yogurt",Signature SELECT,True,32 oz,Dairy & Eggs,Yogurt & Cultured,Regular Yogurt,Dairy & Eggs,Yogurt,Regular Yogurt,0.94
grocery,ACM,ACM,8763343-51,"Signature SELECT Hard Candy Candy, 18 oz","Signature SELECT Hard Candy Candy, 18 oz — Candy & Chocolate",Signature SELECT,True,18 oz,Snacks & Candy,Sweets,Candy & Chocolate,Snacks & Candy,Cookies & Candy,Candy & Chocolate,3.68
grocery,ACM,ACM,8772524-51,"Driscoll's Grapes Fruit, 3 lb bag","Driscoll's Grapes Fruit, 3 lb bag — Bananas & Everyday Fruit",Driscoll's,False,3 lb bag,Fresh Produce,Fresh Fruit,Bananas & Everyday Fruit,Produce,Fresh Fruit,Bananas & Everyday Fruit,2.5
grocery,ACM,ACM,8776823-58,"Dole Organic Broccoli Vegetables, bunch","Dole Organic Broccoli Vegetables, bunch — Organic Vegetables",Dole,False,bunch,Fresh Produce,Fresh Vegetables,Organic Vegetables,Produce,Fresh Vegetables,Organic Vegetables,3.43
grocery,ACM,ACM,8779746-45,"Barilla Old Fashioned Oats Oatmeal, 18 oz","Barilla Old Fashioned Oats Oatmeal, 18 oz — Oatmeal & Hot Cereal",Barilla,False,18 oz,Center Store,Breakfast,Oatmeal & Hot Cereal,Dry Grocery,Breakfast & Cereal,Oatmeal & Hot Cereal,4.11
grocery,ACM,ACM,8793909-52,"Gerber Dog Treats Pet, 16 oz","Gerber Dog Treats Pet, 16 oz — Pet Treats & Supplies",Gerber,False,16 oz,Baby & Pet,Pet Care,Pet Treats & Supplies,Baby & Pet,Pet,Pet Treats & Supplies,7.94
grocery,ACM,ACM,8797960-10,"Fairlife Omega-3 Eggs, Dozen","Fairlife Omega-3 Eggs, Dozen — Specialty Eggs",Fairlife,False,Dozen,Dairy & Eggs,Eggs,Specialty Eggs,Dairy & Eggs,Eggs,Specialty Eggs,6.08
grocery,ACM,ACM,8801626-30,"Huggies Baby Food Pouch Baby Food, 4-pack","Huggies Baby Food Pouch Baby Food, 4-pack — Formula & Baby Food",Huggies,False,4-pack,Baby & Pet,Baby Care,Formula & Baby Food,Baby & Pet,Baby,Formula & Baby Food,15.69
grocery,ACM,ACM,8814121-34,"Pepperidge Farm Multigrain Bread, 20 oz loaf","Pepperidge Farm Multigrain Bread, 20 oz loaf — Sandwich Bread",Pepperidge Farm,False,20 oz loaf,In-Store Bakery,Sliced Bread,Sandwich Bread,Bakery,Bread,Sandwich Bread,3.12
grocery,ACM,ACM,8819244-01,"DiGiorno Cookies & Cream Ice Cream, 48 oz","DiGiorno Cookies & Cream Ice Cream, 48 oz — Ice Cream",DiGiorno,False,48 oz,Frozen Foods,Frozen Desserts,Ice Cream,Frozen,Ice Cream & Novelties,Ice Cream,5.67
grocery,ACM,ACM,8828549-14,"Dole Carrots Vegetables, 2 lb bag","Dole Carrots Vegetables, 2 lb bag — Everyday Vegetables",Dole,False,2 lb bag,Fresh Produce,Fresh Vegetables,Everyday Vegetables,Produce,Fresh Vegetables,Everyday Vegetables,2.15
grocery,ACM,ACM,8830429-11,"Pampers Diapers Size 5 Baby, box","Pampers Diapers Size 5 Baby, box — Diapers & Wipes",Pampers,False,box,Baby & Pet,Baby Care,Diapers & Wipes,Baby & Pet,Baby,Diapers & Wipes,24.72
grocery,ACM,ACM,8853524-91,"Stouffer's Vanilla Ice Cream, 48 oz","Stouffer's Vanilla Ice Cream, 48 oz — Ice Cream",Stouffer's,False,48 oz,Frozen Foods,Frozen Desserts,Ice Cream,Frozen,Ice Cream & Novelties,Ice Cream,4.86
grocery,ACM,ACM,8855252-18,"Tide Pods Laundry, 50 oz","Tide Pods Laundry, 50 oz — Laundry",Tide,False,50 oz,Home & Health,Household Cleaning,Laundry,Health & Household,Cleaning & Paper,Laundry,11.68
grocery,ACM,ACM,8864922-78,"Prego Chicken Noodle Soup, 10.5 oz","Prego Chicken Noodle Soup, 10.5 oz — Canned Soup",Prego,False,10.5 oz,Center Store,Canned & Jarred,Canned Soup,Dry Grocery,Canned & Packaged,Canned Soup,2.33
grocery,ACM,ACM,8870570-33,"Tyson Chops Pork, per lb","Tyson Chops Pork, per lb — Pork Cuts",Tyson,False,per lb,Meat & Seafood,Pork,Pork Cuts,Meat & Seafood,Pork,Pork Cuts,4.68
grocery,ACM,ACM,8876484-74,"Bounty 2-in-1 Hair Care, 12 oz","Bounty 2-in-1 Hair Care, 12 oz — Hair Care",Bounty,False,12 oz,Home & Health,Personal Care,Hair Care,Health & Household,Personal Care,Hair Care,6.4
grocery,ACM,ACM,8881050-50,"Signature SELECT Tomato Basil Sauce, 24 oz","Signature SELECT Tomato Basil Sauce, 24 oz — Pasta Sauce",Signature SELECT,True,24 oz,Center Store,Pasta & Italian,Pasta Sauce,Dry Grocery,Pasta & Sauce,Pasta Sauce,3.31
grocery,ACM,ACM,8888934-80,"Gatorade Lemon-Lime Soda, 2 Liter","Gatorade Lemon-Lime Soda, 2 Liter — Soda",Gatorade,False,2 Liter,Beverages,Soft Drinks,Soda,Beverages,Soft Drinks,Soda,6.38
grocery,ACM,ACM,8890780-52,"Lay's Butter Crackers Crackers, 12 oz","Lay's Butter Crackers Crackers, 12 oz — Crackers",Lay's,False,12 oz,Snacks & Candy,Salty Snacks,Crackers,Snacks & Candy,Salty Snacks,Crackers,3.2
grocery,ACM,ACM,8896159-48,"Driscoll's Bananas Fruit, 3 lb bag","Driscoll's Bananas Fruit, 3 lb bag — Bananas & Everyday Fruit",Driscoll's,False,3 lb bag,Fresh Produce,Fresh Fruit,Bananas & Everyday Fruit,Produce,Fresh Fruit,Bananas & Everyday Fruit,2.51
grocery,ACM,ACM,8900836-06,"Organic Valley 2% Reduced Fat Milk, 1 Gallon","Organic Valley 2% Reduced Fat Milk, 1 Gallon — 2% Reduced-Fat Milk",Organic Valley,False,1 Gallon,Dairy & Eggs,White Milk,2% Reduced-Fat Milk,Dairy & Eggs,Milk,2% Reduced-Fat Milk,3.59
grocery,ACM,ACM,8902810-36,"Dole Bananas Fruit, per lb","Dole Bananas Fruit, per lb — Bananas & Everyday Fruit",Dole,False,per lb,Fresh Produce,Fresh Fruit,Bananas & Everyday Fruit,Produce,Fresh Fruit,Bananas & Everyday Fruit,2.0
grocery,ACM,ACM,8909543-30,"Signature SELECT Orange Juice Juice, 52 oz","Signature SELECT Orange Juice Juice, 52 oz — Juice",Signature SELECT,True,52 oz,Beverages,Juice & Tea,Juice,Beverages,Juice & Tea,Juice,4.79
grocery,ACM,ACM,8913259-11,"Organic Valley Organic Eggs, Dozen","Organic Valley Organic Eggs, Dozen — Specialty Eggs",Organic Valley,False,Dozen,Dairy & Eggs,Eggs,Specialty Eggs,Dairy & Eggs,Eggs,Specialty Eggs,5.92
grocery,ACM,ACM,8915819-13,"Signature SELECT Cookies & Cream Ice Cream, 1 pint","Signature SELECT Cookies & Cream Ice Cream, 1 pint — Ice Cream",Signature SELECT,True,1 pint,Frozen Foods,Frozen Desserts,Ice Cream,Frozen,Ice Cream & Novelties,Ice Cream,5.45
grocery,ACM,ACM,8917588-42,"Tide Body Wash Personal Care, single","Tide Body Wash Personal Care, single — Oral & Body Care",Tide,False,single,Home & Health,Personal Care,Oral & Body Care,Health & Household,Personal Care,Oral & Body Care,4.1
grocery,ACM,ACM,8927162-57,"DiGiorno Pot Pie Frozen Meal, family size","DiGiorno Pot Pie Frozen Meal, family size — Frozen Entrees",DiGiorno,False,family size,Frozen Foods,Frozen Entrees,Frozen Entrees,Frozen,Frozen Meals,Frozen Entrees,4.67
grocery,ACM,ACM,8930545-89,"Signature SELECT Italian Blend Shredded Cheese, 8 oz","Signature SELECT Italian Blend Shredded Cheese, 8 oz — Shredded Cheese",Signature SELECT,True,8 oz,Dairy & Eggs,Cheese & Deli,Shredded Cheese,Dairy & Eggs,Cheese,Shredded Cheese,4.57
grocery,ACM,ACM,8948090-39,"Doritos Hard Candy Candy, 10 oz","Doritos Hard Candy Candy, 10 oz — Candy & Chocolate",Doritos,False,10 oz,Snacks & Candy,Sweets,Candy & Chocolate,Snacks & Candy,Cookies & Candy,Candy & Chocolate,3.58
grocery,ACM,ACM,8950507-17,"Pepsi Fruit Punch Juice, 52 oz","Pepsi Fruit Punch Juice, 52 oz — Juice",Pepsi,False,52 oz,Beverages,Juice & Tea,Juice,Beverages,Juice & Tea,Juice,4.66
grocery,ACM,ACM,8951668-38,"Signature SELECT Trash Bags Storage, gallon","Signature SELECT Trash Bags Storage, gallon — Food Storage",Signature SELECT,True,gallon,Home & Health,Household Cleaning,Food Storage,Health & Household,Cleaning & Paper,Food Storage,5.48
grocery,ACM,ACM,8963150-38,"Tostitos Tortilla Chips Chips, 8 oz","Tostitos Tortilla Chips Chips, 8 oz — Potato & Tortilla Chips",Tostitos,False,8 oz,Snacks & Candy,Salty Snacks,Potato & Tortilla Chips,Snacks & Candy,Salty Snacks,Potato & Tortilla Chips,4.89
grocery,ACM,ACM,8966448-90,"Tyson Roast Beef Lunch Meat, 16 oz","Tyson Roast Beef Lunch Meat, 16 oz — Lunch Meat",Tyson,False,16 oz,Meat & Seafood,Deli,Lunch Meat,Meat & Seafood,Deli,Lunch Meat,6.71
grocery,ACM,ACM,8973098-85,"Signature SELECT Lemon-Lime Soda, 12-pack cans","Signature SELECT Lemon-Lime Soda, 12-pack cans — Soda",Signature SELECT,True,12-pack cans,Beverages,Soft Drinks,Soda,Beverages,Soft Drinks,Soda,5.68
grocery,ACM,ACM,8974819-17,"Horizon Parmesan Wedge Cheese, 6 oz","Horizon Parmesan Wedge Cheese, 6 oz — Specialty Cheese",Horizon,False,6 oz,Dairy & Eggs,Cheese & Deli,Specialty Cheese,Dairy & Eggs,Cheese,Specialty Cheese,6.09
grocery,ACM,ACM,8983867-03,"Barilla Italian Dressing Condiment, 20 oz","Barilla Italian Dressing Condiment, 20 oz — Condiments & Dressings",Barilla,False,20 oz,Center Store,Condiments & Dressings,Condiments & Dressings,Dry Grocery,Condiments,Condiments & Dressings,3.47
grocery,ACM,ACM,8990526-28,"Signature SELECT Whole Milk, Half Gallon","Signature SELECT Whole Milk, Half Gallon — Whole Milk",Signature SELECT,True,Half Gallon,Dairy & Eggs,White Milk,Whole Milk,Dairy & Eggs,Milk,Whole Milk,3.67
grocery,ACM,ACM,8995385-26,"Bounty Liquid Detergent Laundry, 92 oz","Bounty Liquid Detergent Laundry, 92 oz — Laundry",Bounty,False,92 oz,Home & Health,Household Cleaning,Laundry,Health & Household,Cleaning & Paper,Laundry,13.69
grocery,ACM,ACM,8999463-11,"Signature SELECT Vanilla Ice Cream, 1 pint","Signature SELECT Vanilla Ice Cream, 1 pint — Ice Cream",Signature SELECT,True,1 pint,Frozen Foods,Frozen Desserts,Ice Cream,Frozen,Ice Cream & Novelties,Ice Cream,5.42
grocery,ACM,ACM,9001807-37,"Signature SELECT Wheat Bread, 20 oz loaf","Signature SELECT Wheat Bread, 20 oz loaf — Sandwich Bread",Signature SELECT,True,20 oz loaf,In-Store Bakery,Sliced Bread,Sandwich Bread,Bakery,Bread,Sandwich Bread,2.58
grocery,ACM,ACM,9004504-20,"Pepsi Cranberry Juice, 64 oz","Pepsi Cranberry Juice, 64 oz — Juice",Pepsi,False,64 oz,Beverages,Juice & Tea,Juice,Beverages,Juice & Tea,Juice,4.94
grocery,ACM,ACM,9047166-06,"Pampers Diapers Size 1 Baby, jumbo pack","Pampers Diapers Size 1 Baby, jumbo pack — Diapers & Wipes",Pampers,False,jumbo pack,Baby & Pet,Baby Care,Diapers & Wipes,Baby & Pet,Baby,Diapers & Wipes,23.27
grocery,ACM,ACM,9052419-78,"Perdue 80/20 Ground Ground Beef, 1 lb","Perdue 80/20 Ground Ground Beef, 1 lb — Ground Beef",Perdue,False,1 lb,Meat & Seafood,Beef,Ground Beef,Meat & Seafood,Beef,Ground Beef,6.32
grocery,ACM,ACM,9060487-28,"Signature SELECT Cranberry Juice, 64 oz","Signature SELECT Cranberry Juice, 64 oz — Juice",Signature SELECT,True,64 oz,Beverages,Juice & Tea,Juice,Beverages,Juice & Tea,Juice,4.67
grocery,ACM,ACM,9063690-22,"Driscoll's Yellow Onions Vegetables, 2 lb bag","Driscoll's Yellow Onions Vegetables, 2 lb bag — Everyday Vegetables",Driscoll's,False,2 lb bag,Fresh Produce,Fresh Vegetables,Everyday Vegetables,Produce,Fresh Vegetables,Everyday Vegetables,2.39
grocery,ACM,ACM,9071597-70,"Tide Conditioner Hair Care, 20 oz","Tide Conditioner Hair Care, 20 oz — Hair Care",Tide,False,20 oz,Home & Health,Personal Care,Hair Care,Health & Household,Personal Care,Hair Care,6.09
grocery,ACM,ACM,9083829-67,"Signature SELECT Cheese Crackers Crackers, 12 oz","Signature SELECT Cheese Crackers Crackers, 12 oz — Crackers",Signature SELECT,True,12 oz,Snacks & Candy,Salty Snacks,Crackers,Snacks & Candy,Salty Snacks,Crackers,3.36
grocery,ACM,ACM,9098737-46,"Signature SELECT Tortilla Chips Chips, 8 oz","Signature SELECT Tortilla Chips Chips, 8 oz — Potato & Tortilla Chips",Signature SELECT,True,8 oz,Snacks & Candy,Salty Snacks,Potato & Tortilla Chips,Snacks & Candy,Salty Snacks,Potato & Tortilla Chips,4.19
grocery,ACM,ACM,9103289-36,"Dole Romaine Salad, 5 oz","Dole Romaine Salad, 5 oz — Salad & Greens",Dole,False,5 oz,Fresh Produce,Fresh Vegetables,Salad & Greens,Produce,Fresh Vegetables,Salad & Greens,2.88
grocery,ACM,ACM,9108457-15,"Tyson Boneless Skinless Breast Chicken, family pack","Tyson Boneless Skinless Breast Chicken, family pack — Chicken",Tyson,False,family pack,Meat & Seafood,Poultry,Chicken,Meat & Seafood,Poultry,Chicken,5.08
grocery,ACM,ACM,9109348-61,"Doritos Graham Crackers, 12 oz","Doritos Graham Crackers, 12 oz — Crackers",Doritos,False,12 oz,Snacks & Candy,Salty Snacks,Crackers,Snacks & Candy,Salty Snacks,Crackers,3.68
grocery,ACM,ACM,9111278-37,"Dole Spring Mix Salad, 5 oz","Dole Spring Mix Salad, 5 oz — Salad & Greens",Dole,False,5 oz,Fresh Produce,Fresh Vegetables,Salad & Greens,Produce,Fresh Vegetables,Salad & Greens,2.94
grocery,ACM,ACM,9114588-15,"Signature SELECT Brown Rice Rice, 5 lb","Signature SELECT Brown Rice Rice, 5 lb — Rice & Grains",Signature SELECT,True,5 lb,Center Store,Rice & Grains,Rice & Grains,Dry Grocery,Rice & Grains,Rice & Grains,3.69
grocery,ACM,ACM,9128260-77,"Signature SELECT Bagels Bakery, 6 ct","Signature SELECT Bagels Bakery, 6 ct — Pastries & Bagels",Signature SELECT,True,6 ct,In-Store Bakery,Pastries,Pastries & Bagels,Bakery,Bakery Sweets,Pastries & Bagels,4.22
grocery,ACM,ACM,9150769-36,"Doritos Chocolate Bars Candy, 10 oz","Doritos Chocolate Bars Candy, 10 oz — Candy & Chocolate",Doritos,False,10 oz,Snacks & Candy,Sweets,Candy & Chocolate,Snacks & Candy,Cookies & Candy,Candy & Chocolate,3.64
grocery,ACM,ACM,9172890-68,"Signature SELECT Bowls Frozen Meal, 10 oz","Signature SELECT Bowls Frozen Meal, 10 oz — Frozen Entrees",Signature SELECT,True,10 oz,Frozen Foods,Frozen Entrees,Frozen Entrees,Frozen,Frozen Meals,Frozen Entrees,4.69
grocery,ACM,ACM,9174989-69,"Horizon Cheddar Shredded Cheese, 16 oz","Horizon Cheddar Shredded Cheese, 16 oz — Shredded Cheese",Horizon,False,16 oz,Dairy & Eggs,Cheese & Deli,Shredded Cheese,Dairy & Eggs,Cheese,Shredded Cheese,4.15
grocery,ACM,ACM,9187602-13,"Organic Valley Omega-3 Eggs, Dozen","Organic Valley Omega-3 Eggs, Dozen — Specialty Eggs",Organic Valley,False,Dozen,Dairy & Eggs,Eggs,Specialty Eggs,Dairy & Eggs,Eggs,Specialty Eggs,6.47
grocery,ACM,ACM,9188628-84,"Progresso Chicken Noodle Soup, 10.5 oz","Progresso Chicken Noodle Soup, 10.5 oz — Canned Soup",Progresso,False,10.5 oz,Center Store,Canned & Jarred,Canned Soup,Dry Grocery,Canned & Packaged,Canned Soup,2.43
grocery,ACM,ACM,9188874-51,"Pepperidge Farm Hamburger Buns Rolls, 8 ct","Pepperidge Farm Hamburger Buns Rolls, 8 ct — Buns & Rolls",Pepperidge Farm,False,8 ct,In-Store Bakery,Sliced Bread,Buns & Rolls,Bakery,Bread,Buns & Rolls,3.4
grocery,ACM,ACM,9201944-10,"Signature SELECT All-Purpose Cleaner Cleaner, 32 oz","Signature SELECT All-Purpose Cleaner Cleaner, 32 oz — Cleaning Supplies",Signature SELECT,True,32 oz,Home & Health,Household Cleaning,Cleaning Supplies,Health & Household,Cleaning & Paper,Cleaning Supplies,4.64
grocery,ACM,ACM,9209151-99,"Doritos Almonds Nuts, 10 oz","Doritos Almonds Nuts, 10 oz — Nuts & Trail Mix",Doritos,False,10 oz,Snacks & Candy,Salty Snacks,Nuts & Trail Mix,Snacks & Candy,Salty Snacks,Nuts & Trail Mix,7.54
grocery,ACM,ACM,9210456-10,"Ben & Jerry's Mint Chip Ice Cream, 48 oz","Ben & Jerry's Mint Chip Ice Cream, 48 oz — Ice Cream",Ben & Jerry's,False,48 oz,Frozen Foods,Frozen Desserts,Ice Cream,Frozen,Ice Cream & Novelties,Ice Cream,6.16
grocery,ACM,ACM,9219006-95,"Coca-Cola Electrolyte Sports Drink, 8-pack","Coca-Cola Electrolyte Sports Drink, 8-pack — Sports & Energy Drinks",Coca-Cola,False,8-pack,Beverages,Water & Sports Drinks,Sports & Energy Drinks,Beverages,Water & Sports,Sports & Energy Drinks,6.22
grocery,ACM,ACM,9226906-89,"Driscoll's Organic Apples Fruit, each","Driscoll's Organic Apples Fruit, each — Organic & Specialty Fruit",Driscoll's,False,each,Fresh Produce,Fresh Fruit,Organic & Specialty Fruit,Produce,Fresh Fruit,Organic & Specialty Fruit,4.29
grocery,ACM,ACM,9227289-86,"Signature SELECT Mild Salsa Salsa, 16 oz","Signature SELECT Mild Salsa Salsa, 16 oz — Salsa & Dips",Signature SELECT,True,16 oz,Snacks & Candy,Salty Snacks,Salsa & Dips,Snacks & Candy,Salty Snacks,Salsa & Dips,3.94
grocery,ACM,ACM,9233605-05,"Signature SELECT Trail Mix Nuts, 16 oz","Signature SELECT Trail Mix Nuts, 16 oz — Nuts & Trail Mix",Signature SELECT,True,16 oz,Snacks & Candy,Salty Snacks,Nuts & Trail Mix,Snacks & Candy,Salty Snacks,Nuts & Trail Mix,7.4
grocery,ACM,ACM,9248912-91,"Signature SELECT Cream of Mushroom Soup, 18 oz","Signature SELECT Cream of Mushroom Soup, 18 oz — Canned Soup",Signature SELECT,True,18 oz,Center Store,Canned & Jarred,Canned Soup,Dry Grocery,Canned & Packaged,Canned Soup,2.21
grocery,ACM,ACM,9254582-94,"Horizon Swiss Sliced Cheese, 8 oz","Horizon Swiss Sliced Cheese, 8 oz — Sliced Cheese",Horizon,False,8 oz,Dairy & Eggs,Cheese & Deli,Sliced Cheese,Dairy & Eggs,Cheese,Sliced Cheese,3.58
grocery,ACM,ACM,9266211-07,"Prego Ranch Dressing Condiment, 16 oz","Prego Ranch Dressing Condiment, 16 oz — Condiments & Dressings",Prego,False,16 oz,Center Store,Condiments & Dressings,Condiments & Dressings,Dry Grocery,Condiments,Condiments & Dressings,3.59
grocery,ACM,ACM,9273436-16,"Signature SELECT Mustard Condiment, 16 oz","Signature SELECT Mustard Condiment, 16 oz — Condiments & Dressings",Signature SELECT,True,16 oz,Center Store,Condiments & Dressings,Condiments & Dressings,Dry Grocery,Condiments,Condiments & Dressings,3.65
grocery,ACM,ACM,9277812-12,"Signature SELECT Disinfecting Wipes Cleaner, 32 oz","Signature SELECT Disinfecting Wipes Cleaner, 32 oz — Cleaning Supplies",Signature SELECT,True,32 oz,Home & Health,Household Cleaning,Cleaning Supplies,Health & Household,Cleaning & Paper,Cleaning Supplies,4.74
grocery,ACM,ACM,9290034-51,"Huggies Cat Litter Pet, 20 lb","Huggies Cat Litter Pet, 20 lb — Pet Treats & Supplies",Huggies,False,20 lb,Baby & Pet,Pet Care,Pet Treats & Supplies,Baby & Pet,Pet,Pet Treats & Supplies,7.95
grocery,ACM,ACM,9296120-76,"Tyson 80/20 Ground Ground Beef, 3 lb","Tyson 80/20 Ground Ground Beef, 3 lb — Ground Beef",Tyson,False,3 lb,Meat & Seafood,Beef,Ground Beef,Meat & Seafood,Beef,Ground Beef,5.84
grocery,ACM,ACM,9307151-33,"Horizon Light Spread, 45 oz","Horizon Light Spread, 45 oz — Margarine & Spreads",Horizon,False,45 oz,Dairy & Eggs,Butter & Spreads,Margarine & Spreads,Dairy & Eggs,Butter & Margarine,Margarine & Spreads,3.29
grocery,ACM,ACM,9310931-45,"Driscoll's Spinach Salad, 5 oz","Driscoll's Spinach Salad, 5 oz — Salad & Greens",Driscoll's,False,5 oz,Fresh Produce,Fresh Vegetables,Salad & Greens,Produce,Fresh Vegetables,Salad & Greens,3.34
grocery,ACM,ACM,9319936-62,"Progresso Corn Canned, 15 oz","Progresso Corn Canned, 15 oz — Canned Vegetables & Beans",Progresso,False,15 oz,Center Store,Canned & Jarred,Canned Vegetables & Beans,Dry Grocery,Canned & Packaged,Canned Vegetables & Beans,1.36
grocery,ACM,ACM,9321822-75,"Bounty Shampoo Hair Care, 20 oz","Bounty Shampoo Hair Care, 20 oz — Hair Care",Bounty,False,20 oz,Home & Health,Personal Care,Hair Care,Health & Household,Personal Care,Hair Care,6.44
grocery,ACM,ACM,9328532-99,"Signature SELECT Salami Lunch Meat, 16 oz","Signature SELECT Salami Lunch Meat, 16 oz — Lunch Meat",Signature SELECT,True,16 oz,Meat & Seafood,Deli,Lunch Meat,Meat & Seafood,Deli,Lunch Meat,6.72
grocery,ACM,ACM,9329107-89,"Signature SELECT Tomato Soup, 18 oz","Signature SELECT Tomato Soup, 18 oz — Canned Soup",Signature SELECT,True,18 oz,Center Store,Canned & Jarred,Canned Soup,Dry Grocery,Canned & Packaged,Canned Soup,2.16
grocery,ACM,ACM,9335016-08,"Ben & Jerry's Chocolate Ice Cream, 48 oz","Ben & Jerry's Chocolate Ice Cream, 48 oz — Ice Cream",Ben & Jerry's,False,48 oz,Frozen Foods,Frozen Desserts,Ice Cream,Frozen,Ice Cream & Novelties,Ice Cream,6.24
grocery,ACM,ACM,9336755-09,"Signature SELECT Trail Mix Nuts, 10 oz","Signature SELECT Trail Mix Nuts, 10 oz — Nuts & Trail Mix",Signature SELECT,True,10 oz,Snacks & Candy,Salty Snacks,Nuts & Trail Mix,Snacks & Candy,Salty Snacks,Nuts & Trail Mix,7.91
grocery,ACM,ACM,9338920-07,"Land O'Lakes 2% Reduced Fat Milk, Half Gallon","Land O'Lakes 2% Reduced Fat Milk, Half Gallon — 2% Reduced-Fat Milk",Land O'Lakes,False,Half Gallon,Dairy & Eggs,White Milk,2% Reduced-Fat Milk,Dairy & Eggs,Milk,2% Reduced-Fat Milk,3.86
grocery,ACM,ACM,9347513-11,"Lay's Sandwich Cookies Cookies, 13 oz","Lay's Sandwich Cookies Cookies, 13 oz — Cookies",Lay's,False,13 oz,Snacks & Candy,Sweets,Cookies,Snacks & Candy,Cookies & Candy,Cookies,3.8
grocery,ACM,ACM,9354850-62,"Coca-Cola Ginger Ale Soda, 2 Liter","Coca-Cola Ginger Ale Soda, 2 Liter — Soda",Coca-Cola,False,2 Liter,Beverages,Soft Drinks,Soda,Beverages,Soft Drinks,Soda,5.48
grocery,ACM,ACM,9364398-68,"Horizon Strawberry Yogurt, 6 oz","Horizon Strawberry Yogurt, 6 oz — Regular Yogurt",Horizon,False,6 oz,Dairy & Eggs,Yogurt & Cultured,Regular Yogurt,Dairy & Eggs,Yogurt,Regular Yogurt,0.8
grocery,ACM,ACM,9382005-57,"Chobani Almond Milk, Half Gallon","Chobani Almond Milk, Half Gallon — Plant-Based Milk",Chobani,False,Half Gallon,Dairy & Eggs,White Milk,Plant-Based Milk,Dairy & Eggs,Milk,Plant-Based Milk,5.36
grocery,ACM,ACM,9389857-85,"Signature SELECT Pepperoni Pizza, single","Signature SELECT Pepperoni Pizza, single — Frozen Pizza",Signature SELECT,True,single,Frozen Foods,Frozen Entrees,Frozen Pizza,Frozen,Frozen Meals,Frozen Pizza,6.21
grocery,ACM,ACM,9390134-38,"Doritos Fun Size Mix Candy, 10 oz","Doritos Fun Size Mix Candy, 10 oz — Candy & Chocolate",Doritos,False,10 oz,Snacks & Candy,Sweets,Candy & Chocolate,Snacks & Candy,Cookies & Candy,Candy & Chocolate,3.57
grocery,ACM,ACM,9403598-33,"Signature SELECT Fabric Softener Laundry, 92 oz","Signature SELECT Fabric Softener Laundry, 92 oz — Laundry",Signature SELECT,True,92 oz,Home & Health,Household Cleaning,Laundry,Health & Household,Cleaning & Paper,Laundry,12.74
grocery,ACM,ACM,9417773-32,"Horizon Light Spread, 15 oz","Horizon Light Spread, 15 oz — Margarine & Spreads",Horizon,False,15 oz,Dairy & Eggs,Butter & Spreads,Margarine & Spreads,Dairy & Eggs,Butter & Margarine,Margarine & Spreads,3.1
grocery,ACM,ACM,9427722-37,"Doritos Gummy Candy Candy, 10 oz","Doritos Gummy Candy Candy, 10 oz — Candy & Chocolate",Doritos,False,10 oz,Snacks & Candy,Sweets,Candy & Chocolate,Snacks & Candy,Cookies & Candy,Candy & Chocolate,3.51
grocery,ACM,ACM,9430321-97,"Fairlife American Sliced Cheese, 8 oz","Fairlife American Sliced Cheese, 8 oz — Sliced Cheese",Fairlife,False,8 oz,Dairy & Eggs,Cheese & Deli,Sliced Cheese,Dairy & Eggs,Cheese,Sliced Cheese,4.05
grocery,ACM,ACM,9445509-21,"Fairlife Vitamin D Whole Milk, Half Gallon","Fairlife Vitamin D Whole Milk, Half Gallon — Whole Milk",Fairlife,False,Half Gallon,Dairy & Eggs,White Milk,Whole Milk,Dairy & Eggs,Milk,Whole Milk,3.75
grocery,ACM,ACM,9448277-25,"Fairlife Feta Cheese, 6 oz","Fairlife Feta Cheese, 6 oz — Specialty Cheese",Fairlife,False,6 oz,Dairy & Eggs,Cheese & Deli,Specialty Cheese,Dairy & Eggs,Cheese,Specialty Cheese,6.92
grocery,ACM,ACM,9451880-81,"Signature SELECT Dark Roast Coffee, 24 oz","Signature SELECT Dark Roast Coffee, 24 oz — Coffee",Signature SELECT,True,24 oz,Center Store,Coffee & Tea,Coffee,Dry Grocery,Coffee & Tea,Coffee,8.86
grocery,ACM,ACM,9457270-81,"Organic Valley Mozzarella Shredded Cheese, 8 oz","Organic Valley Mozzarella Shredded Cheese, 8 oz — Shredded Cheese",Organic Valley,False,8 oz,Dairy & Eggs,Cheese & Deli,Shredded Cheese,Dairy & Eggs,Cheese,Shredded Cheese,4.85
grocery,ACM,ACM,9460673-29,"Lay's Gummy Candy Candy, 10 oz","Lay's Gummy Candy Candy, 10 oz — Candy & Chocolate",Lay's,False,10 oz,Snacks & Candy,Sweets,Candy & Chocolate,Snacks & Candy,Cookies & Candy,Candy & Chocolate,3.25
grocery,ACM,ACM,9479144-03,"Fairlife 2% Reduced Fat Milk, Half Gallon","Fairlife 2% Reduced Fat Milk, Half Gallon — 2% Reduced-Fat Milk",Fairlife,False,Half Gallon,Dairy & Eggs,White Milk,2% Reduced-Fat Milk,Dairy & Eggs,Milk,2% Reduced-Fat Milk,3.39
grocery,ACM,ACM,9480655-87,"Signature SELECT Cream of Mushroom Soup, 10.5 oz","Signature SELECT Cream of Mushroom Soup, 10.5 oz — Canned Soup",Signature SELECT,True,10.5 oz,Center Store,Canned & Jarred,Canned Soup,Dry Grocery,Canned & Packaged,Canned Soup,2.21
grocery,ACM,ACM,9487596-45,"Fairlife Almond Milk, Half Gallon","Fairlife Almond Milk, Half Gallon — Plant-Based Milk",Fairlife,False,Half Gallon,Dairy & Eggs,White Milk,Plant-Based Milk,Dairy & Eggs,Milk,Plant-Based Milk,4.58
grocery,ACM,ACM,9491754-62,"Dole Blueberries Berries, 1 pint","Dole Blueberries Berries, 1 pint — Berries",Dole,False,1 pint,Fresh Produce,Fresh Fruit,Berries,Produce,Fresh Fruit,Berries,3.25
grocery,ACM,ACM,9499246-57,"Signature SELECT Cat Litter Pet, 20 lb","Signature SELECT Cat Litter Pet, 20 lb — Pet Treats & Supplies",Signature SELECT,True,20 lb,Baby & Pet,Pet Care,Pet Treats & Supplies,Baby & Pet,Pet,Pet Treats & Supplies,7.23
grocery,ACM,ACM,9502335-78,"Perdue Cod Seafood, 12 oz","Perdue Cod Seafood, 12 oz — Fish & Shellfish",Perdue,False,12 oz,Meat & Seafood,Fresh Seafood,Fish & Shellfish,Meat & Seafood,Seafood,Fish & Shellfish,14.88
grocery,ACM,ACM,9505182-79,"Signature SELECT Strawberry Yogurt, 6 oz","Signature SELECT Strawberry Yogurt, 6 oz — Regular Yogurt",Signature SELECT,True,6 oz,Dairy & Eggs,Yogurt & Cultured,Regular Yogurt,Dairy & Eggs,Yogurt,Regular Yogurt,0.86
grocery,ACM,ACM,9505944-52,"Horizon Mixed Berry Greek Yogurt, 32 oz","Horizon Mixed Berry Greek Yogurt, 32 oz — Greek Yogurt",Horizon,False,32 oz,Dairy & Eggs,Yogurt & Cultured,Greek Yogurt,Dairy & Eggs,Yogurt,Greek Yogurt,1.29
grocery,ACM,ACM,9506791-33,"Organic Valley Brie Cheese, 6 oz","Organic Valley Brie Cheese, 6 oz — Specialty Cheese",Organic Valley,False,6 oz,Dairy & Eggs,Cheese & Deli,Specialty Cheese,Dairy & Eggs,Cheese,Specialty Cheese,7.82
grocery,ACM,ACM,9506930-14,"Signature SELECT Italian Dressing Condiment, 20 oz","Signature SELECT Italian Dressing Condiment, 20 oz — Condiments & Dressings",Signature SELECT,True,20 oz,Center Store,Condiments & Dressings,Condiments & Dressings,Dry Grocery,Condiments,Condiments & Dressings,3.39
grocery,ACM,ACM,9516251-85,"Signature SELECT Guacamole Salsa, 16 oz","Signature SELECT Guacamole Salsa, 16 oz — Salsa & Dips",Signature SELECT,True,16 oz,Snacks & Candy,Salty Snacks,Salsa & Dips,Snacks & Candy,Salty Snacks,Salsa & Dips,4.05
grocery,ACM,ACM,9524976-75,"Prego Whole Bean Coffee, 24 oz","Prego Whole Bean Coffee, 24 oz — Coffee",Prego,False,24 oz,Center Store,Coffee & Tea,Coffee,Dry Grocery,Coffee & Tea,Coffee,10.18
grocery,ACM,ACM,9527427-14,"Huggies Diapers Size 5 Baby, jumbo pack","Huggies Diapers Size 5 Baby, jumbo pack — Diapers & Wipes",Huggies,False,jumbo pack,Baby & Pet,Baby Care,Diapers & Wipes,Baby & Pet,Baby,Diapers & Wipes,26.88
grocery,ACM,ACM,9530584-02,"Signature SELECT Large Grade A Eggs, 18 ct","Signature SELECT Large Grade A Eggs, 18 ct — Grade A Eggs",Signature SELECT,True,18 ct,Dairy & Eggs,Eggs,Grade A Eggs,Dairy & Eggs,Eggs,Grade A Eggs,3.54
grocery,ACM,ACM,9536090-96,"Coca-Cola Sports Drink Variety Sports Drink, 12-pack","Coca-Cola Sports Drink Variety Sports Drink, 12-pack — Sports & Energy Drinks",Coca-Cola,False,12-pack,Beverages,Water & Sports Drinks,Sports & Energy Drinks,Beverages,Water & Sports,Sports & Energy Drinks,5.95
grocery,ACM,ACM,9540396-33,"Progresso Raisin Bran Cereal, 12 oz","Progresso Raisin Bran Cereal, 12 oz — Cereal",Progresso,False,12 oz,Center Store,Breakfast,Cereal,Dry Grocery,Breakfast & Cereal,Cereal,4.65
grocery,ACM,ACM,9542481-00,"Fresh Express Pineapple Fruit, each","Fresh Express Pineapple Fruit, each — Organic & Specialty Fruit",Fresh Express,False,each,Fresh Produce,Fresh Fruit,Organic & Specialty Fruit,Produce,Fresh Fruit,Organic & Specialty Fruit,5.15
grocery,ACM,ACM,9551760-40,"Dole Bananas Fruit, 3 lb bag","Dole Bananas Fruit, 3 lb bag — Bananas & Everyday Fruit",Dole,False,3 lb bag,Fresh Produce,Fresh Fruit,Bananas & Everyday Fruit,Produce,Fresh Fruit,Bananas & Everyday Fruit,2.21
grocery,ACM,ACM,9554201-68,"Fresh Express Organic Peppers Vegetables, per lb","Fresh Express Organic Peppers Vegetables, per lb — Organic Vegetables",Fresh Express,False,per lb,Fresh Produce,Fresh Vegetables,Organic Vegetables,Produce,Fresh Vegetables,Organic Vegetables,4.07
grocery,ACM,ACM,9560372-41,"Signature SELECT Wheat Bread, 20 oz loaf","Signature SELECT Wheat Bread, 20 oz loaf — Sandwich Bread",Signature SELECT,True,20 oz loaf,In-Store Bakery,Sliced Bread,Sandwich Bread,Bakery,Bread,Sandwich Bread,2.84
grocery,ACM,ACM,9589391-60,"Ben & Jerry's Bowls Frozen Meal, 10 oz","Ben & Jerry's Bowls Frozen Meal, 10 oz — Frozen Entrees",Ben & Jerry's,False,10 oz,Frozen Foods,Frozen Entrees,Frozen Entrees,Frozen,Frozen Meals,Frozen Entrees,4.98
grocery,ACM,ACM,9592094-63,"Signature SELECT Blueberry Greek Yogurt, 5.3 oz","Signature SELECT Blueberry Greek Yogurt, 5.3 oz — Greek Yogurt",Signature SELECT,True,5.3 oz,Dairy & Eggs,Yogurt & Cultured,Greek Yogurt,Dairy & Eggs,Yogurt,Greek Yogurt,1.26
grocery,ACM,ACM,9604789-86,"Signature SELECT 80/20 Ground Ground Beef, 1 lb","Signature SELECT 80/20 Ground Ground Beef, 1 lb — Ground Beef",Signature SELECT,True,1 lb,Meat & Seafood,Beef,Ground Beef,Meat & Seafood,Beef,Ground Beef,6.3
grocery,ACM,ACM,9613269-24,"Nature's Own White Bread, 20 oz loaf","Nature's Own White Bread, 20 oz loaf — Sandwich Bread",Nature's Own,False,20 oz loaf,In-Store Bakery,Sliced Bread,Sandwich Bread,Bakery,Bread,Sandwich Bread,2.63
grocery,ACM,ACM,9621989-58,"Signature SELECT Tomato Basil Sauce, 24 oz","Signature SELECT Tomato Basil Sauce, 24 oz — Pasta Sauce",Signature SELECT,True,24 oz,Center Store,Pasta & Italian,Pasta Sauce,Dry Grocery,Pasta & Sauce,Pasta Sauce,3.7
grocery,ACM,ACM,9625725-08,"Applegate Filet Mignon Steak, per lb","Applegate Filet Mignon Steak, per lb — Beef Steaks",Applegate,False,per lb,Meat & Seafood,Beef,Beef Steaks,Meat & Seafood,Beef,Beef Steaks,18.29
grocery,ACM,ACM,9635650-78,"Progresso K-Cups Coffee, 12 oz","Progresso K-Cups Coffee, 12 oz — Coffee",Progresso,False,12 oz,Center Store,Coffee & Tea,Coffee,Dry Grocery,Coffee & Tea,Coffee,10.64
grocery,ACM,ACM,9645803-36,"Signature SELECT Corn Flakes Cereal, 18 oz","Signature SELECT Corn Flakes Cereal, 18 oz — Cereal",Signature SELECT,True,18 oz,Center Store,Breakfast,Cereal,Dry Grocery,Breakfast & Cereal,Cereal,4.34
grocery,ACM,ACM,9656520-50,"Signature SELECT Caesar Kit Salad, 5 oz","Signature SELECT Caesar Kit Salad, 5 oz — Salad & Greens",Signature SELECT,True,5 oz,Fresh Produce,Fresh Vegetables,Salad & Greens,Produce,Fresh Vegetables,Salad & Greens,3.15
grocery,ACM,ACM,9673228-50,"Huggies Cat Treats Pet, 20 lb","Huggies Cat Treats Pet, 20 lb — Pet Treats & Supplies",Huggies,False,20 lb,Baby & Pet,Pet Care,Pet Treats & Supplies,Baby & Pet,Pet,Pet Treats & Supplies,7.92
grocery,ACM,ACM,9680199-93,"Signature SELECT Baking Soda Baking, 2 lb","Signature SELECT Baking Soda Baking, 2 lb — Baking Staples",Signature SELECT,True,2 lb,Center Store,Baking Needs,Baking Staples,Dry Grocery,Baking,Baking Staples,3.3
grocery,ACM,ACM,9689807-18,"Tyson Whole Chicken Chicken, family pack","Tyson Whole Chicken Chicken, family pack — Chicken",Tyson,False,family pack,Meat & Seafood,Poultry,Chicken,Meat & Seafood,Poultry,Chicken,5.37
grocery,ACM,ACM,9695951-48,"Signature SELECT Ruffles Chips, 8 oz","Signature SELECT Ruffles Chips, 8 oz — Potato & Tortilla Chips",Signature SELECT,True,8 oz,Snacks & Candy,Salty Snacks,Potato & Tortilla Chips,Snacks & Candy,Salty Snacks,Potato & Tortilla Chips,4.63
grocery,ACM,ACM,9703429-83,"Signature SELECT Peach Yogurt, 32 oz","Signature SELECT Peach Yogurt, 32 oz — Regular Yogurt",Signature SELECT,True,32 oz,Dairy & Eggs,Yogurt & Cultured,Regular Yogurt,Dairy & Eggs,Yogurt,Regular Yogurt,0.84
grocery,ACM,ACM,9721067-01,"Hillshire Farm Ribeye Steak, per lb","Hillshire Farm Ribeye Steak, per lb — Beef Steaks",Hillshire Farm,False,per lb,Meat & Seafood,Beef,Beef Steaks,Meat & Seafood,Beef,Beef Steaks,18.25
grocery,ACM,ACM,9726596-29,"Signature SELECT Salted Butter, 16 oz","Signature SELECT Salted Butter, 16 oz — Butter",Signature SELECT,True,16 oz,Dairy & Eggs,Butter & Spreads,Butter,Dairy & Eggs,Butter & Margarine,Butter,4.51
grocery,ACM,ACM,9744654-99,"Barilla White Rice Rice, 5 lb","Barilla White Rice Rice, 5 lb — Rice & Grains",Barilla,False,5 lb,Center Store,Rice & Grains,Rice & Grains,Dry Grocery,Rice & Grains,Rice & Grains,3.36
grocery,ACM,ACM,9746209-47,"Signature SELECT Kettle Chips Chips, 8 oz","Signature SELECT Kettle Chips Chips, 8 oz — Potato & Tortilla Chips",Signature SELECT,True,8 oz,Snacks & Candy,Salty Snacks,Potato & Tortilla Chips,Snacks & Candy,Salty Snacks,Potato & Tortilla Chips,4.54
grocery,ACM,ACM,9751417-47,"Fairlife Soy Milk, Half Gallon","Fairlife Soy Milk, Half Gallon — Plant-Based Milk",Fairlife,False,Half Gallon,Dairy & Eggs,White Milk,Plant-Based Milk,Dairy & Eggs,Milk,Plant-Based Milk,4.53
grocery,ACM,ACM,9752344-53,"Bounty Mouthwash Personal Care, single","Bounty Mouthwash Personal Care, single — Oral & Body Care",Bounty,False,single,Home & Health,Personal Care,Oral & Body Care,Health & Household,Personal Care,Oral & Body Care,4.52
grocery,ACM,ACM,9752743-96,"Bounty Multivitamin Vitamins, 100 ct","Bounty Multivitamin Vitamins, 100 ct — Vitamins & Wellness",Bounty,False,100 ct,Home & Health,Personal Care,Vitamins & Wellness,Health & Household,Personal Care,Vitamins & Wellness,10.8
grocery,ACM,ACM,9755969-33,"Signature SELECT Baby Cereal Baby Food, 12 oz","Signature SELECT Baby Cereal Baby Food, 12 oz — Formula & Baby Food",Signature SELECT,True,12 oz,Baby & Pet,Baby Care,Formula & Baby Food,Baby & Pet,Baby,Formula & Baby Food,15.33
grocery,ACM,ACM,9764264-48,"Nature's Own Dinner Rolls Rolls, 8 ct","Nature's Own Dinner Rolls Rolls, 8 ct — Buns & Rolls",Nature's Own,False,8 ct,In-Store Bakery,Sliced Bread,Buns & Rolls,Bakery,Bread,Buns & Rolls,3.11
grocery,ACM,ACM,9765141-29,"Fairlife Gouda Cheese, 8 oz","Fairlife Gouda Cheese, 8 oz — Specialty Cheese",Fairlife,False,8 oz,Dairy & Eggs,Cheese & Deli,Specialty Cheese,Dairy & Eggs,Cheese,Specialty Cheese,6.83
grocery,ACM,ACM,9781155-05,"Applegate Ribeye Steak, per lb","Applegate Ribeye Steak, per lb — Beef Steaks",Applegate,False,per lb,Meat & Seafood,Beef,Beef Steaks,Meat & Seafood,Beef,Beef Steaks,17.65
grocery,ACM,ACM,9781220-64,"Dole Blackberries Berries, 1 pint","Dole Blackberries Berries, 1 pint — Berries",Dole,False,1 pint,Fresh Produce,Fresh Fruit,Berries,Produce,Fresh Fruit,Berries,3.38
grocery,ACM,ACM,9785717-77,"Progresso Dark Roast Coffee, 12 oz","Progresso Dark Roast Coffee, 12 oz — Coffee",Progresso,False,12 oz,Center Store,Coffee & Tea,Coffee,Dry Grocery,Coffee & Tea,Coffee,10.78
grocery,ACM,ACM,9802388-85,"Signature SELECT 93/7 Lean Ground Ground Beef, 3 lb","Signature SELECT 93/7 Lean Ground Ground Beef, 3 lb — Ground Beef",Signature SELECT,True,3 lb,Meat & Seafood,Beef,Ground Beef,Meat & Seafood,Beef,Ground Beef,6.03
grocery,ACM,ACM,9803925-71,"Sara Lee Donuts Bakery, 6 ct","Sara Lee Donuts Bakery, 6 ct — Pastries & Bagels",Sara Lee,False,6 ct,In-Store Bakery,Pastries,Pastries & Bagels,Bakery,Bakery Sweets,Pastries & Bagels,4.5
grocery,ACM,ACM,9804612-93,"Tide Disinfecting Wipes Cleaner, 24 oz","Tide Disinfecting Wipes Cleaner, 24 oz — Cleaning Supplies",Tide,False,24 oz,Home & Health,Household Cleaning,Cleaning Supplies,Health & Household,Cleaning & Paper,Cleaning Supplies,4.67
grocery,ACM,ACM,9806900-66,"Tyson Cod Seafood, per lb","Tyson Cod Seafood, per lb — Fish & Shellfish",Tyson,False,per lb,Meat & Seafood,Fresh Seafood,Fish & Shellfish,Meat & Seafood,Seafood,Fish & Shellfish,12.31
grocery,ACM,ACM,9807967-01,"Barilla Mustard Condiment, 20 oz","Barilla Mustard Condiment, 20 oz — Condiments & Dressings",Barilla,False,20 oz,Center Store,Condiments & Dressings,Condiments & Dressings,Dry Grocery,Condiments,Condiments & Dressings,3.43
grocery,ACM,ACM,9816296-27,"Fairlife Parmesan Wedge Cheese, 6 oz","Fairlife Parmesan Wedge Cheese, 6 oz — Specialty Cheese",Fairlife,False,6 oz,Dairy & Eggs,Cheese & Deli,Specialty Cheese,Dairy & Eggs,Cheese,Specialty Cheese,7.22
grocery,ACM,ACM,9824969-63,"Signature SELECT Chicken Alfredo Frozen Meal, family size","Signature SELECT Chicken Alfredo Frozen Meal, family size — Frozen Entrees",Signature SELECT,True,family size,Frozen Foods,Frozen Entrees,Frozen Entrees,Frozen,Frozen Meals,Frozen Entrees,4.08
grocery,ACM,ACM,9832047-26,"Fairlife Goat Cheese, 6 oz","Fairlife Goat Cheese, 6 oz — Specialty Cheese",Fairlife,False,6 oz,Dairy & Eggs,Cheese & Deli,Specialty Cheese,Dairy & Eggs,Cheese,Specialty Cheese,7.17
grocery,ACM,ACM,9832335-88,"Signature SELECT Mexican Blend Shredded Cheese, 8 oz","Signature SELECT Mexican Blend Shredded Cheese, 8 oz — Shredded Cheese",Signature SELECT,True,8 oz,Dairy & Eggs,Cheese & Deli,Shredded Cheese,Dairy & Eggs,Cheese,Shredded Cheese,4.22
grocery,ACM,ACM,9844951-22,"Perdue Whole Chicken Chicken, per lb","Perdue Whole Chicken Chicken, per lb — Chicken",Perdue,False,per lb,Meat & Seafood,Poultry,Chicken,Meat & Seafood,Poultry,Chicken,5.53
grocery,ACM,ACM,9877604-96,"Horizon Swiss Sliced Cheese, 12 oz","Horizon Swiss Sliced Cheese, 12 oz — Sliced Cheese",Horizon,False,12 oz,Dairy & Eggs,Cheese & Deli,Sliced Cheese,Dairy & Eggs,Cheese,Sliced Cheese,3.99
grocery,ACM,ACM,9879189-02,"Signature SELECT Roast Beef Lunch Meat, 9 oz","Signature SELECT Roast Beef Lunch Meat, 9 oz — Lunch Meat",Signature SELECT,True,9 oz,Meat & Seafood,Deli,Lunch Meat,Meat & Seafood,Deli,Lunch Meat,6.49
grocery,ACM,ACM,9888766-85,"Tide Vitamin D Vitamins, 60 ct","Tide Vitamin D Vitamins, 60 ct — Vitamins & Wellness",Tide,False,60 ct,Home & Health,Personal Care,Vitamins & Wellness,Health & Household,Personal Care,Vitamins & Wellness,8.88
grocery,ACM,ACM,9890222-36,"Prego Meat Sauce Sauce, 24 oz","Prego Meat Sauce Sauce, 24 oz — Pasta Sauce",Prego,False,24 oz,Center Store,Pasta & Italian,Pasta Sauce,Dry Grocery,Pasta & Sauce,Pasta Sauce,3.47
grocery,ACM,ACM,9903390-94,"Driscoll's Avocado Fruit, per lb","Driscoll's Avocado Fruit, per lb — Organic & Specialty Fruit",Driscoll's,False,per lb,Fresh Produce,Fresh Fruit,Organic & Specialty Fruit,Produce,Fresh Fruit,Organic & Specialty Fruit,4.59
grocery,ACM,ACM,9910251-35,"Signature SELECT Baby Cereal Baby Food, 4-pack","Signature SELECT Baby Cereal Baby Food, 4-pack — Formula & Baby Food",Signature SELECT,True,4-pack,Baby & Pet,Baby Care,Formula & Baby Food,Baby & Pet,Baby,Formula & Baby Food,16.11
grocery,ACM,ACM,9913418-32,"Fairlife Parmesan Wedge Cheese, 8 oz","Fairlife Parmesan Wedge Cheese, 8 oz — Specialty Cheese",Fairlife,False,8 oz,Dairy & Eggs,Cheese & Deli,Specialty Cheese,Dairy & Eggs,Cheese,Specialty Cheese,7.14
grocery,ACM,ACM,9916068-96,"Tide Dish Soap Cleaner, 32 oz","Tide Dish Soap Cleaner, 32 oz — Cleaning Supplies",Tide,False,32 oz,Home & Health,Household Cleaning,Cleaning Supplies,Health & Household,Cleaning & Paper,Cleaning Supplies,4.83
grocery,ACM,ACM,9916140-56,"Dole Organic Peppers Vegetables, per lb","Dole Organic Peppers Vegetables, per lb — Organic Vegetables",Dole,False,per lb,Fresh Produce,Fresh Vegetables,Organic Vegetables,Produce,Fresh Vegetables,Organic Vegetables,3.43
grocery,ACM,ACM,9918043-73,"Stouffer's Supreme Pizza, single","Stouffer's Supreme Pizza, single — Frozen Pizza",Stouffer's,False,single,Frozen Foods,Frozen Entrees,Frozen Pizza,Frozen,Frozen Meals,Frozen Pizza,6.21
grocery,ACM,ACM,9926324-98,"Fairlife Provolone Sliced Cheese, 8 oz","Fairlife Provolone Sliced Cheese, 8 oz — Sliced Cheese",Fairlife,False,8 oz,Dairy & Eggs,Cheese & Deli,Sliced Cheese,Dairy & Eggs,Cheese,Sliced Cheese,4.05
grocery,ACM,ACM,9942786-36,"Organic Valley Goat Cheese, 6 oz","Organic Valley Goat Cheese, 6 oz — Specialty Cheese",Organic Valley,False,6 oz,Dairy & Eggs,Cheese & Deli,Specialty Cheese,Dairy & Eggs,Cheese,Specialty Cheese,8.01
grocery,ACM,ACM,9944083-92,"Tyson Filet Mignon Steak, per lb","Tyson Filet Mignon Steak, per lb — Beef Steaks",Tyson,False,per lb,Meat & Seafood,Beef,Beef Steaks,Meat & Seafood,Beef,Beef Steaks,15.56
grocery,ACM,ACM,9949340-02,"Horizon 2% Reduced Fat Milk, 1 Gallon","Horizon 2% Reduced Fat Milk, 1 Gallon — 2% Reduced-Fat Milk",Horizon,False,1 Gallon,Dairy & Eggs,White Milk,2% Reduced-Fat Milk,Dairy & Eggs,Milk,2% Reduced-Fat Milk,3.49
grocery,ACM,ACM,9960229-45,"Signature SELECT Potato Chips Chips, 8 oz","Signature SELECT Potato Chips Chips, 8 oz — Potato & Tortilla Chips",Signature SELECT,True,8 oz,Snacks & Candy,Salty Snacks,Potato & Tortilla Chips,Snacks & Candy,Salty Snacks,Potato & Tortilla Chips,4.4
grocery,ACM,ACM,9962978-96,"Perdue Filet Mignon Steak, per lb","Perdue Filet Mignon Steak, per lb — Beef Steaks",Perdue,False,per lb,Meat & Seafood,Beef,Beef Steaks,Meat & Seafood,Beef,Beef Steaks,16.73
grocery,ACM,ACM,9973813-63,"Signature SELECT Bar Soap Personal Care, 2-pack","Signature SELECT Bar Soap Personal Care, 2-pack — Oral & Body Care",Signature SELECT,True,2-pack,Home & Health,Personal Care,Oral & Body Care,Health & Household,Personal Care,Oral & Body Care,4.33
grocery,ACM,ACM,9986693-16,"Signature SELECT Omega-3 Eggs, Dozen","Signature SELECT Omega-3 Eggs, Dozen — Specialty Eggs",Signature SELECT,True,Dozen,Dairy & Eggs,Eggs,Specialty Eggs,Dairy & Eggs,Eggs,Specialty Eggs,5.91
grocery,ACM,ACM,9990043-14,"Signature SELECT Mint Chip Ice Cream, 1 pint","Signature SELECT Mint Chip Ice Cream, 1 pint — Ice Cream",Signature SELECT,True,1 pint,Frozen Foods,Frozen Desserts,Ice Cream,Frozen,Ice Cream & Novelties,Ice Cream,5.52
grocery,ACM,ACM,9991872-93,"Signature SELECT Tomato Soup, 10.5 oz","Signature SELECT Tomato Soup, 10.5 oz — Canned Soup",Signature SELECT,True,10.5 oz,Center Store,Canned & Jarred,Canned Soup,Dry Grocery,Canned & Packaged,Canned Soup,2.41
grocery,KRG,KRG,KRG-BA-52-1039,"Nature's Own White Bread, 20 oz loaf","Nature's Own White Bread, 20 oz loaf — Sandwich Bread",Nature's Own,False,20 oz loaf,Bakery,Bread,Sandwich Bread,Bakery,Bread,Sandwich Bread,2.46
grocery,KRG,KRG,KRG-BA-52-1040,"Nature's Own Wheat Bread, 20 oz loaf","Nature's Own Wheat Bread, 20 oz loaf — Sandwich Bread",Nature's Own,False,20 oz loaf,Bakery,Bread,Sandwich Bread,Bakery,Bread,Sandwich Bread,2.63
grocery,KRG,KRG,KRG-BA-52-1041,"Nature's Own Multigrain Bread, 20 oz loaf","Nature's Own Multigrain Bread, 20 oz loaf — Sandwich Bread",Nature's Own,False,20 oz loaf,Bakery,Bread,Sandwich Bread,Bakery,Bread,Sandwich Bread,2.69
grocery,KRG,KRG,KRG-BA-52-1042,"Nature's Own Honey Wheat Bread, 20 oz loaf","Nature's Own Honey Wheat Bread, 20 oz loaf — Sandwich Bread",Nature's Own,False,20 oz loaf,Bakery,Bread,Sandwich Bread,Bakery,Bread,Sandwich Bread,2.7
grocery,KRG,KRG,KRG-BA-52-1043,"Sara Lee White Bread, 20 oz loaf","Sara Lee White Bread, 20 oz loaf — Sandwich Bread",Sara Lee,False,20 oz loaf,Bakery,Bread,Sandwich Bread,Bakery,Bread,Sandwich Bread,2.62
grocery,KRG,KRG,KRG-BA-52-1044,"Sara Lee Wheat Bread, 20 oz loaf","Sara Lee Wheat Bread, 20 oz loaf — Sandwich Bread",Sara Lee,False,20 oz loaf,Bakery,Bread,Sandwich Bread,Bakery,Bread,Sandwich Bread,2.78
grocery,KRG,KRG,KRG-BA-52-1045,"Sara Lee Multigrain Bread, 20 oz loaf","Sara Lee Multigrain Bread, 20 oz loaf — Sandwich Bread",Sara Lee,False,20 oz loaf,Bakery,Bread,Sandwich Bread,Bakery,Bread,Sandwich Bread,2.79
grocery,KRG,KRG,KRG-BA-52-1046,"Sara Lee Honey Wheat Bread, 20 oz loaf","Sara Lee Honey Wheat Bread, 20 oz loaf — Sandwich Bread",Sara Lee,False,20 oz loaf,Bakery,Bread,Sandwich Bread,Bakery,Bread,Sandwich Bread,2.71
grocery,KRG,KRG,KRG-BA-52-1047,"Pepperidge Farm White Bread, 20 oz loaf","Pepperidge Farm White Bread, 20 oz loaf — Sandwich Bread",Pepperidge Farm,False,20 oz loaf,Bakery,Bread,Sandwich Bread,Bakery,Bread,Sandwich Bread,2.87
grocery,KRG,KRG,KRG-BA-52-1048,"Pepperidge Farm Wheat Bread, 20 oz loaf","Pepperidge Farm Wheat Bread, 20 oz loaf — Sandwich Bread",Pepperidge Farm,False,20 oz loaf,Bakery,Bread,Sandwich Bread,Bakery,Bread,Sandwich Bread,3.03
grocery,KRG,KRG,KRG-BA-52-1049,"Pepperidge Farm Multigrain Bread, 20 oz loaf","Pepperidge Farm Multigrain Bread, 20 oz loaf — Sandwich Bread",Pepperidge Farm,False,20 oz loaf,Bakery,Bread,Sandwich Bread,Bakery,Bread,Sandwich Bread,2.89
grocery,KRG,KRG,KRG-BA-52-1050,"Pepperidge Farm Honey Wheat Bread, 20 oz loaf","Pepperidge Farm Honey Wheat Bread, 20 oz loaf — Sandwich Bread",Pepperidge Farm,False,20 oz loaf,Bakery,Bread,Sandwich Bread,Bakery,Bread,Sandwich Bread,2.88
grocery,KRG,KRG,KRG-BA-52-1051,"Thomas' White Bread, 20 oz loaf","Thomas' White Bread, 20 oz loaf — Sandwich Bread",Thomas',False,20 oz loaf,Bakery,Bread,Sandwich Bread,Bakery,Bread,Sandwich Bread,2.91
grocery,KRG,KRG,KRG-BA-52-1052,"Kroger Wheat Bread, 20 oz loaf","Kroger Wheat Bread, 20 oz loaf — Sandwich Bread",Kroger,True,20 oz loaf,Bakery,Bread,Sandwich Bread,Bakery,Bread,Sandwich Bread,2.28
grocery,KRG,KRG,KRG-BA-52-1053,"Kroger Multigrain Bread, 20 oz loaf","Kroger Multigrain Bread, 20 oz loaf — Sandwich Bread",Kroger,True,20 oz loaf,Bakery,Bread,Sandwich Bread,Bakery,Bread,Sandwich Bread,2.33
grocery,KRG,KRG,KRG-BA-52-1054,"Kroger Honey Wheat Bread, 20 oz loaf","Kroger Honey Wheat Bread, 20 oz loaf — Sandwich Bread",Kroger,True,20 oz loaf,Bakery,Bread,Sandwich Bread,Bakery,Bread,Sandwich Bread,2.32
grocery,KRG,KRG,KRG-BA-52-1055,"Kroger White Bread, 20 oz loaf","Kroger White Bread, 20 oz loaf — Sandwich Bread",Kroger,True,20 oz loaf,Bakery,Bread,Sandwich Bread,Bakery,Bread,Sandwich Bread,2.5
grocery,KRG,KRG,KRG-BA-52-1056,"Kroger Wheat Bread, 20 oz loaf","Kroger Wheat Bread, 20 oz loaf — Sandwich Bread",Kroger,True,20 oz loaf,Bakery,Bread,Sandwich Bread,Bakery,Bread,Sandwich Bread,2.36
grocery,KRG,KRG,KRG-BA-52-1057,"Kroger Multigrain Bread, 20 oz loaf","Kroger Multigrain Bread, 20 oz loaf — Sandwich Bread",Kroger,True,20 oz loaf,Bakery,Bread,Sandwich Bread,Bakery,Bread,Sandwich Bread,2.53
grocery,KRG,KRG,KRG-BA-52-1058,"Kroger Honey Wheat Bread, 20 oz loaf","Kroger Honey Wheat Bread, 20 oz loaf — Sandwich Bread",Kroger,True,20 oz loaf,Bakery,Bread,Sandwich Bread,Bakery,Bread,Sandwich Bread,2.58
grocery,KRG,KRG,KRG-BA-52-1059,"Kroger White Bread, 20 oz loaf","Kroger White Bread, 20 oz loaf — Sandwich Bread",Kroger,True,20 oz loaf,Bakery,Bread,Sandwich Bread,Bakery,Bread,Sandwich Bread,2.66
grocery,KRG,KRG,KRG-BA-52-1060,"Kroger Wheat Bread, 20 oz loaf","Kroger Wheat Bread, 20 oz loaf — Sandwich Bread",Kroger,True,20 oz loaf,Bakery,Bread,Sandwich Bread,Bakery,Bread,Sandwich Bread,2.66
grocery,KRG,KRG,KRG-BA-53-1061,"Nature's Own Hamburger Buns Rolls, 8 ct","Nature's Own Hamburger Buns Rolls, 8 ct — Buns & Rolls",Nature's Own,False,8 ct,Bakery,Bread,Buns & Rolls,Bakery,Bread,Buns & Rolls,2.75
grocery,KRG,KRG,KRG-BA-53-1062,"Nature's Own Hot Dog Buns Rolls, 8 ct","Nature's Own Hot Dog Buns Rolls, 8 ct — Buns & Rolls",Nature's Own,False,8 ct,Bakery,Bread,Buns & Rolls,Bakery,Bread,Buns & Rolls,2.83
grocery,KRG,KRG,KRG-BA-53-1063,"Nature's Own Dinner Rolls Rolls, 8 ct","Nature's Own Dinner Rolls Rolls, 8 ct — Buns & Rolls",Nature's Own,False,8 ct,Bakery,Bread,Buns & Rolls,Bakery,Bread,Buns & Rolls,2.94
grocery,KRG,KRG,KRG-BA-53-1064,"Sara Lee Hamburger Buns Rolls, 8 ct","Sara Lee Hamburger Buns Rolls, 8 ct — Buns & Rolls",Sara Lee,False,8 ct,Bakery,Bread,Buns & Rolls,Bakery,Bread,Buns & Rolls,3.06
grocery,KRG,KRG,KRG-BA-53-1065,"Sara Lee Hot Dog Buns Rolls, 8 ct","Sara Lee Hot Dog Buns Rolls, 8 ct — Buns & Rolls",Sara Lee,False,8 ct,Bakery,Bread,Buns & Rolls,Bakery,Bread,Buns & Rolls,3.14
grocery,KRG,KRG,KRG-BA-53-1066,"Sara Lee Dinner Rolls Rolls, 8 ct","Sara Lee Dinner Rolls Rolls, 8 ct — Buns & Rolls",Sara Lee,False,8 ct,Bakery,Bread,Buns & Rolls,Bakery,Bread,Buns & Rolls,2.97
grocery,KRG,KRG,KRG-BA-53-1067,"Pepperidge Farm Hamburger Buns Rolls, 8 ct","Pepperidge Farm Hamburger Buns Rolls, 8 ct — Buns & Rolls",Pepperidge Farm,False,8 ct,Bakery,Bread,Buns & Rolls,Bakery,Bread,Buns & Rolls,3.02
grocery,KRG,KRG,KRG-BA-53-1068,"Pepperidge Farm Hot Dog Buns Rolls, 8 ct","Pepperidge Farm Hot Dog Buns Rolls, 8 ct — Buns & Rolls",Pepperidge Farm,False,8 ct,Bakery,Bread,Buns & Rolls,Bakery,Bread,Buns & Rolls,3.09
grocery,KRG,KRG,KRG-BA-53-1069,"Pepperidge Farm Dinner Rolls Rolls, 8 ct","Pepperidge Farm Dinner Rolls Rolls, 8 ct — Buns & Rolls",Pepperidge Farm,False,8 ct,Bakery,Bread,Buns & Rolls,Bakery,Bread,Buns & Rolls,3.27
grocery,KRG,KRG,KRG-BA-53-1070,"Thomas' Hamburger Buns Rolls, 8 ct","Thomas' Hamburger Buns Rolls, 8 ct — Buns & Rolls",Thomas',False,8 ct,Bakery,Bread,Buns & Rolls,Bakery,Bread,Buns & Rolls,3.26
grocery,KRG,KRG,KRG-BA-53-1071,"Thomas' Hot Dog Buns Rolls, 8 ct","Thomas' Hot Dog Buns Rolls, 8 ct — Buns & Rolls",Thomas',False,8 ct,Bakery,Bread,Buns & Rolls,Bakery,Bread,Buns & Rolls,3.3
grocery,KRG,KRG,KRG-BA-53-1072,"Kroger Dinner Rolls Rolls, 8 ct","Kroger Dinner Rolls Rolls, 8 ct — Buns & Rolls",Kroger,True,8 ct,Bakery,Bread,Buns & Rolls,Bakery,Bread,Buns & Rolls,2.67
grocery,KRG,KRG,KRG-BA-53-1073,"Kroger Hamburger Buns Rolls, 8 ct","Kroger Hamburger Buns Rolls, 8 ct — Buns & Rolls",Kroger,True,8 ct,Bakery,Bread,Buns & Rolls,Bakery,Bread,Buns & Rolls,2.6
grocery,KRG,KRG,KRG-BA-53-1074,"Kroger Hot Dog Buns Rolls, 8 ct","Kroger Hot Dog Buns Rolls, 8 ct — Buns & Rolls",Kroger,True,8 ct,Bakery,Bread,Buns & Rolls,Bakery,Bread,Buns & Rolls,2.72
grocery,KRG,KRG,KRG-BA-53-1075,"Kroger Dinner Rolls Rolls, 8 ct","Kroger Dinner Rolls Rolls, 8 ct — Buns & Rolls",Kroger,True,8 ct,Bakery,Bread,Buns & Rolls,Bakery,Bread,Buns & Rolls,2.73
grocery,KRG,KRG,KRG-BA-53-1076,"Kroger Hamburger Buns Rolls, 8 ct","Kroger Hamburger Buns Rolls, 8 ct — Buns & Rolls",Kroger,True,8 ct,Bakery,Bread,Buns & Rolls,Bakery,Bread,Buns & Rolls,2.67
grocery,KRG,KRG,KRG-BA-53-1077,"Kroger Hot Dog Buns Rolls, 8 ct","Kroger Hot Dog Buns Rolls, 8 ct — Buns & Rolls",Kroger,True,8 ct,Bakery,Bread,Buns & Rolls,Bakery,Bread,Buns & Rolls,2.88
grocery,KRG,KRG,KRG-BA-53-1078,"Kroger Dinner Rolls Rolls, 8 ct","Kroger Dinner Rolls Rolls, 8 ct — Buns & Rolls",Kroger,True,8 ct,Bakery,Bread,Buns & Rolls,Bakery,Bread,Buns & Rolls,2.85
grocery,KRG,KRG,KRG-BA-54-1079,"Nature's Own Bagels Bakery, 6 ct","Nature's Own Bagels Bakery, 6 ct — Pastries & Bagels",Nature's Own,False,6 ct,Bakery,Bakery Sweets,Pastries & Bagels,Bakery,Bakery Sweets,Pastries & Bagels,3.85
grocery,KRG,KRG,KRG-BA-54-1080,"Nature's Own Muffins Bakery, 6 ct","Nature's Own Muffins Bakery, 6 ct — Pastries & Bagels",Nature's Own,False,6 ct,Bakery,Bakery Sweets,Pastries & Bagels,Bakery,Bakery Sweets,Pastries & Bagels,3.94
grocery,KRG,KRG,KRG-BA-54-1081,"Nature's Own Donuts Bakery, 6 ct","Nature's Own Donuts Bakery, 6 ct — Pastries & Bagels",Nature's Own,False,6 ct,Bakery,Bakery Sweets,Pastries & Bagels,Bakery,Bakery Sweets,Pastries & Bagels,3.9
grocery,KRG,KRG,KRG-BA-54-1082,"Nature's Own Croissants Bakery, 6 ct","Nature's Own Croissants Bakery, 6 ct — Pastries & Bagels",Nature's Own,False,6 ct,Bakery,Bakery Sweets,Pastries & Bagels,Bakery,Bakery Sweets,Pastries & Bagels,3.91
grocery,KRG,KRG,KRG-BA-54-1083,"Nature's Own Bagels Bakery, 4 ct","Nature's Own Bagels Bakery, 4 ct — Pastries & Bagels",Nature's Own,False,4 ct,Bakery,Bakery Sweets,Pastries & Bagels,Bakery,Bakery Sweets,Pastries & Bagels,3.89
grocery,KRG,KRG,KRG-BA-54-1084,"Nature's Own Muffins Bakery, 4 ct","Nature's Own Muffins Bakery, 4 ct — Pastries & Bagels",Nature's Own,False,4 ct,Bakery,Bakery Sweets,Pastries & Bagels,Bakery,Bakery Sweets,Pastries & Bagels,3.92
grocery,KRG,KRG,KRG-BA-54-1085,"Nature's Own Donuts Bakery, 4 ct","Nature's Own Donuts Bakery, 4 ct — Pastries & Bagels",Nature's Own,False,4 ct,Bakery,Bakery Sweets,Pastries & Bagels,Bakery,Bakery Sweets,Pastries & Bagels,4.05
grocery,KRG,KRG,KRG-BA-54-1086,"Nature's Own Croissants Bakery, 4 ct","Nature's Own Croissants Bakery, 4 ct — Pastries & Bagels",Nature's Own,False,4 ct,Bakery,Bakery Sweets,Pastries & Bagels,Bakery,Bakery Sweets,Pastries & Bagels,4.03
grocery,KRG,KRG,KRG-BA-54-1087,"Sara Lee Bagels Bakery, 6 ct","Sara Lee Bagels Bakery, 6 ct — Pastries & Bagels",Sara Lee,False,6 ct,Bakery,Bakery Sweets,Pastries & Bagels,Bakery,Bakery Sweets,Pastries & Bagels,4.09
grocery,KRG,KRG,KRG-BA-54-1088,"Sara Lee Muffins Bakery, 6 ct","Sara Lee Muffins Bakery, 6 ct — Pastries & Bagels",Sara Lee,False,6 ct,Bakery,Bakery Sweets,Pastries & Bagels,Bakery,Bakery Sweets,Pastries & Bagels,4.22
grocery,KRG,KRG,KRG-BA-54-1089,"Sara Lee Donuts Bakery, 6 ct","Sara Lee Donuts Bakery, 6 ct — Pastries & Bagels",Sara Lee,False,6 ct,Bakery,Bakery Sweets,Pastries & Bagels,Bakery,Bakery Sweets,Pastries & Bagels,4.52
grocery,KRG,KRG,KRG-BA-54-1090,"Sara Lee Croissants Bakery, 6 ct","Sara Lee Croissants Bakery, 6 ct — Pastries & Bagels",Sara Lee,False,6 ct,Bakery,Bakery Sweets,Pastries & Bagels,Bakery,Bakery Sweets,Pastries & Bagels,4.42
grocery,KRG,KRG,KRG-BA-54-1091,"Sara Lee Bagels Bakery, 4 ct","Sara Lee Bagels Bakery, 4 ct — Pastries & Bagels",Sara Lee,False,4 ct,Bakery,Bakery Sweets,Pastries & Bagels,Bakery,Bakery Sweets,Pastries & Bagels,4.37
grocery,KRG,KRG,KRG-BA-54-1092,"Sara Lee Muffins Bakery, 4 ct","Sara Lee Muffins Bakery, 4 ct — Pastries & Bagels",Sara Lee,False,4 ct,Bakery,Bakery Sweets,Pastries & Bagels,Bakery,Bakery Sweets,Pastries & Bagels,4.7
grocery,KRG,KRG,KRG-BA-54-1093,"Sara Lee Donuts Bakery, 4 ct","Sara Lee Donuts Bakery, 4 ct — Pastries & Bagels",Sara Lee,False,4 ct,Bakery,Bakery Sweets,Pastries & Bagels,Bakery,Bakery Sweets,Pastries & Bagels,4.56
grocery,KRG,KRG,KRG-BA-54-1094,"Sara Lee Croissants Bakery, 4 ct","Sara Lee Croissants Bakery, 4 ct — Pastries & Bagels",Sara Lee,False,4 ct,Bakery,Bakery Sweets,Pastries & Bagels,Bakery,Bakery Sweets,Pastries & Bagels,4.87
grocery,KRG,KRG,KRG-BA-54-1095,"Kroger Bagels Bakery, 6 ct","Kroger Bagels Bakery, 6 ct — Pastries & Bagels",Kroger,True,6 ct,Bakery,Bakery Sweets,Pastries & Bagels,Bakery,Bakery Sweets,Pastries & Bagels,3.63
grocery,KRG,KRG,KRG-BA-54-1096,"Kroger Muffins Bakery, 6 ct","Kroger Muffins Bakery, 6 ct — Pastries & Bagels",Kroger,True,6 ct,Bakery,Bakery Sweets,Pastries & Bagels,Bakery,Bakery Sweets,Pastries & Bagels,3.47
grocery,KRG,KRG,KRG-BA-54-1097,"Kroger Donuts Bakery, 6 ct","Kroger Donuts Bakery, 6 ct — Pastries & Bagels",Kroger,True,6 ct,Bakery,Bakery Sweets,Pastries & Bagels,Bakery,Bakery Sweets,Pastries & Bagels,3.63
grocery,KRG,KRG,KRG-BA-54-1098,"Kroger Croissants Bakery, 6 ct","Kroger Croissants Bakery, 6 ct — Pastries & Bagels",Kroger,True,6 ct,Bakery,Bakery Sweets,Pastries & Bagels,Bakery,Bakery Sweets,Pastries & Bagels,3.75
grocery,KRG,KRG,KRG-BA-54-1099,"Kroger Bagels Bakery, 4 ct","Kroger Bagels Bakery, 4 ct — Pastries & Bagels",Kroger,True,4 ct,Bakery,Bakery Sweets,Pastries & Bagels,Bakery,Bakery Sweets,Pastries & Bagels,3.66
grocery,KRG,KRG,KRG-BA-54-1100,"Kroger Muffins Bakery, 4 ct","Kroger Muffins Bakery, 4 ct — Pastries & Bagels",Kroger,True,4 ct,Bakery,Bakery Sweets,Pastries & Bagels,Bakery,Bakery Sweets,Pastries & Bagels,3.56
grocery,KRG,KRG,KRG-BA-54-1101,"Kroger Donuts Bakery, 4 ct","Kroger Donuts Bakery, 4 ct — Pastries & Bagels",Kroger,True,4 ct,Bakery,Bakery Sweets,Pastries & Bagels,Bakery,Bakery Sweets,Pastries & Bagels,3.86
grocery,KRG,KRG,KRG-BA-54-1102,"Kroger Croissants Bakery, 4 ct","Kroger Croissants Bakery, 4 ct — Pastries & Bagels",Kroger,True,4 ct,Bakery,Bakery Sweets,Pastries & Bagels,Bakery,Bakery Sweets,Pastries & Bagels,3.93
grocery,KRG,KRG,KRG-BA-54-1103,"Kroger Bagels Bakery, 6 ct","Kroger Bagels Bakery, 6 ct — Pastries & Bagels",Kroger,True,6 ct,Bakery,Bakery Sweets,Pastries & Bagels,Bakery,Bakery Sweets,Pastries & Bagels,3.76
grocery,KRG,KRG,KRG-BA-62-1246,"Pampers Diapers Size 1 Baby, jumbo pack","Pampers Diapers Size 1 Baby, jumbo pack — Diapers & Wipes",Pampers,False,jumbo pack,Baby & Pet,Baby,Diapers & Wipes,Baby & Pet,Baby,Diapers & Wipes,19.82
grocery,KRG,KRG,KRG-BA-62-1247,"Pampers Diapers Size 3 Baby, jumbo pack","Pampers Diapers Size 3 Baby, jumbo pack — Diapers & Wipes",Pampers,False,jumbo pack,Baby & Pet,Baby,Diapers & Wipes,Baby & Pet,Baby,Diapers & Wipes,21.11
grocery,KRG,KRG,KRG-BA-62-1248,"Pampers Diapers Size 5 Baby, jumbo pack","Pampers Diapers Size 5 Baby, jumbo pack — Diapers & Wipes",Pampers,False,jumbo pack,Baby & Pet,Baby,Diapers & Wipes,Baby & Pet,Baby,Diapers & Wipes,22.05
grocery,KRG,KRG,KRG-BA-62-1249,"Pampers Baby Wipes Baby, jumbo pack","Pampers Baby Wipes Baby, jumbo pack — Diapers & Wipes",Pampers,False,jumbo pack,Baby & Pet,Baby,Diapers & Wipes,Baby & Pet,Baby,Diapers & Wipes,22.26
grocery,KRG,KRG,KRG-BA-62-1250,"Pampers Diapers Size 1 Baby, box","Pampers Diapers Size 1 Baby, box — Diapers & Wipes",Pampers,False,box,Baby & Pet,Baby,Diapers & Wipes,Baby & Pet,Baby,Diapers & Wipes,21.17
grocery,KRG,KRG,KRG-BA-62-1251,"Pampers Diapers Size 3 Baby, box","Pampers Diapers Size 3 Baby, box — Diapers & Wipes",Pampers,False,box,Baby & Pet,Baby,Diapers & Wipes,Baby & Pet,Baby,Diapers & Wipes,22.38
grocery,KRG,KRG,KRG-BA-62-1252,"Pampers Diapers Size 5 Baby, box","Pampers Diapers Size 5 Baby, box — Diapers & Wipes",Pampers,False,box,Baby & Pet,Baby,Diapers & Wipes,Baby & Pet,Baby,Diapers & Wipes,22.82
grocery,KRG,KRG,KRG-BA-62-1253,"Pampers Baby Wipes Baby, box","Pampers Baby Wipes Baby, box — Diapers & Wipes",Pampers,False,box,Baby & Pet,Baby,Diapers & Wipes,Baby & Pet,Baby,Diapers & Wipes,23.71
grocery,KRG,KRG,KRG-BA-62-1254,"Huggies Diapers Size 1 Baby, jumbo pack","Huggies Diapers Size 1 Baby, jumbo pack — Diapers & Wipes",Huggies,False,jumbo pack,Baby & Pet,Baby,Diapers & Wipes,Baby & Pet,Baby,Diapers & Wipes,22.47
grocery,KRG,KRG,KRG-BA-62-1255,"Huggies Diapers Size 3 Baby, jumbo pack","Huggies Diapers Size 3 Baby, jumbo pack — Diapers & Wipes",Huggies,False,jumbo pack,Baby & Pet,Baby,Diapers & Wipes,Baby & Pet,Baby,Diapers & Wipes,23.87
grocery,KRG,KRG,KRG-BA-62-1256,"Huggies Diapers Size 5 Baby, jumbo pack","Huggies Diapers Size 5 Baby, jumbo pack — Diapers & Wipes",Huggies,False,jumbo pack,Baby & Pet,Baby,Diapers & Wipes,Baby & Pet,Baby,Diapers & Wipes,25.52
grocery,KRG,KRG,KRG-BA-62-1257,"Huggies Baby Wipes Baby, jumbo pack","Huggies Baby Wipes Baby, jumbo pack — Diapers & Wipes",Huggies,False,jumbo pack,Baby & Pet,Baby,Diapers & Wipes,Baby & Pet,Baby,Diapers & Wipes,24.75
grocery,KRG,KRG,KRG-BA-62-1258,"Huggies Diapers Size 1 Baby, box","Huggies Diapers Size 1 Baby, box — Diapers & Wipes",Huggies,False,box,Baby & Pet,Baby,Diapers & Wipes,Baby & Pet,Baby,Diapers & Wipes,24.46
grocery,KRG,KRG,KRG-BA-62-1259,"Huggies Diapers Size 3 Baby, box","Huggies Diapers Size 3 Baby, box — Diapers & Wipes",Huggies,False,box,Baby & Pet,Baby,Diapers & Wipes,Baby & Pet,Baby,Diapers & Wipes,24.32
grocery,KRG,KRG,KRG-BA-62-1260,"Huggies Diapers Size 5 Baby, box","Huggies Diapers Size 5 Baby, box — Diapers & Wipes",Huggies,False,box,Baby & Pet,Baby,Diapers & Wipes,Baby & Pet,Baby,Diapers & Wipes,25.73
grocery,KRG,KRG,KRG-BA-62-1261,"Kroger Baby Wipes Baby, box","Kroger Baby Wipes Baby, box — Diapers & Wipes",Kroger,True,box,Baby & Pet,Baby,Diapers & Wipes,Baby & Pet,Baby,Diapers & Wipes,19.23
grocery,KRG,KRG,KRG-BA-62-1262,"Kroger Diapers Size 1 Baby, jumbo pack","Kroger Diapers Size 1 Baby, jumbo pack — Diapers & Wipes",Kroger,True,jumbo pack,Baby & Pet,Baby,Diapers & Wipes,Baby & Pet,Baby,Diapers & Wipes,19.42
grocery,KRG,KRG,KRG-BA-62-1263,"Kroger Diapers Size 3 Baby, jumbo pack","Kroger Diapers Size 3 Baby, jumbo pack — Diapers & Wipes",Kroger,True,jumbo pack,Baby & Pet,Baby,Diapers & Wipes,Baby & Pet,Baby,Diapers & Wipes,20.24
grocery,KRG,KRG,KRG-BA-62-1264,"Kroger Diapers Size 5 Baby, jumbo pack","Kroger Diapers Size 5 Baby, jumbo pack — Diapers & Wipes",Kroger,True,jumbo pack,Baby & Pet,Baby,Diapers & Wipes,Baby & Pet,Baby,Diapers & Wipes,20.94
grocery,KRG,KRG,KRG-BA-62-1265,"Kroger Baby Wipes Baby, jumbo pack","Kroger Baby Wipes Baby, jumbo pack — Diapers & Wipes",Kroger,True,jumbo pack,Baby & Pet,Baby,Diapers & Wipes,Baby & Pet,Baby,Diapers & Wipes,20.93
grocery,KRG,KRG,KRG-BA-62-1266,"Kroger Diapers Size 1 Baby, box","Kroger Diapers Size 1 Baby, box — Diapers & Wipes",Kroger,True,box,Baby & Pet,Baby,Diapers & Wipes,Baby & Pet,Baby,Diapers & Wipes,20.2
grocery,KRG,KRG,KRG-BA-62-1267,"Kroger Diapers Size 3 Baby, box","Kroger Diapers Size 3 Baby, box — Diapers & Wipes",Kroger,True,box,Baby & Pet,Baby,Diapers & Wipes,Baby & Pet,Baby,Diapers & Wipes,21.03
grocery,KRG,KRG,KRG-BA-63-1268,"Pampers Infant Formula Baby Food, 12 oz","Pampers Infant Formula Baby Food, 12 oz — Formula & Baby Food",Pampers,False,12 oz,Baby & Pet,Baby,Formula & Baby Food,Baby & Pet,Baby,Formula & Baby Food,12.47
grocery,KRG,KRG,KRG-BA-63-1269,"Pampers Baby Food Pouch Baby Food, 12 oz","Pampers Baby Food Pouch Baby Food, 12 oz — Formula & Baby Food",Pampers,False,12 oz,Baby & Pet,Baby,Formula & Baby Food,Baby & Pet,Baby,Formula & Baby Food,13.26
grocery,KRG,KRG,KRG-BA-63-1270,"Pampers Baby Cereal Baby Food, 12 oz","Pampers Baby Cereal Baby Food, 12 oz — Formula & Baby Food",Pampers,False,12 oz,Baby & Pet,Baby,Formula & Baby Food,Baby & Pet,Baby,Formula & Baby Food,13.41
grocery,KRG,KRG,KRG-BA-63-1271,"Pampers Infant Formula Baby Food, 4-pack","Pampers Infant Formula Baby Food, 4-pack — Formula & Baby Food",Pampers,False,4-pack,Baby & Pet,Baby,Formula & Baby Food,Baby & Pet,Baby,Formula & Baby Food,13.49
grocery,KRG,KRG,KRG-BA-63-1272,"Pampers Baby Food Pouch Baby Food, 4-pack","Pampers Baby Food Pouch Baby Food, 4-pack — Formula & Baby Food",Pampers,False,4-pack,Baby & Pet,Baby,Formula & Baby Food,Baby & Pet,Baby,Formula & Baby Food,13.47
grocery,KRG,KRG,KRG-BA-63-1273,"Pampers Baby Cereal Baby Food, 4-pack","Pampers Baby Cereal Baby Food, 4-pack — Formula & Baby Food",Pampers,False,4-pack,Baby & Pet,Baby,Formula & Baby Food,Baby & Pet,Baby,Formula & Baby Food,14.34
grocery,KRG,KRG,KRG-BA-63-1274,"Huggies Infant Formula Baby Food, 12 oz","Huggies Infant Formula Baby Food, 12 oz — Formula & Baby Food",Huggies,False,12 oz,Baby & Pet,Baby,Formula & Baby Food,Baby & Pet,Baby,Formula & Baby Food,13.91
grocery,KRG,KRG,KRG-BA-63-1275,"Huggies Baby Food Pouch Baby Food, 12 oz","Huggies Baby Food Pouch Baby Food, 12 oz — Formula & Baby Food",Huggies,False,12 oz,Baby & Pet,Baby,Formula & Baby Food,Baby & Pet,Baby,Formula & Baby Food,13.98
grocery,KRG,KRG,KRG-BA-63-1276,"Huggies Baby Cereal Baby Food, 12 oz","Huggies Baby Cereal Baby Food, 12 oz — Formula & Baby Food",Huggies,False,12 oz,Baby & Pet,Baby,Formula & Baby Food,Baby & Pet,Baby,Formula & Baby Food,14.92
grocery,KRG,KRG,KRG-BA-63-1277,"Huggies Infant Formula Baby Food, 4-pack","Huggies Infant Formula Baby Food, 4-pack — Formula & Baby Food",Huggies,False,4-pack,Baby & Pet,Baby,Formula & Baby Food,Baby & Pet,Baby,Formula & Baby Food,15.08
grocery,KRG,KRG,KRG-BA-63-1278,"Huggies Baby Food Pouch Baby Food, 4-pack","Huggies Baby Food Pouch Baby Food, 4-pack — Formula & Baby Food",Huggies,False,4-pack,Baby & Pet,Baby,Formula & Baby Food,Baby & Pet,Baby,Formula & Baby Food,14.71
grocery,KRG,KRG,KRG-BA-63-1279,"Huggies Baby Cereal Baby Food, 4-pack","Huggies Baby Cereal Baby Food, 4-pack — Formula & Baby Food",Huggies,False,4-pack,Baby & Pet,Baby,Formula & Baby Food,Baby & Pet,Baby,Formula & Baby Food,15.67
grocery,KRG,KRG,KRG-BA-63-1280,"Gerber Infant Formula Baby Food, 12 oz","Gerber Infant Formula Baby Food, 12 oz — Formula & Baby Food",Gerber,False,12 oz,Baby & Pet,Baby,Formula & Baby Food,Baby & Pet,Baby,Formula & Baby Food,15.17
grocery,KRG,KRG,KRG-BA-63-1281,"Gerber Baby Food Pouch Baby Food, 12 oz","Gerber Baby Food Pouch Baby Food, 12 oz — Formula & Baby Food",Gerber,False,12 oz,Baby & Pet,Baby,Formula & Baby Food,Baby & Pet,Baby,Formula & Baby Food,16.24
grocery,KRG,KRG,KRG-BA-63-1282,"Kroger Baby Cereal Baby Food, 12 oz","Kroger Baby Cereal Baby Food, 12 oz — Formula & Baby Food",Kroger,True,12 oz,Baby & Pet,Baby,Formula & Baby Food,Baby & Pet,Baby,Formula & Baby Food,11.93
grocery,KRG,KRG,KRG-BA-63-1283,"Kroger Infant Formula Baby Food, 4-pack","Kroger Infant Formula Baby Food, 4-pack — Formula & Baby Food",Kroger,True,4-pack,Baby & Pet,Baby,Formula & Baby Food,Baby & Pet,Baby,Formula & Baby Food,12.3
grocery,KRG,KRG,KRG-BA-63-1284,"Kroger Baby Food Pouch Baby Food, 4-pack","Kroger Baby Food Pouch Baby Food, 4-pack — Formula & Baby Food",Kroger,True,4-pack,Baby & Pet,Baby,Formula & Baby Food,Baby & Pet,Baby,Formula & Baby Food,12.47
grocery,KRG,KRG,KRG-BA-63-1285,"Kroger Baby Cereal Baby Food, 4-pack","Kroger Baby Cereal Baby Food, 4-pack — Formula & Baby Food",Kroger,True,4-pack,Baby & Pet,Baby,Formula & Baby Food,Baby & Pet,Baby,Formula & Baby Food,12.54
grocery,KRG,KRG,KRG-BA-64-1286,"Pampers Dry Dog Food Pet Food, 16 lb","Pampers Dry Dog Food Pet Food, 16 lb — Pet Food",Pampers,False,16 lb,Baby & Pet,Pet,Pet Food,Baby & Pet,Pet,Pet Food,15.35
grocery,KRG,KRG,KRG-BA-64-1287,"Pampers Wet Dog Food Pet Food, 16 lb","Pampers Wet Dog Food Pet Food, 16 lb — Pet Food",Pampers,False,16 lb,Baby & Pet,Pet,Pet Food,Baby & Pet,Pet,Pet Food,15.11
grocery,KRG,KRG,KRG-BA-64-1288,"Pampers Wet Cat Food Pet Food, 16 lb","Pampers Wet Cat Food Pet Food, 16 lb — Pet Food",Pampers,False,16 lb,Baby & Pet,Pet,Pet Food,Baby & Pet,Pet,Pet Food,15.86
grocery,KRG,KRG,KRG-BA-64-1289,"Pampers Dry Dog Food Pet Food, 12-pack","Pampers Dry Dog Food Pet Food, 12-pack — Pet Food",Pampers,False,12-pack,Baby & Pet,Pet,Pet Food,Baby & Pet,Pet,Pet Food,15.25
grocery,KRG,KRG,KRG-BA-64-1290,"Pampers Wet Dog Food Pet Food, 12-pack","Pampers Wet Dog Food Pet Food, 12-pack — Pet Food",Pampers,False,12-pack,Baby & Pet,Pet,Pet Food,Baby & Pet,Pet,Pet Food,15.78
grocery,KRG,KRG,KRG-BA-64-1291,"Pampers Wet Cat Food Pet Food, 12-pack","Pampers Wet Cat Food Pet Food, 12-pack — Pet Food",Pampers,False,12-pack,Baby & Pet,Pet,Pet Food,Baby & Pet,Pet,Pet Food,15.88
grocery,KRG,KRG,KRG-BA-64-1292,"Pampers Wet Cat Food Pet Food, 3.5 lb","Pampers Wet Cat Food Pet Food, 3.5 lb — Pet Food",Pampers,False,3.5 lb,Baby & Pet,Pet,Pet Food,Baby & Pet,Pet,Pet Food,16.8
grocery,KRG,KRG,KRG-BA-64-1293,"Huggies Dry Dog Food Pet Food, 16 lb","Huggies Dry Dog Food Pet Food, 16 lb — Pet Food",Huggies,False,16 lb,Baby & Pet,Pet,Pet Food,Baby & Pet,Pet,Pet Food,18.01
grocery,KRG,KRG,KRG-BA-64-1294,"Huggies Wet Dog Food Pet Food, 16 lb","Huggies Wet Dog Food Pet Food, 16 lb — Pet Food",Huggies,False,16 lb,Baby & Pet,Pet,Pet Food,Baby & Pet,Pet,Pet Food,16.96
grocery,KRG,KRG,KRG-BA-64-1295,"Huggies Dry Cat Food Pet Food, 16 lb","Huggies Dry Cat Food Pet Food, 16 lb — Pet Food",Huggies,False,16 lb,Baby & Pet,Pet,Pet Food,Baby & Pet,Pet,Pet Food,17.91
grocery,KRG,KRG,KRG-BA-64-1296,"Huggies Wet Cat Food Pet Food, 16 lb","Huggies Wet Cat Food Pet Food, 16 lb — Pet Food",Huggies,False,16 lb,Baby & Pet,Pet,Pet Food,Baby & Pet,Pet,Pet Food,18.57
grocery,KRG,KRG,KRG-BA-64-1297,"Huggies Dry Dog Food Pet Food, 12-pack","Huggies Dry Dog Food Pet Food, 12-pack — Pet Food",Huggies,False,12-pack,Baby & Pet,Pet,Pet Food,Baby & Pet,Pet,Pet Food,18.08
grocery,KRG,KRG,KRG-BA-64-1298,"Kroger Dry Cat Food Pet Food, 12-pack","Kroger Dry Cat Food Pet Food, 12-pack — Pet Food",Kroger,True,12-pack,Baby & Pet,Pet,Pet Food,Baby & Pet,Pet,Pet Food,14.43
grocery,KRG,KRG,KRG-BA-64-1299,"Kroger Dry Cat Food Pet Food, 3.5 lb","Kroger Dry Cat Food Pet Food, 3.5 lb — Pet Food",Kroger,True,3.5 lb,Baby & Pet,Pet,Pet Food,Baby & Pet,Pet,Pet Food,15.18
grocery,KRG,KRG,KRG-BA-64-1300,"Kroger Wet Cat Food Pet Food, 3.5 lb","Kroger Wet Cat Food Pet Food, 3.5 lb — Pet Food",Kroger,True,3.5 lb,Baby & Pet,Pet,Pet Food,Baby & Pet,Pet,Pet Food,14.67
grocery,KRG,KRG,KRG-BA-64-1301,"Kroger Wet Dog Food Pet Food, 16 lb","Kroger Wet Dog Food Pet Food, 16 lb — Pet Food",Kroger,True,16 lb,Baby & Pet,Pet,Pet Food,Baby & Pet,Pet,Pet Food,15.18
grocery,KRG,KRG,KRG-BA-64-1302,"Kroger Dry Cat Food Pet Food, 16 lb","Kroger Dry Cat Food Pet Food, 16 lb — Pet Food",Kroger,True,16 lb,Baby & Pet,Pet,Pet Food,Baby & Pet,Pet,Pet Food,14.83
grocery,KRG,KRG,KRG-BA-65-1303,"Pampers Dog Treats Pet, 16 oz","Pampers Dog Treats Pet, 16 oz — Pet Treats & Supplies",Pampers,False,16 oz,Baby & Pet,Pet,Pet Treats & Supplies,Baby & Pet,Pet,Pet Treats & Supplies,6.04
grocery,KRG,KRG,KRG-BA-65-1304,"Pampers Cat Treats Pet, 16 oz","Pampers Cat Treats Pet, 16 oz — Pet Treats & Supplies",Pampers,False,16 oz,Baby & Pet,Pet,Pet Treats & Supplies,Baby & Pet,Pet,Pet Treats & Supplies,6.2
grocery,KRG,KRG,KRG-BA-65-1305,"Pampers Cat Litter Pet, 16 oz","Pampers Cat Litter Pet, 16 oz — Pet Treats & Supplies",Pampers,False,16 oz,Baby & Pet,Pet,Pet Treats & Supplies,Baby & Pet,Pet,Pet Treats & Supplies,6.04
grocery,KRG,KRG,KRG-BA-65-1306,"Pampers Dog Treats Pet, 20 lb","Pampers Dog Treats Pet, 20 lb — Pet Treats & Supplies",Pampers,False,20 lb,Baby & Pet,Pet,Pet Treats & Supplies,Baby & Pet,Pet,Pet Treats & Supplies,6.46
grocery,KRG,KRG,KRG-BA-65-1307,"Pampers Cat Treats Pet, 20 lb","Pampers Cat Treats Pet, 20 lb — Pet Treats & Supplies",Pampers,False,20 lb,Baby & Pet,Pet,Pet Treats & Supplies,Baby & Pet,Pet,Pet Treats & Supplies,6.16
grocery,KRG,KRG,KRG-BA-65-1308,"Pampers Cat Litter Pet, 20 lb","Pampers Cat Litter Pet, 20 lb — Pet Treats & Supplies",Pampers,False,20 lb,Baby & Pet,Pet,Pet Treats & Supplies,Baby & Pet,Pet,Pet Treats & Supplies,6.18
grocery,KRG,KRG,KRG-BA-65-1309,"Huggies Dog Treats Pet, 16 oz","Huggies Dog Treats Pet, 16 oz — Pet Treats & Supplies",Huggies,False,16 oz,Baby & Pet,Pet,Pet Treats & Supplies,Baby & Pet,Pet,Pet Treats & Supplies,6.29
grocery,KRG,KRG,KRG-BA-65-1310,"Huggies Cat Treats Pet, 16 oz","Huggies Cat Treats Pet, 16 oz — Pet Treats & Supplies",Huggies,False,16 oz,Baby & Pet,Pet,Pet Treats & Supplies,Baby & Pet,Pet,Pet Treats & Supplies,6.43
grocery,KRG,KRG,KRG-BA-65-1311,"Huggies Cat Litter Pet, 16 oz","Huggies Cat Litter Pet, 16 oz — Pet Treats & Supplies",Huggies,False,16 oz,Baby & Pet,Pet,Pet Treats & Supplies,Baby & Pet,Pet,Pet Treats & Supplies,6.93
grocery,KRG,KRG,KRG-BA-65-1312,"Huggies Dog Treats Pet, 20 lb","Huggies Dog Treats Pet, 20 lb — Pet Treats & Supplies",Huggies,False,20 lb,Baby & Pet,Pet,Pet Treats & Supplies,Baby & Pet,Pet,Pet Treats & Supplies,6.98
grocery,KRG,KRG,KRG-BA-65-1313,"Huggies Cat Treats Pet, 20 lb","Huggies Cat Treats Pet, 20 lb — Pet Treats & Supplies",Huggies,False,20 lb,Baby & Pet,Pet,Pet Treats & Supplies,Baby & Pet,Pet,Pet Treats & Supplies,7.38
grocery,KRG,KRG,KRG-BA-65-1314,"Huggies Cat Litter Pet, 20 lb","Huggies Cat Litter Pet, 20 lb — Pet Treats & Supplies",Huggies,False,20 lb,Baby & Pet,Pet,Pet Treats & Supplies,Baby & Pet,Pet,Pet Treats & Supplies,6.87
grocery,KRG,KRG,KRG-BA-65-1315,"Gerber Dog Treats Pet, 16 oz","Gerber Dog Treats Pet, 16 oz — Pet Treats & Supplies",Gerber,False,16 oz,Baby & Pet,Pet,Pet Treats & Supplies,Baby & Pet,Pet,Pet Treats & Supplies,7.58
grocery,KRG,KRG,KRG-BA-65-1316,"Kroger Cat Treats Pet, 16 oz","Kroger Cat Treats Pet, 16 oz — Pet Treats & Supplies",Kroger,True,16 oz,Baby & Pet,Pet,Pet Treats & Supplies,Baby & Pet,Pet,Pet Treats & Supplies,5.69
grocery,KRG,KRG,KRG-BA-65-1317,"Kroger Cat Litter Pet, 16 oz","Kroger Cat Litter Pet, 16 oz — Pet Treats & Supplies",Kroger,True,16 oz,Baby & Pet,Pet,Pet Treats & Supplies,Baby & Pet,Pet,Pet Treats & Supplies,5.36
grocery,KRG,KRG,KRG-BA-65-1318,"Kroger Dog Treats Pet, 20 lb","Kroger Dog Treats Pet, 20 lb — Pet Treats & Supplies",Kroger,True,20 lb,Baby & Pet,Pet,Pet Treats & Supplies,Baby & Pet,Pet,Pet Treats & Supplies,5.5
grocery,KRG,KRG,KRG-BA-65-1319,"Kroger Cat Treats Pet, 20 lb","Kroger Cat Treats Pet, 20 lb — Pet Treats & Supplies",Kroger,True,20 lb,Baby & Pet,Pet,Pet Treats & Supplies,Baby & Pet,Pet,Pet Treats & Supplies,5.61
grocery,KRG,KRG,KRG-BA-65-1320,"Kroger Cat Litter Pet, 20 lb","Kroger Cat Litter Pet, 20 lb — Pet Treats & Supplies",Kroger,True,20 lb,Baby & Pet,Pet,Pet Treats & Supplies,Baby & Pet,Pet,Pet Treats & Supplies,6.19
grocery,KRG,KRG,KRG-BE-43-0853,"Coca-Cola Cola Soda, 12-pack cans","Coca-Cola Cola Soda, 12-pack cans — Soda",Coca-Cola,False,12-pack cans,Beverages,Soda,Soda,Beverages,Soft Drinks,Soda,5.22
grocery,KRG,KRG,KRG-BE-43-0854,"Coca-Cola Diet Cola Soda, 12-pack cans","Coca-Cola Diet Cola Soda, 12-pack cans — Soda",Coca-Cola,False,12-pack cans,Beverages,Soda,Soda,Beverages,Soft Drinks,Soda,5.18
grocery,KRG,KRG,KRG-BE-43-0855,"Coca-Cola Lemon-Lime Soda, 12-pack cans","Coca-Cola Lemon-Lime Soda, 12-pack cans — Soda",Coca-Cola,False,12-pack cans,Beverages,Soda,Soda,Beverages,Soft Drinks,Soda,5.26
grocery,KRG,KRG,KRG-BE-43-0856,"Coca-Cola Root Beer Soda, 12-pack cans","Coca-Cola Root Beer Soda, 12-pack cans — Soda",Coca-Cola,False,12-pack cans,Beverages,Soda,Soda,Beverages,Soft Drinks,Soda,5.15
grocery,KRG,KRG,KRG-BE-43-0857,"Coca-Cola Ginger Ale Soda, 12-pack cans","Coca-Cola Ginger Ale Soda, 12-pack cans — Soda",Coca-Cola,False,12-pack cans,Beverages,Soda,Soda,Beverages,Soft Drinks,Soda,5.39
grocery,KRG,KRG,KRG-BE-43-0858,"Coca-Cola Cola Soda, 2 Liter","Coca-Cola Cola Soda, 2 Liter — Soda",Coca-Cola,False,2 Liter,Beverages,Soda,Soda,Beverages,Soft Drinks,Soda,5.3
grocery,KRG,KRG,KRG-BE-43-0859,"Coca-Cola Diet Cola Soda, 2 Liter","Coca-Cola Diet Cola Soda, 2 Liter — Soda",Coca-Cola,False,2 Liter,Beverages,Soda,Soda,Beverages,Soft Drinks,Soda,5.42
grocery,KRG,KRG,KRG-BE-43-0860,"Coca-Cola Lemon-Lime Soda, 2 Liter","Coca-Cola Lemon-Lime Soda, 2 Liter — Soda",Coca-Cola,False,2 Liter,Beverages,Soda,Soda,Beverages,Soft Drinks,Soda,5.33
grocery,KRG,KRG,KRG-BE-43-0861,"Coca-Cola Root Beer Soda, 2 Liter","Coca-Cola Root Beer Soda, 2 Liter — Soda",Coca-Cola,False,2 Liter,Beverages,Soda,Soda,Beverages,Soft Drinks,Soda,5.31
grocery,KRG,KRG,KRG-BE-43-0862,"Coca-Cola Ginger Ale Soda, 2 Liter","Coca-Cola Ginger Ale Soda, 2 Liter — Soda",Coca-Cola,False,2 Liter,Beverages,Soda,Soda,Beverages,Soft Drinks,Soda,5.62
grocery,KRG,KRG,KRG-BE-43-0863,"Pepsi Cola Soda, 12-pack cans","Pepsi Cola Soda, 12-pack cans — Soda",Pepsi,False,12-pack cans,Beverages,Soda,Soda,Beverages,Soft Drinks,Soda,5.33
grocery,KRG,KRG,KRG-BE-43-0864,"Pepsi Diet Cola Soda, 12-pack cans","Pepsi Diet Cola Soda, 12-pack cans — Soda",Pepsi,False,12-pack cans,Beverages,Soda,Soda,Beverages,Soft Drinks,Soda,5.51
grocery,KRG,KRG,KRG-BE-43-0865,"Pepsi Lemon-Lime Soda, 12-pack cans","Pepsi Lemon-Lime Soda, 12-pack cans — Soda",Pepsi,False,12-pack cans,Beverages,Soda,Soda,Beverages,Soft Drinks,Soda,5.97
grocery,KRG,KRG,KRG-BE-43-0866,"Pepsi Root Beer Soda, 12-pack cans","Pepsi Root Beer Soda, 12-pack cans — Soda",Pepsi,False,12-pack cans,Beverages,Soda,Soda,Beverages,Soft Drinks,Soda,5.66
grocery,KRG,KRG,KRG-BE-43-0867,"Pepsi Ginger Ale Soda, 12-pack cans","Pepsi Ginger Ale Soda, 12-pack cans — Soda",Pepsi,False,12-pack cans,Beverages,Soda,Soda,Beverages,Soft Drinks,Soda,5.53
grocery,KRG,KRG,KRG-BE-43-0868,"Pepsi Cola Soda, 2 Liter","Pepsi Cola Soda, 2 Liter — Soda",Pepsi,False,2 Liter,Beverages,Soda,Soda,Beverages,Soft Drinks,Soda,5.96
grocery,KRG,KRG,KRG-BE-43-0869,"Pepsi Diet Cola Soda, 2 Liter","Pepsi Diet Cola Soda, 2 Liter — Soda",Pepsi,False,2 Liter,Beverages,Soda,Soda,Beverages,Soft Drinks,Soda,5.85
grocery,KRG,KRG,KRG-BE-43-0870,"Pepsi Lemon-Lime Soda, 2 Liter","Pepsi Lemon-Lime Soda, 2 Liter — Soda",Pepsi,False,2 Liter,Beverages,Soda,Soda,Beverages,Soft Drinks,Soda,6.22
grocery,KRG,KRG,KRG-BE-43-0871,"Pepsi Root Beer Soda, 2 Liter","Pepsi Root Beer Soda, 2 Liter — Soda",Pepsi,False,2 Liter,Beverages,Soda,Soda,Beverages,Soft Drinks,Soda,6.1
grocery,KRG,KRG,KRG-BE-43-0872,"Pepsi Ginger Ale Soda, 2 Liter","Pepsi Ginger Ale Soda, 2 Liter — Soda",Pepsi,False,2 Liter,Beverages,Soda,Soda,Beverages,Soft Drinks,Soda,5.95
grocery,KRG,KRG,KRG-BE-43-0873,"Gatorade Cola Soda, 12-pack cans","Gatorade Cola Soda, 12-pack cans — Soda",Gatorade,False,12-pack cans,Beverages,Soda,Soda,Beverages,Soft Drinks,Soda,6.36
grocery,KRG,KRG,KRG-BE-43-0874,"Gatorade Diet Cola Soda, 12-pack cans","Gatorade Diet Cola Soda, 12-pack cans — Soda",Gatorade,False,12-pack cans,Beverages,Soda,Soda,Beverages,Soft Drinks,Soda,6.21
grocery,KRG,KRG,KRG-BE-43-0875,"Gatorade Lemon-Lime Soda, 12-pack cans","Gatorade Lemon-Lime Soda, 12-pack cans — Soda",Gatorade,False,12-pack cans,Beverages,Soda,Soda,Beverages,Soft Drinks,Soda,6.18
grocery,KRG,KRG,KRG-BE-43-0876,"Gatorade Root Beer Soda, 12-pack cans","Gatorade Root Beer Soda, 12-pack cans — Soda",Gatorade,False,12-pack cans,Beverages,Soda,Soda,Beverages,Soft Drinks,Soda,5.97
grocery,KRG,KRG,KRG-BE-43-0877,"Gatorade Ginger Ale Soda, 12-pack cans","Gatorade Ginger Ale Soda, 12-pack cans — Soda",Gatorade,False,12-pack cans,Beverages,Soda,Soda,Beverages,Soft Drinks,Soda,6.0
grocery,KRG,KRG,KRG-BE-43-0878,"Gatorade Cola Soda, 2 Liter","Gatorade Cola Soda, 2 Liter — Soda",Gatorade,False,2 Liter,Beverages,Soda,Soda,Beverages,Soft Drinks,Soda,6.19
grocery,KRG,KRG,KRG-BE-43-0879,"Gatorade Diet Cola Soda, 2 Liter","Gatorade Diet Cola Soda, 2 Liter — Soda",Gatorade,False,2 Liter,Beverages,Soda,Soda,Beverages,Soft Drinks,Soda,6.38
grocery,KRG,KRG,KRG-BE-43-0880,"Gatorade Lemon-Lime Soda, 2 Liter","Gatorade Lemon-Lime Soda, 2 Liter — Soda",Gatorade,False,2 Liter,Beverages,Soda,Soda,Beverages,Soft Drinks,Soda,6.78
grocery,KRG,KRG,KRG-BE-43-0881,"Kroger Root Beer Soda, 2 Liter","Kroger Root Beer Soda, 2 Liter — Soda",Kroger,True,2 Liter,Beverages,Soda,Soda,Beverages,Soft Drinks,Soda,4.76
grocery,KRG,KRG,KRG-BE-43-0882,"Kroger Ginger Ale Soda, 2 Liter","Kroger Ginger Ale Soda, 2 Liter — Soda",Kroger,True,2 Liter,Beverages,Soda,Soda,Beverages,Soft Drinks,Soda,5.11
grocery,KRG,KRG,KRG-BE-43-0883,"Kroger Cola Soda, 12-pack cans","Kroger Cola Soda, 12-pack cans — Soda",Kroger,True,12-pack cans,Beverages,Soda,Soda,Beverages,Soft Drinks,Soda,4.74
grocery,KRG,KRG,KRG-BE-43-0884,"Kroger Diet Cola Soda, 12-pack cans","Kroger Diet Cola Soda, 12-pack cans — Soda",Kroger,True,12-pack cans,Beverages,Soda,Soda,Beverages,Soft Drinks,Soda,5.02
grocery,KRG,KRG,KRG-BE-43-0885,"Kroger Lemon-Lime Soda, 12-pack cans","Kroger Lemon-Lime Soda, 12-pack cans — Soda",Kroger,True,12-pack cans,Beverages,Soda,Soda,Beverages,Soft Drinks,Soda,5.13
grocery,KRG,KRG,KRG-BE-43-0886,"Kroger Root Beer Soda, 12-pack cans","Kroger Root Beer Soda, 12-pack cans — Soda",Kroger,True,12-pack cans,Beverages,Soda,Soda,Beverages,Soft Drinks,Soda,5.21
grocery,KRG,KRG,KRG-BE-43-0887,"Kroger Ginger Ale Soda, 12-pack cans","Kroger Ginger Ale Soda, 12-pack cans — Soda",Kroger,True,12-pack cans,Beverages,Soda,Soda,Beverages,Soft Drinks,Soda,5.21
grocery,KRG,KRG,KRG-BE-44-0888,"Coca-Cola Spring Water Water, 24-pack","Coca-Cola Spring Water Water, 24-pack — Water",Coca-Cola,False,24-pack,Beverages,Water,Water,Beverages,Water & Sports,Water,4.02
grocery,KRG,KRG,KRG-BE-44-0889,"Coca-Cola Purified Water Water, 24-pack","Coca-Cola Purified Water Water, 24-pack — Water",Coca-Cola,False,24-pack,Beverages,Water,Water,Beverages,Water & Sports,Water,4.05
grocery,KRG,KRG,KRG-BE-44-0890,"Coca-Cola Sparkling Water Water, 24-pack","Coca-Cola Sparkling Water Water, 24-pack — Water",Coca-Cola,False,24-pack,Beverages,Water,Water,Beverages,Water & Sports,Water,4.34
grocery,KRG,KRG,KRG-BE-44-0891,"Coca-Cola Spring Water Water, 35-pack","Coca-Cola Spring Water Water, 35-pack — Water",Coca-Cola,False,35-pack,Beverages,Water,Water,Beverages,Water & Sports,Water,4.37
grocery,KRG,KRG,KRG-BE-44-0892,"Pepsi Spring Water Water, 35-pack","Pepsi Spring Water Water, 35-pack — Water",Pepsi,False,35-pack,Beverages,Water,Water,Beverages,Water & Sports,Water,4.96
grocery,KRG,KRG,KRG-BE-44-0893,"Kroger Purified Water Water, 24-pack","Kroger Purified Water Water, 24-pack — Water",Kroger,True,24-pack,Beverages,Water,Water,Beverages,Water & Sports,Water,3.78
grocery,KRG,KRG,KRG-BE-44-0894,"Kroger Sparkling Water Water, 24-pack","Kroger Sparkling Water Water, 24-pack — Water",Kroger,True,24-pack,Beverages,Water,Water,Beverages,Water & Sports,Water,3.94
grocery,KRG,KRG,KRG-BE-44-0895,"Kroger Sparkling Water Water, 35-pack","Kroger Sparkling Water Water, 35-pack — Water",Kroger,True,35-pack,Beverages,Water,Water,Beverages,Water & Sports,Water,3.93
grocery,KRG,KRG,KRG-BE-45-0896,"Coca-Cola Sports Drink Variety Sports Drink, 8-pack","Coca-Cola Sports Drink Variety Sports Drink, 8-pack — Sports & Energy Drinks",Coca-Cola,False,8-pack,Beverages,Water,Sports & Energy Drinks,Beverages,Water & Sports,Sports & Energy Drinks,5.15
grocery,KRG,KRG,KRG-BE-45-0897,"Coca-Cola Energy Drink Sports Drink, 8-pack","Coca-Cola Energy Drink Sports Drink, 8-pack — Sports & Energy Drinks",Coca-Cola,False,8-pack,Beverages,Water,Sports & Energy Drinks,Beverages,Water & Sports,Sports & Energy Drinks,5.48
grocery,KRG,KRG,KRG-BE-45-0898,"Coca-Cola Electrolyte Sports Drink, 8-pack","Coca-Cola Electrolyte Sports Drink, 8-pack — Sports & Energy Drinks",Coca-Cola,False,8-pack,Beverages,Water,Sports & Energy Drinks,Beverages,Water & Sports,Sports & Energy Drinks,5.4
grocery,KRG,KRG,KRG-BE-45-0899,"Coca-Cola Sports Drink Variety Sports Drink, 12-pack","Coca-Cola Sports Drink Variety Sports Drink, 12-pack — Sports & Energy Drinks",Coca-Cola,False,12-pack,Beverages,Water,Sports & Energy Drinks,Beverages,Water & Sports,Sports & Energy Drinks,5.83
grocery,KRG,KRG,KRG-BE-45-0900,"Coca-Cola Energy Drink Sports Drink, 12-pack","Coca-Cola Energy Drink Sports Drink, 12-pack — Sports & Energy Drinks",Coca-Cola,False,12-pack,Beverages,Water,Sports & Energy Drinks,Beverages,Water & Sports,Sports & Energy Drinks,5.57
grocery,KRG,KRG,KRG-BE-45-0901,"Coca-Cola Electrolyte Sports Drink, 12-pack","Coca-Cola Electrolyte Sports Drink, 12-pack — Sports & Energy Drinks",Coca-Cola,False,12-pack,Beverages,Water,Sports & Energy Drinks,Beverages,Water & Sports,Sports & Energy Drinks,6.25
grocery,KRG,KRG,KRG-BE-45-0902,"Pepsi Sports Drink Variety Sports Drink, 8-pack","Pepsi Sports Drink Variety Sports Drink, 8-pack — Sports & Energy Drinks",Pepsi,False,8-pack,Beverages,Water,Sports & Energy Drinks,Beverages,Water & Sports,Sports & Energy Drinks,6.24
grocery,KRG,KRG,KRG-BE-45-0903,"Pepsi Energy Drink Sports Drink, 8-pack","Pepsi Energy Drink Sports Drink, 8-pack — Sports & Energy Drinks",Pepsi,False,8-pack,Beverages,Water,Sports & Energy Drinks,Beverages,Water & Sports,Sports & Energy Drinks,5.99
grocery,KRG,KRG,KRG-BE-45-0904,"Pepsi Electrolyte Sports Drink, 8-pack","Pepsi Electrolyte Sports Drink, 8-pack — Sports & Energy Drinks",Pepsi,False,8-pack,Beverages,Water,Sports & Energy Drinks,Beverages,Water & Sports,Sports & Energy Drinks,6.01
grocery,KRG,KRG,KRG-BE-45-0905,"Pepsi Sports Drink Variety Sports Drink, 12-pack","Pepsi Sports Drink Variety Sports Drink, 12-pack — Sports & Energy Drinks",Pepsi,False,12-pack,Beverages,Water,Sports & Energy Drinks,Beverages,Water & Sports,Sports & Energy Drinks,6.36
grocery,KRG,KRG,KRG-BE-45-0906,"Pepsi Energy Drink Sports Drink, 12-pack","Pepsi Energy Drink Sports Drink, 12-pack — Sports & Energy Drinks",Pepsi,False,12-pack,Beverages,Water,Sports & Energy Drinks,Beverages,Water & Sports,Sports & Energy Drinks,6.24
grocery,KRG,KRG,KRG-BE-45-0907,"Pepsi Electrolyte Sports Drink, 12-pack","Pepsi Electrolyte Sports Drink, 12-pack — Sports & Energy Drinks",Pepsi,False,12-pack,Beverages,Water,Sports & Energy Drinks,Beverages,Water & Sports,Sports & Energy Drinks,6.45
grocery,KRG,KRG,KRG-BE-45-0908,"Gatorade Sports Drink Variety Sports Drink, 8-pack","Gatorade Sports Drink Variety Sports Drink, 8-pack — Sports & Energy Drinks",Gatorade,False,8-pack,Beverages,Water,Sports & Energy Drinks,Beverages,Water & Sports,Sports & Energy Drinks,6.94
grocery,KRG,KRG,KRG-BE-45-0909,"Gatorade Energy Drink Sports Drink, 8-pack","Gatorade Energy Drink Sports Drink, 8-pack — Sports & Energy Drinks",Gatorade,False,8-pack,Beverages,Water,Sports & Energy Drinks,Beverages,Water & Sports,Sports & Energy Drinks,6.85
grocery,KRG,KRG,KRG-BE-45-0910,"Kroger Electrolyte Sports Drink, 8-pack","Kroger Electrolyte Sports Drink, 8-pack — Sports & Energy Drinks",Kroger,True,8-pack,Beverages,Water,Sports & Energy Drinks,Beverages,Water & Sports,Sports & Energy Drinks,5.24
grocery,KRG,KRG,KRG-BE-45-0911,"Kroger Sports Drink Variety Sports Drink, 12-pack","Kroger Sports Drink Variety Sports Drink, 12-pack — Sports & Energy Drinks",Kroger,True,12-pack,Beverages,Water,Sports & Energy Drinks,Beverages,Water & Sports,Sports & Energy Drinks,5.31
grocery,KRG,KRG,KRG-BE-45-0912,"Kroger Energy Drink Sports Drink, 12-pack","Kroger Energy Drink Sports Drink, 12-pack — Sports & Energy Drinks",Kroger,True,12-pack,Beverages,Water,Sports & Energy Drinks,Beverages,Water & Sports,Sports & Energy Drinks,5.44
grocery,KRG,KRG,KRG-BE-45-0913,"Kroger Electrolyte Sports Drink, 12-pack","Kroger Electrolyte Sports Drink, 12-pack — Sports & Energy Drinks",Kroger,True,12-pack,Beverages,Water,Sports & Energy Drinks,Beverages,Water & Sports,Sports & Energy Drinks,5.29
grocery,KRG,KRG,KRG-BE-46-0914,"Coca-Cola Orange Juice Juice, 52 oz","Coca-Cola Orange Juice Juice, 52 oz — Juice",Coca-Cola,False,52 oz,Beverages,Juice,Juice,Beverages,Juice & Tea,Juice,3.69
grocery,KRG,KRG,KRG-BE-46-0915,"Coca-Cola Apple Juice Juice, 52 oz","Coca-Cola Apple Juice Juice, 52 oz — Juice",Coca-Cola,False,52 oz,Beverages,Juice,Juice,Beverages,Juice & Tea,Juice,3.82
grocery,KRG,KRG,KRG-BE-46-0916,"Coca-Cola Cranberry Juice, 52 oz","Coca-Cola Cranberry Juice, 52 oz — Juice",Coca-Cola,False,52 oz,Beverages,Juice,Juice,Beverages,Juice & Tea,Juice,4.0
grocery,KRG,KRG,KRG-BE-46-0917,"Coca-Cola Fruit Punch Juice, 52 oz","Coca-Cola Fruit Punch Juice, 52 oz — Juice",Coca-Cola,False,52 oz,Beverages,Juice,Juice,Beverages,Juice & Tea,Juice,3.86
grocery,KRG,KRG,KRG-BE-46-0918,"Coca-Cola Orange Juice Juice, 64 oz","Coca-Cola Orange Juice Juice, 64 oz — Juice",Coca-Cola,False,64 oz,Beverages,Juice,Juice,Beverages,Juice & Tea,Juice,3.86
grocery,KRG,KRG,KRG-BE-46-0919,"Coca-Cola Apple Juice Juice, 64 oz","Coca-Cola Apple Juice Juice, 64 oz — Juice",Coca-Cola,False,64 oz,Beverages,Juice,Juice,Beverages,Juice & Tea,Juice,4.01
grocery,KRG,KRG,KRG-BE-46-0920,"Coca-Cola Cranberry Juice, 64 oz","Coca-Cola Cranberry Juice, 64 oz — Juice",Coca-Cola,False,64 oz,Beverages,Juice,Juice,Beverages,Juice & Tea,Juice,4.19
grocery,KRG,KRG,KRG-BE-46-0921,"Coca-Cola Fruit Punch Juice, 64 oz","Coca-Cola Fruit Punch Juice, 64 oz — Juice",Coca-Cola,False,64 oz,Beverages,Juice,Juice,Beverages,Juice & Tea,Juice,4.27
grocery,KRG,KRG,KRG-BE-46-0922,"Pepsi Orange Juice Juice, 52 oz","Pepsi Orange Juice Juice, 52 oz — Juice",Pepsi,False,52 oz,Beverages,Juice,Juice,Beverages,Juice & Tea,Juice,4.23
grocery,KRG,KRG,KRG-BE-46-0923,"Pepsi Apple Juice Juice, 52 oz","Pepsi Apple Juice Juice, 52 oz — Juice",Pepsi,False,52 oz,Beverages,Juice,Juice,Beverages,Juice & Tea,Juice,4.32
grocery,KRG,KRG,KRG-BE-46-0924,"Pepsi Cranberry Juice, 52 oz","Pepsi Cranberry Juice, 52 oz — Juice",Pepsi,False,52 oz,Beverages,Juice,Juice,Beverages,Juice & Tea,Juice,4.28
grocery,KRG,KRG,KRG-BE-46-0925,"Pepsi Fruit Punch Juice, 52 oz","Pepsi Fruit Punch Juice, 52 oz — Juice",Pepsi,False,52 oz,Beverages,Juice,Juice,Beverages,Juice & Tea,Juice,4.56
grocery,KRG,KRG,KRG-BE-46-0926,"Pepsi Orange Juice Juice, 64 oz","Pepsi Orange Juice Juice, 64 oz — Juice",Pepsi,False,64 oz,Beverages,Juice,Juice,Beverages,Juice & Tea,Juice,4.38
grocery,KRG,KRG,KRG-BE-46-0927,"Pepsi Apple Juice Juice, 64 oz","Pepsi Apple Juice Juice, 64 oz — Juice",Pepsi,False,64 oz,Beverages,Juice,Juice,Beverages,Juice & Tea,Juice,4.58
grocery,KRG,KRG,KRG-BE-46-0928,"Pepsi Cranberry Juice, 64 oz","Pepsi Cranberry Juice, 64 oz — Juice",Pepsi,False,64 oz,Beverages,Juice,Juice,Beverages,Juice & Tea,Juice,4.63
grocery,KRG,KRG,KRG-BE-46-0929,"Pepsi Fruit Punch Juice, 64 oz","Pepsi Fruit Punch Juice, 64 oz — Juice",Pepsi,False,64 oz,Beverages,Juice,Juice,Beverages,Juice & Tea,Juice,4.79
grocery,KRG,KRG,KRG-BE-46-0930,"Kroger Orange Juice Juice, 52 oz","Kroger Orange Juice Juice, 52 oz — Juice",Kroger,True,52 oz,Beverages,Juice,Juice,Beverages,Juice & Tea,Juice,3.52
grocery,KRG,KRG,KRG-BE-46-0931,"Kroger Apple Juice Juice, 52 oz","Kroger Apple Juice Juice, 52 oz — Juice",Kroger,True,52 oz,Beverages,Juice,Juice,Beverages,Juice & Tea,Juice,3.35
grocery,KRG,KRG,KRG-BE-46-0932,"Kroger Cranberry Juice, 52 oz","Kroger Cranberry Juice, 52 oz — Juice",Kroger,True,52 oz,Beverages,Juice,Juice,Beverages,Juice & Tea,Juice,3.62
grocery,KRG,KRG,KRG-BE-46-0933,"Kroger Fruit Punch Juice, 52 oz","Kroger Fruit Punch Juice, 52 oz — Juice",Kroger,True,52 oz,Beverages,Juice,Juice,Beverages,Juice & Tea,Juice,3.59
grocery,KRG,KRG,KRG-BE-46-0934,"Kroger Orange Juice Juice, 64 oz","Kroger Orange Juice Juice, 64 oz — Juice",Kroger,True,64 oz,Beverages,Juice,Juice,Beverages,Juice & Tea,Juice,3.71
grocery,KRG,KRG,KRG-BE-46-0935,"Kroger Apple Juice Juice, 64 oz","Kroger Apple Juice Juice, 64 oz — Juice",Kroger,True,64 oz,Beverages,Juice,Juice,Beverages,Juice & Tea,Juice,3.74
grocery,KRG,KRG,KRG-BE-46-0936,"Kroger Cranberry Juice, 64 oz","Kroger Cranberry Juice, 64 oz — Juice",Kroger,True,64 oz,Beverages,Juice,Juice,Beverages,Juice & Tea,Juice,3.65
grocery,KRG,KRG,KRG-BE-46-0937,"Kroger Fruit Punch Juice, 64 oz","Kroger Fruit Punch Juice, 64 oz — Juice",Kroger,True,64 oz,Beverages,Juice,Juice,Beverages,Juice & Tea,Juice,3.8
grocery,KRG,KRG,KRG-BE-46-0938,"Kroger Orange Juice Juice, 52 oz","Kroger Orange Juice Juice, 52 oz — Juice",Kroger,True,52 oz,Beverages,Juice,Juice,Beverages,Juice & Tea,Juice,3.61
grocery,KRG,KRG,KRG-BE-47-0939,"Coca-Cola Iced Tea Tea, 59 oz","Coca-Cola Iced Tea Tea, 59 oz — Tea & Mixers",Coca-Cola,False,59 oz,Beverages,Juice,Tea & Mixers,Beverages,Juice & Tea,Tea & Mixers,3.23
grocery,KRG,KRG,KRG-BE-47-0940,"Coca-Cola Green Tea Tea, 59 oz","Coca-Cola Green Tea Tea, 59 oz — Tea & Mixers",Coca-Cola,False,59 oz,Beverages,Juice,Tea & Mixers,Beverages,Juice & Tea,Tea & Mixers,3.3
grocery,KRG,KRG,KRG-BE-47-0941,"Coca-Cola Lemonade Tea, 59 oz","Coca-Cola Lemonade Tea, 59 oz — Tea & Mixers",Coca-Cola,False,59 oz,Beverages,Juice,Tea & Mixers,Beverages,Juice & Tea,Tea & Mixers,3.64
grocery,KRG,KRG,KRG-BE-47-0942,"Coca-Cola Iced Tea Tea, gallon","Coca-Cola Iced Tea Tea, gallon — Tea & Mixers",Coca-Cola,False,gallon,Beverages,Juice,Tea & Mixers,Beverages,Juice & Tea,Tea & Mixers,3.48
grocery,KRG,KRG,KRG-BE-47-0943,"Coca-Cola Green Tea Tea, gallon","Coca-Cola Green Tea Tea, gallon — Tea & Mixers",Coca-Cola,False,gallon,Beverages,Juice,Tea & Mixers,Beverages,Juice & Tea,Tea & Mixers,3.56
grocery,KRG,KRG,KRG-BE-47-0944,"Coca-Cola Lemonade Tea, gallon","Coca-Cola Lemonade Tea, gallon — Tea & Mixers",Coca-Cola,False,gallon,Beverages,Juice,Tea & Mixers,Beverages,Juice & Tea,Tea & Mixers,3.79
grocery,KRG,KRG,KRG-BE-47-0945,"Pepsi Iced Tea Tea, 59 oz","Pepsi Iced Tea Tea, 59 oz — Tea & Mixers",Pepsi,False,59 oz,Beverages,Juice,Tea & Mixers,Beverages,Juice & Tea,Tea & Mixers,3.68
grocery,KRG,KRG,KRG-BE-47-0946,"Pepsi Green Tea Tea, 59 oz","Pepsi Green Tea Tea, 59 oz — Tea & Mixers",Pepsi,False,59 oz,Beverages,Juice,Tea & Mixers,Beverages,Juice & Tea,Tea & Mixers,4.03
grocery,KRG,KRG,KRG-BE-47-0947,"Pepsi Lemonade Tea, 59 oz","Pepsi Lemonade Tea, 59 oz — Tea & Mixers",Pepsi,False,59 oz,Beverages,Juice,Tea & Mixers,Beverages,Juice & Tea,Tea & Mixers,4.05
grocery,KRG,KRG,KRG-BE-47-0948,"Pepsi Iced Tea Tea, gallon","Pepsi Iced Tea Tea, gallon — Tea & Mixers",Pepsi,False,gallon,Beverages,Juice,Tea & Mixers,Beverages,Juice & Tea,Tea & Mixers,4.16
grocery,KRG,KRG,KRG-BE-47-0949,"Pepsi Green Tea Tea, gallon","Pepsi Green Tea Tea, gallon — Tea & Mixers",Pepsi,False,gallon,Beverages,Juice,Tea & Mixers,Beverages,Juice & Tea,Tea & Mixers,4.01
grocery,KRG,KRG,KRG-BE-47-0950,"Kroger Lemonade Tea, gallon","Kroger Lemonade Tea, gallon — Tea & Mixers",Kroger,True,gallon,Beverages,Juice,Tea & Mixers,Beverages,Juice & Tea,Tea & Mixers,3.27
grocery,KRG,KRG,KRG-BE-47-0951,"Kroger Iced Tea Tea, 59 oz","Kroger Iced Tea Tea, 59 oz — Tea & Mixers",Kroger,True,59 oz,Beverages,Juice,Tea & Mixers,Beverages,Juice & Tea,Tea & Mixers,3.35
grocery,KRG,KRG,KRG-BE-47-0952,"Kroger Green Tea Tea, 59 oz","Kroger Green Tea Tea, 59 oz — Tea & Mixers",Kroger,True,59 oz,Beverages,Juice,Tea & Mixers,Beverages,Juice & Tea,Tea & Mixers,3.29
grocery,KRG,KRG,KRG-BE-47-0953,"Kroger Lemonade Tea, 59 oz","Kroger Lemonade Tea, 59 oz — Tea & Mixers",Kroger,True,59 oz,Beverages,Juice,Tea & Mixers,Beverages,Juice & Tea,Tea & Mixers,3.41
grocery,KRG,KRG,KRG-DA-01-0001,"Horizon 2% Reduced Fat Milk, Half Gallon","Horizon 2% Reduced Fat Milk, Half Gallon — 2% Reduced-Fat Milk",Horizon,False,Half Gallon,Dairy,Milk,2% Reduced-Fat Milk,Dairy & Eggs,Milk,2% Reduced-Fat Milk,3.17
grocery,KRG,KRG,KRG-DA-01-0002,"Horizon 2% Reduced Fat Milk, 1 Gallon","Horizon 2% Reduced Fat Milk, 1 Gallon — 2% Reduced-Fat Milk",Horizon,False,1 Gallon,Dairy,Milk,2% Reduced-Fat Milk,Dairy & Eggs,Milk,2% Reduced-Fat Milk,3.24
grocery,KRG,KRG,KRG-DA-01-0003,"Fairlife 2% Reduced Fat Milk, Half Gallon","Fairlife 2% Reduced Fat Milk, Half Gallon — 2% Reduced-Fat Milk",Fairlife,False,Half Gallon,Dairy,Milk,2% Reduced-Fat Milk,Dairy & Eggs,Milk,2% Reduced-Fat Milk,3.35
grocery,KRG,KRG,KRG-DA-01-0004,"Fairlife 2% Reduced Fat Milk, 1 Gallon","Fairlife 2% Reduced Fat Milk, 1 Gallon — 2% Reduced-Fat Milk",Fairlife,False,1 Gallon,Dairy,Milk,2% Reduced-Fat Milk,Dairy & Eggs,Milk,2% Reduced-Fat Milk,3.57
grocery,KRG,KRG,KRG-DA-01-0005,"Organic Valley 2% Reduced Fat Milk, Half Gallon","Organic Valley 2% Reduced Fat Milk, Half Gallon — 2% Reduced-Fat Milk",Organic Valley,False,Half Gallon,Dairy,Milk,2% Reduced-Fat Milk,Dairy & Eggs,Milk,2% Reduced-Fat Milk,3.47
grocery,KRG,KRG,KRG-DA-01-0006,"Organic Valley 2% Reduced Fat Milk, 1 Gallon","Organic Valley 2% Reduced Fat Milk, 1 Gallon — 2% Reduced-Fat Milk",Organic Valley,False,1 Gallon,Dairy,Milk,2% Reduced-Fat Milk,Dairy & Eggs,Milk,2% Reduced-Fat Milk,3.65
grocery,KRG,KRG,KRG-DA-01-0007,"Land O'Lakes 2% Reduced Fat Milk, Half Gallon","Land O'Lakes 2% Reduced Fat Milk, Half Gallon — 2% Reduced-Fat Milk",Land O'Lakes,False,Half Gallon,Dairy,Milk,2% Reduced-Fat Milk,Dairy & Eggs,Milk,2% Reduced-Fat Milk,3.6
grocery,KRG,KRG,KRG-DA-01-0008,"Kroger 2% Reduced Fat Milk, 1 Gallon","Kroger 2% Reduced Fat Milk, 1 Gallon — 2% Reduced-Fat Milk",Kroger,True,1 Gallon,Dairy,Milk,2% Reduced-Fat Milk,Dairy & Eggs,Milk,2% Reduced-Fat Milk,2.76
grocery,KRG,KRG,KRG-DA-01-0009,"Kroger 2% Reduced Fat Milk, Half Gallon","Kroger 2% Reduced Fat Milk, Half Gallon — 2% Reduced-Fat Milk",Kroger,True,Half Gallon,Dairy,Milk,2% Reduced-Fat Milk,Dairy & Eggs,Milk,2% Reduced-Fat Milk,2.8
grocery,KRG,KRG,KRG-DA-01-0010,"Kroger 2% Reduced Fat Milk, 1 Gallon","Kroger 2% Reduced Fat Milk, 1 Gallon — 2% Reduced-Fat Milk",Kroger,True,1 Gallon,Dairy,Milk,2% Reduced-Fat Milk,Dairy & Eggs,Milk,2% Reduced-Fat Milk,2.97
grocery,KRG,KRG,KRG-DA-01-0011,"Kroger 2% Reduced Fat Milk, Half Gallon","Kroger 2% Reduced Fat Milk, Half Gallon — 2% Reduced-Fat Milk",Kroger,True,Half Gallon,Dairy,Milk,2% Reduced-Fat Milk,Dairy & Eggs,Milk,2% Reduced-Fat Milk,3.06
grocery,KRG,KRG,KRG-DA-01-0012,"Kroger 2% Reduced Fat Milk, 1 Gallon","Kroger 2% Reduced Fat Milk, 1 Gallon — 2% Reduced-Fat Milk",Kroger,True,1 Gallon,Dairy,Milk,2% Reduced-Fat Milk,Dairy & Eggs,Milk,2% Reduced-Fat Milk,3.02
grocery,KRG,KRG,KRG-DA-01-0013,"Kroger 2% Reduced Fat Milk, Half Gallon","Kroger 2% Reduced Fat Milk, Half Gallon — 2% Reduced-Fat Milk",Kroger,True,Half Gallon,Dairy,Milk,2% Reduced-Fat Milk,Dairy & Eggs,Milk,2% Reduced-Fat Milk,3.11
grocery,KRG,KRG,KRG-DA-01-0014,"Kroger 2% Reduced Fat Milk, 1 Gallon","Kroger 2% Reduced Fat Milk, 1 Gallon — 2% Reduced-Fat Milk",Kroger,True,1 Gallon,Dairy,Milk,2% Reduced-Fat Milk,Dairy & Eggs,Milk,2% Reduced-Fat Milk,3.1
grocery,KRG,KRG,KRG-DA-01-0015,"Kroger 2% Reduced Fat Milk, Half Gallon","Kroger 2% Reduced Fat Milk, Half Gallon — 2% Reduced-Fat Milk",Kroger,True,Half Gallon,Dairy,Milk,2% Reduced-Fat Milk,Dairy & Eggs,Milk,2% Reduced-Fat Milk,3.16
grocery,KRG,KRG,KRG-DA-02-0016,"Horizon Whole Milk, Half Gallon","Horizon Whole Milk, Half Gallon — Whole Milk",Horizon,False,Half Gallon,Dairy,Milk,Whole Milk,Dairy & Eggs,Milk,Whole Milk,3.36
grocery,KRG,KRG,KRG-DA-02-0017,"Horizon Vitamin D Whole Milk, Half Gallon","Horizon Vitamin D Whole Milk, Half Gallon — Whole Milk",Horizon,False,Half Gallon,Dairy,Milk,Whole Milk,Dairy & Eggs,Milk,Whole Milk,3.35
grocery,KRG,KRG,KRG-DA-02-0018,"Horizon Whole Milk, 1 Gallon","Horizon Whole Milk, 1 Gallon — Whole Milk",Horizon,False,1 Gallon,Dairy,Milk,Whole Milk,Dairy & Eggs,Milk,Whole Milk,3.43
grocery,KRG,KRG,KRG-DA-02-0019,"Horizon Vitamin D Whole Milk, 1 Gallon","Horizon Vitamin D Whole Milk, 1 Gallon — Whole Milk",Horizon,False,1 Gallon,Dairy,Milk,Whole Milk,Dairy & Eggs,Milk,Whole Milk,3.59
grocery,KRG,KRG,KRG-DA-02-0020,"Fairlife Whole Milk, Half Gallon","Fairlife Whole Milk, Half Gallon — Whole Milk",Fairlife,False,Half Gallon,Dairy,Milk,Whole Milk,Dairy & Eggs,Milk,Whole Milk,3.53
grocery,KRG,KRG,KRG-DA-02-0021,"Fairlife Vitamin D Whole Milk, Half Gallon","Fairlife Vitamin D Whole Milk, Half Gallon — Whole Milk",Fairlife,False,Half Gallon,Dairy,Milk,Whole Milk,Dairy & Eggs,Milk,Whole Milk,3.78
grocery,KRG,KRG,KRG-DA-02-0022,"Fairlife Whole Milk, 1 Gallon","Fairlife Whole Milk, 1 Gallon — Whole Milk",Fairlife,False,1 Gallon,Dairy,Milk,Whole Milk,Dairy & Eggs,Milk,Whole Milk,3.99
grocery,KRG,KRG,KRG-DA-02-0023,"Kroger Vitamin D Whole Milk, 1 Gallon","Kroger Vitamin D Whole Milk, 1 Gallon — Whole Milk",Kroger,True,1 Gallon,Dairy,Milk,Whole Milk,Dairy & Eggs,Milk,Whole Milk,2.94
grocery,KRG,KRG,KRG-DA-02-0024,"Kroger Whole Milk, Half Gallon","Kroger Whole Milk, Half Gallon — Whole Milk",Kroger,True,Half Gallon,Dairy,Milk,Whole Milk,Dairy & Eggs,Milk,Whole Milk,3.1
grocery,KRG,KRG,KRG-DA-02-0025,"Kroger Vitamin D Whole Milk, Half Gallon","Kroger Vitamin D Whole Milk, Half Gallon — Whole Milk",Kroger,True,Half Gallon,Dairy,Milk,Whole Milk,Dairy & Eggs,Milk,Whole Milk,2.95
grocery,KRG,KRG,KRG-DA-02-0026,"Kroger Whole Milk, 1 Gallon","Kroger Whole Milk, 1 Gallon — Whole Milk",Kroger,True,1 Gallon,Dairy,Milk,Whole Milk,Dairy & Eggs,Milk,Whole Milk,3.09
grocery,KRG,KRG,KRG-DA-02-0027,"Kroger Vitamin D Whole Milk, 1 Gallon","Kroger Vitamin D Whole Milk, 1 Gallon — Whole Milk",Kroger,True,1 Gallon,Dairy,Milk,Whole Milk,Dairy & Eggs,Milk,Whole Milk,3.2
grocery,KRG,KRG,KRG-DA-02-0028,"Kroger Whole Milk, Half Gallon","Kroger Whole Milk, Half Gallon — Whole Milk",Kroger,True,Half Gallon,Dairy,Milk,Whole Milk,Dairy & Eggs,Milk,Whole Milk,3.13
grocery,KRG,KRG,KRG-DA-02-0029,"Kroger Vitamin D Whole Milk, Half Gallon","Kroger Vitamin D Whole Milk, Half Gallon — Whole Milk",Kroger,True,Half Gallon,Dairy,Milk,Whole Milk,Dairy & Eggs,Milk,Whole Milk,3.17
grocery,KRG,KRG,KRG-DA-02-0030,"Kroger Whole Milk, 1 Gallon","Kroger Whole Milk, 1 Gallon — Whole Milk",Kroger,True,1 Gallon,Dairy,Milk,Whole Milk,Dairy & Eggs,Milk,Whole Milk,3.44
grocery,KRG,KRG,KRG-DA-03-0031,"Horizon Fat Free Skim Milk, Half Gallon","Horizon Fat Free Skim Milk, Half Gallon — Skim & Low-Fat Milk",Horizon,False,Half Gallon,Dairy,Milk,Skim & Low-Fat Milk,Dairy & Eggs,Milk,Skim & Low-Fat Milk,3.08
grocery,KRG,KRG,KRG-DA-03-0032,"Horizon 1% Lowfat Milk, Half Gallon","Horizon 1% Lowfat Milk, Half Gallon — Skim & Low-Fat Milk",Horizon,False,Half Gallon,Dairy,Milk,Skim & Low-Fat Milk,Dairy & Eggs,Milk,Skim & Low-Fat Milk,3.34
grocery,KRG,KRG,KRG-DA-03-0033,"Horizon Fat Free Skim Milk, 1 Gallon","Horizon Fat Free Skim Milk, 1 Gallon — Skim & Low-Fat Milk",Horizon,False,1 Gallon,Dairy,Milk,Skim & Low-Fat Milk,Dairy & Eggs,Milk,Skim & Low-Fat Milk,3.26
grocery,KRG,KRG,KRG-DA-03-0034,"Horizon 1% Lowfat Milk, 1 Gallon","Horizon 1% Lowfat Milk, 1 Gallon — Skim & Low-Fat Milk",Horizon,False,1 Gallon,Dairy,Milk,Skim & Low-Fat Milk,Dairy & Eggs,Milk,Skim & Low-Fat Milk,3.53
grocery,KRG,KRG,KRG-DA-03-0035,"Fairlife Fat Free Skim Milk, Half Gallon","Fairlife Fat Free Skim Milk, Half Gallon — Skim & Low-Fat Milk",Fairlife,False,Half Gallon,Dairy,Milk,Skim & Low-Fat Milk,Dairy & Eggs,Milk,Skim & Low-Fat Milk,3.52
grocery,KRG,KRG,KRG-DA-03-0036,"Fairlife 1% Lowfat Milk, Half Gallon","Fairlife 1% Lowfat Milk, Half Gallon — Skim & Low-Fat Milk",Fairlife,False,Half Gallon,Dairy,Milk,Skim & Low-Fat Milk,Dairy & Eggs,Milk,Skim & Low-Fat Milk,3.58
grocery,KRG,KRG,KRG-DA-03-0037,"Kroger Fat Free Skim Milk, 1 Gallon","Kroger Fat Free Skim Milk, 1 Gallon — Skim & Low-Fat Milk",Kroger,True,1 Gallon,Dairy,Milk,Skim & Low-Fat Milk,Dairy & Eggs,Milk,Skim & Low-Fat Milk,2.8
grocery,KRG,KRG,KRG-DA-03-0038,"Kroger 1% Lowfat Milk, 1 Gallon","Kroger 1% Lowfat Milk, 1 Gallon — Skim & Low-Fat Milk",Kroger,True,1 Gallon,Dairy,Milk,Skim & Low-Fat Milk,Dairy & Eggs,Milk,Skim & Low-Fat Milk,3.01
grocery,KRG,KRG,KRG-DA-03-0039,"Kroger Fat Free Skim Milk, Half Gallon","Kroger Fat Free Skim Milk, Half Gallon — Skim & Low-Fat Milk",Kroger,True,Half Gallon,Dairy,Milk,Skim & Low-Fat Milk,Dairy & Eggs,Milk,Skim & Low-Fat Milk,2.85
grocery,KRG,KRG,KRG-DA-03-0040,"Kroger 1% Lowfat Milk, Half Gallon","Kroger 1% Lowfat Milk, Half Gallon — Skim & Low-Fat Milk",Kroger,True,Half Gallon,Dairy,Milk,Skim & Low-Fat Milk,Dairy & Eggs,Milk,Skim & Low-Fat Milk,3.01
grocery,KRG,KRG,KRG-DA-03-0041,"Kroger Fat Free Skim Milk, 1 Gallon","Kroger Fat Free Skim Milk, 1 Gallon — Skim & Low-Fat Milk",Kroger,True,1 Gallon,Dairy,Milk,Skim & Low-Fat Milk,Dairy & Eggs,Milk,Skim & Low-Fat Milk,3.2
grocery,KRG,KRG,KRG-DA-03-0042,"Kroger 1% Lowfat Milk, 1 Gallon","Kroger 1% Lowfat Milk, 1 Gallon — Skim & Low-Fat Milk",Kroger,True,1 Gallon,Dairy,Milk,Skim & Low-Fat Milk,Dairy & Eggs,Milk,Skim & Low-Fat Milk,3.17
grocery,KRG,KRG,KRG-DA-04-0043,"Horizon Almond Milk, Half Gallon","Horizon Almond Milk, Half Gallon — Plant-Based Milk",Horizon,False,Half Gallon,Dairy,Milk,Plant-Based Milk,Dairy & Eggs,Milk,Plant-Based Milk,3.93
grocery,KRG,KRG,KRG-DA-04-0044,"Horizon Oat Milk, Half Gallon","Horizon Oat Milk, Half Gallon — Plant-Based Milk",Horizon,False,Half Gallon,Dairy,Milk,Plant-Based Milk,Dairy & Eggs,Milk,Plant-Based Milk,3.92
grocery,KRG,KRG,KRG-DA-04-0045,"Horizon Lactose-Free Milk, Half Gallon","Horizon Lactose-Free Milk, Half Gallon — Plant-Based Milk",Horizon,False,Half Gallon,Dairy,Milk,Plant-Based Milk,Dairy & Eggs,Milk,Plant-Based Milk,4.02
grocery,KRG,KRG,KRG-DA-04-0046,"Fairlife Almond Milk, Half Gallon","Fairlife Almond Milk, Half Gallon — Plant-Based Milk",Fairlife,False,Half Gallon,Dairy,Milk,Plant-Based Milk,Dairy & Eggs,Milk,Plant-Based Milk,3.93
grocery,KRG,KRG,KRG-DA-04-0047,"Organic Valley Almond Milk, Half Gallon","Organic Valley Almond Milk, Half Gallon — Plant-Based Milk",Organic Valley,False,Half Gallon,Dairy,Milk,Plant-Based Milk,Dairy & Eggs,Milk,Plant-Based Milk,4.25
grocery,KRG,KRG,KRG-DA-04-0048,"Organic Valley Lactose-Free Milk, Half Gallon","Organic Valley Lactose-Free Milk, Half Gallon — Plant-Based Milk",Organic Valley,False,Half Gallon,Dairy,Milk,Plant-Based Milk,Dairy & Eggs,Milk,Plant-Based Milk,4.29
grocery,KRG,KRG,KRG-DA-04-0049,"Land O'Lakes Oat Milk, Half Gallon","Land O'Lakes Oat Milk, Half Gallon — Plant-Based Milk",Land O'Lakes,False,Half Gallon,Dairy,Milk,Plant-Based Milk,Dairy & Eggs,Milk,Plant-Based Milk,4.6
grocery,KRG,KRG,KRG-DA-04-0050,"Land O'Lakes Soy Milk, Half Gallon","Land O'Lakes Soy Milk, Half Gallon — Plant-Based Milk",Land O'Lakes,False,Half Gallon,Dairy,Milk,Plant-Based Milk,Dairy & Eggs,Milk,Plant-Based Milk,4.46
grocery,KRG,KRG,KRG-DA-04-0051,"Chobani Almond Milk, Half Gallon","Chobani Almond Milk, Half Gallon — Plant-Based Milk",Chobani,False,Half Gallon,Dairy,Milk,Plant-Based Milk,Dairy & Eggs,Milk,Plant-Based Milk,4.7
grocery,KRG,KRG,KRG-DA-04-0052,"Kroger Oat Milk, Half Gallon","Kroger Oat Milk, Half Gallon — Plant-Based Milk",Kroger,True,Half Gallon,Dairy,Milk,Plant-Based Milk,Dairy & Eggs,Milk,Plant-Based Milk,3.62
grocery,KRG,KRG,KRG-DA-04-0053,"Kroger Lactose-Free Milk, Half Gallon","Kroger Lactose-Free Milk, Half Gallon — Plant-Based Milk",Kroger,True,Half Gallon,Dairy,Milk,Plant-Based Milk,Dairy & Eggs,Milk,Plant-Based Milk,3.83
grocery,KRG,KRG,KRG-DA-04-0054,"Kroger Almond Milk, Half Gallon","Kroger Almond Milk, Half Gallon — Plant-Based Milk",Kroger,True,Half Gallon,Dairy,Milk,Plant-Based Milk,Dairy & Eggs,Milk,Plant-Based Milk,3.66
grocery,KRG,KRG,KRG-DA-04-0055,"Kroger Oat Milk, Half Gallon","Kroger Oat Milk, Half Gallon — Plant-Based Milk",Kroger,True,Half Gallon,Dairy,Milk,Plant-Based Milk,Dairy & Eggs,Milk,Plant-Based Milk,3.82
grocery,KRG,KRG,KRG-DA-04-0056,"Kroger Almond Milk, Half Gallon","Kroger Almond Milk, Half Gallon — Plant-Based Milk",Kroger,True,Half Gallon,Dairy,Milk,Plant-Based Milk,Dairy & Eggs,Milk,Plant-Based Milk,4.08
grocery,KRG,KRG,KRG-DA-05-0057,"Horizon Cheddar Shredded Cheese, 8 oz","Horizon Cheddar Shredded Cheese, 8 oz — Shredded Cheese",Horizon,False,8 oz,Dairy,Cheese,Shredded Cheese,Dairy & Eggs,Cheese,Shredded Cheese,3.79
grocery,KRG,KRG,KRG-DA-05-0058,"Horizon Mozzarella Shredded Cheese, 8 oz","Horizon Mozzarella Shredded Cheese, 8 oz — Shredded Cheese",Horizon,False,8 oz,Dairy,Cheese,Shredded Cheese,Dairy & Eggs,Cheese,Shredded Cheese,3.6
grocery,KRG,KRG,KRG-DA-05-0059,"Horizon Mexican Blend Shredded Cheese, 8 oz","Horizon Mexican Blend Shredded Cheese, 8 oz — Shredded Cheese",Horizon,False,8 oz,Dairy,Cheese,Shredded Cheese,Dairy & Eggs,Cheese,Shredded Cheese,3.86
grocery,KRG,KRG,KRG-DA-05-0060,"Horizon Italian Blend Shredded Cheese, 8 oz","Horizon Italian Blend Shredded Cheese, 8 oz — Shredded Cheese",Horizon,False,8 oz,Dairy,Cheese,Shredded Cheese,Dairy & Eggs,Cheese,Shredded Cheese,3.75
grocery,KRG,KRG,KRG-DA-05-0061,"Horizon Cheddar Shredded Cheese, 16 oz","Horizon Cheddar Shredded Cheese, 16 oz — Shredded Cheese",Horizon,False,16 oz,Dairy,Cheese,Shredded Cheese,Dairy & Eggs,Cheese,Shredded Cheese,3.93
grocery,KRG,KRG,KRG-DA-05-0062,"Horizon Mozzarella Shredded Cheese, 16 oz","Horizon Mozzarella Shredded Cheese, 16 oz — Shredded Cheese",Horizon,False,16 oz,Dairy,Cheese,Shredded Cheese,Dairy & Eggs,Cheese,Shredded Cheese,4.08
grocery,KRG,KRG,KRG-DA-05-0063,"Horizon Mexican Blend Shredded Cheese, 16 oz","Horizon Mexican Blend Shredded Cheese, 16 oz — Shredded Cheese",Horizon,False,16 oz,Dairy,Cheese,Shredded Cheese,Dairy & Eggs,Cheese,Shredded Cheese,3.85
grocery,KRG,KRG,KRG-DA-05-0064,"Horizon Italian Blend Shredded Cheese, 16 oz","Horizon Italian Blend Shredded Cheese, 16 oz — Shredded Cheese",Horizon,False,16 oz,Dairy,Cheese,Shredded Cheese,Dairy & Eggs,Cheese,Shredded Cheese,3.9
grocery,KRG,KRG,KRG-DA-05-0065,"Fairlife Cheddar Shredded Cheese, 8 oz","Fairlife Cheddar Shredded Cheese, 8 oz — Shredded Cheese",Fairlife,False,8 oz,Dairy,Cheese,Shredded Cheese,Dairy & Eggs,Cheese,Shredded Cheese,4.13
grocery,KRG,KRG,KRG-DA-05-0066,"Fairlife Mozzarella Shredded Cheese, 8 oz","Fairlife Mozzarella Shredded Cheese, 8 oz — Shredded Cheese",Fairlife,False,8 oz,Dairy,Cheese,Shredded Cheese,Dairy & Eggs,Cheese,Shredded Cheese,4.13
grocery,KRG,KRG,KRG-DA-05-0067,"Fairlife Mexican Blend Shredded Cheese, 8 oz","Fairlife Mexican Blend Shredded Cheese, 8 oz — Shredded Cheese",Fairlife,False,8 oz,Dairy,Cheese,Shredded Cheese,Dairy & Eggs,Cheese,Shredded Cheese,4.22
grocery,KRG,KRG,KRG-DA-05-0068,"Fairlife Italian Blend Shredded Cheese, 8 oz","Fairlife Italian Blend Shredded Cheese, 8 oz — Shredded Cheese",Fairlife,False,8 oz,Dairy,Cheese,Shredded Cheese,Dairy & Eggs,Cheese,Shredded Cheese,4.27
grocery,KRG,KRG,KRG-DA-05-0069,"Fairlife Cheddar Shredded Cheese, 16 oz","Fairlife Cheddar Shredded Cheese, 16 oz — Shredded Cheese",Fairlife,False,16 oz,Dairy,Cheese,Shredded Cheese,Dairy & Eggs,Cheese,Shredded Cheese,4.28
grocery,KRG,KRG,KRG-DA-05-0070,"Fairlife Mozzarella Shredded Cheese, 16 oz","Fairlife Mozzarella Shredded Cheese, 16 oz — Shredded Cheese",Fairlife,False,16 oz,Dairy,Cheese,Shredded Cheese,Dairy & Eggs,Cheese,Shredded Cheese,4.45
grocery,KRG,KRG,KRG-DA-05-0071,"Fairlife Mexican Blend Shredded Cheese, 16 oz","Fairlife Mexican Blend Shredded Cheese, 16 oz — Shredded Cheese",Fairlife,False,16 oz,Dairy,Cheese,Shredded Cheese,Dairy & Eggs,Cheese,Shredded Cheese,4.3
grocery,KRG,KRG,KRG-DA-05-0072,"Fairlife Italian Blend Shredded Cheese, 16 oz","Fairlife Italian Blend Shredded Cheese, 16 oz — Shredded Cheese",Fairlife,False,16 oz,Dairy,Cheese,Shredded Cheese,Dairy & Eggs,Cheese,Shredded Cheese,4.46
grocery,KRG,KRG,KRG-DA-05-0073,"Organic Valley Cheddar Shredded Cheese, 8 oz","Organic Valley Cheddar Shredded Cheese, 8 oz — Shredded Cheese",Organic Valley,False,8 oz,Dairy,Cheese,Shredded Cheese,Dairy & Eggs,Cheese,Shredded Cheese,4.21
grocery,KRG,KRG,KRG-DA-05-0074,"Organic Valley Mozzarella Shredded Cheese, 8 oz","Organic Valley Mozzarella Shredded Cheese, 8 oz — Shredded Cheese",Organic Valley,False,8 oz,Dairy,Cheese,Shredded Cheese,Dairy & Eggs,Cheese,Shredded Cheese,4.63
grocery,KRG,KRG,KRG-DA-05-0075,"Kroger Mexican Blend Shredded Cheese, 8 oz","Kroger Mexican Blend Shredded Cheese, 8 oz — Shredded Cheese",Kroger,True,8 oz,Dairy,Cheese,Shredded Cheese,Dairy & Eggs,Cheese,Shredded Cheese,3.29
grocery,KRG,KRG,KRG-DA-05-0076,"Kroger Italian Blend Shredded Cheese, 8 oz","Kroger Italian Blend Shredded Cheese, 8 oz — Shredded Cheese",Kroger,True,8 oz,Dairy,Cheese,Shredded Cheese,Dairy & Eggs,Cheese,Shredded Cheese,3.42
grocery,KRG,KRG,KRG-DA-05-0077,"Kroger Cheddar Shredded Cheese, 16 oz","Kroger Cheddar Shredded Cheese, 16 oz — Shredded Cheese",Kroger,True,16 oz,Dairy,Cheese,Shredded Cheese,Dairy & Eggs,Cheese,Shredded Cheese,3.45
grocery,KRG,KRG,KRG-DA-05-0078,"Kroger Mozzarella Shredded Cheese, 16 oz","Kroger Mozzarella Shredded Cheese, 16 oz — Shredded Cheese",Kroger,True,16 oz,Dairy,Cheese,Shredded Cheese,Dairy & Eggs,Cheese,Shredded Cheese,3.5
grocery,KRG,KRG,KRG-DA-05-0079,"Kroger Mexican Blend Shredded Cheese, 16 oz","Kroger Mexican Blend Shredded Cheese, 16 oz — Shredded Cheese",Kroger,True,16 oz,Dairy,Cheese,Shredded Cheese,Dairy & Eggs,Cheese,Shredded Cheese,3.57
grocery,KRG,KRG,KRG-DA-05-0080,"Kroger Italian Blend Shredded Cheese, 16 oz","Kroger Italian Blend Shredded Cheese, 16 oz — Shredded Cheese",Kroger,True,16 oz,Dairy,Cheese,Shredded Cheese,Dairy & Eggs,Cheese,Shredded Cheese,3.46
grocery,KRG,KRG,KRG-DA-05-0081,"Kroger Cheddar Shredded Cheese, 8 oz","Kroger Cheddar Shredded Cheese, 8 oz — Shredded Cheese",Kroger,True,8 oz,Dairy,Cheese,Shredded Cheese,Dairy & Eggs,Cheese,Shredded Cheese,3.46
grocery,KRG,KRG,KRG-DA-05-0082,"Kroger Mozzarella Shredded Cheese, 8 oz","Kroger Mozzarella Shredded Cheese, 8 oz — Shredded Cheese",Kroger,True,8 oz,Dairy,Cheese,Shredded Cheese,Dairy & Eggs,Cheese,Shredded Cheese,3.5
grocery,KRG,KRG,KRG-DA-05-0083,"Kroger Mexican Blend Shredded Cheese, 8 oz","Kroger Mexican Blend Shredded Cheese, 8 oz — Shredded Cheese",Kroger,True,8 oz,Dairy,Cheese,Shredded Cheese,Dairy & Eggs,Cheese,Shredded Cheese,3.69
grocery,KRG,KRG,KRG-DA-05-0084,"Kroger Italian Blend Shredded Cheese, 8 oz","Kroger Italian Blend Shredded Cheese, 8 oz — Shredded Cheese",Kroger,True,8 oz,Dairy,Cheese,Shredded Cheese,Dairy & Eggs,Cheese,Shredded Cheese,3.84
grocery,KRG,KRG,KRG-DA-05-0085,"Kroger Cheddar Shredded Cheese, 16 oz","Kroger Cheddar Shredded Cheese, 16 oz — Shredded Cheese",Kroger,True,16 oz,Dairy,Cheese,Shredded Cheese,Dairy & Eggs,Cheese,Shredded Cheese,3.81
grocery,KRG,KRG,KRG-DA-05-0086,"Kroger Mozzarella Shredded Cheese, 16 oz","Kroger Mozzarella Shredded Cheese, 16 oz — Shredded Cheese",Kroger,True,16 oz,Dairy,Cheese,Shredded Cheese,Dairy & Eggs,Cheese,Shredded Cheese,3.82
grocery,KRG,KRG,KRG-DA-06-0087,"Horizon American Sliced Cheese, 8 oz","Horizon American Sliced Cheese, 8 oz — Sliced Cheese",Horizon,False,8 oz,Dairy,Cheese,Sliced Cheese,Dairy & Eggs,Cheese,Sliced Cheese,3.31
grocery,KRG,KRG,KRG-DA-06-0088,"Horizon Provolone Sliced Cheese, 8 oz","Horizon Provolone Sliced Cheese, 8 oz — Sliced Cheese",Horizon,False,8 oz,Dairy,Cheese,Sliced Cheese,Dairy & Eggs,Cheese,Sliced Cheese,3.58
grocery,KRG,KRG,KRG-DA-06-0089,"Horizon Swiss Sliced Cheese, 8 oz","Horizon Swiss Sliced Cheese, 8 oz — Sliced Cheese",Horizon,False,8 oz,Dairy,Cheese,Sliced Cheese,Dairy & Eggs,Cheese,Sliced Cheese,3.46
grocery,KRG,KRG,KRG-DA-06-0090,"Horizon American Sliced Cheese, 12 oz","Horizon American Sliced Cheese, 12 oz — Sliced Cheese",Horizon,False,12 oz,Dairy,Cheese,Sliced Cheese,Dairy & Eggs,Cheese,Sliced Cheese,3.46
grocery,KRG,KRG,KRG-DA-06-0091,"Horizon Provolone Sliced Cheese, 12 oz","Horizon Provolone Sliced Cheese, 12 oz — Sliced Cheese",Horizon,False,12 oz,Dairy,Cheese,Sliced Cheese,Dairy & Eggs,Cheese,Sliced Cheese,3.83
grocery,KRG,KRG,KRG-DA-06-0092,"Horizon Swiss Sliced Cheese, 12 oz","Horizon Swiss Sliced Cheese, 12 oz — Sliced Cheese",Horizon,False,12 oz,Dairy,Cheese,Sliced Cheese,Dairy & Eggs,Cheese,Sliced Cheese,3.53
grocery,KRG,KRG,KRG-DA-06-0093,"Fairlife American Sliced Cheese, 8 oz","Fairlife American Sliced Cheese, 8 oz — Sliced Cheese",Fairlife,False,8 oz,Dairy,Cheese,Sliced Cheese,Dairy & Eggs,Cheese,Sliced Cheese,3.62
grocery,KRG,KRG,KRG-DA-06-0094,"Fairlife Provolone Sliced Cheese, 8 oz","Fairlife Provolone Sliced Cheese, 8 oz — Sliced Cheese",Fairlife,False,8 oz,Dairy,Cheese,Sliced Cheese,Dairy & Eggs,Cheese,Sliced Cheese,3.86
grocery,KRG,KRG,KRG-DA-06-0095,"Fairlife Swiss Sliced Cheese, 8 oz","Fairlife Swiss Sliced Cheese, 8 oz — Sliced Cheese",Fairlife,False,8 oz,Dairy,Cheese,Sliced Cheese,Dairy & Eggs,Cheese,Sliced Cheese,3.86
grocery,KRG,KRG,KRG-DA-06-0096,"Fairlife American Sliced Cheese, 12 oz","Fairlife American Sliced Cheese, 12 oz — Sliced Cheese",Fairlife,False,12 oz,Dairy,Cheese,Sliced Cheese,Dairy & Eggs,Cheese,Sliced Cheese,4.05
grocery,KRG,KRG,KRG-DA-06-0097,"Fairlife Provolone Sliced Cheese, 12 oz","Fairlife Provolone Sliced Cheese, 12 oz — Sliced Cheese",Fairlife,False,12 oz,Dairy,Cheese,Sliced Cheese,Dairy & Eggs,Cheese,Sliced Cheese,3.92
grocery,KRG,KRG,KRG-DA-06-0098,"Fairlife Swiss Sliced Cheese, 12 oz","Fairlife Swiss Sliced Cheese, 12 oz — Sliced Cheese",Fairlife,False,12 oz,Dairy,Cheese,Sliced Cheese,Dairy & Eggs,Cheese,Sliced Cheese,3.91
grocery,KRG,KRG,KRG-DA-06-0099,"Organic Valley American Sliced Cheese, 8 oz","Organic Valley American Sliced Cheese, 8 oz — Sliced Cheese",Organic Valley,False,8 oz,Dairy,Cheese,Sliced Cheese,Dairy & Eggs,Cheese,Sliced Cheese,4.04
grocery,KRG,KRG,KRG-DA-06-0100,"Kroger Provolone Sliced Cheese, 8 oz","Kroger Provolone Sliced Cheese, 8 oz — Sliced Cheese",Kroger,True,8 oz,Dairy,Cheese,Sliced Cheese,Dairy & Eggs,Cheese,Sliced Cheese,3.15
grocery,KRG,KRG,KRG-DA-06-0101,"Kroger Swiss Sliced Cheese, 8 oz","Kroger Swiss Sliced Cheese, 8 oz — Sliced Cheese",Kroger,True,8 oz,Dairy,Cheese,Sliced Cheese,Dairy & Eggs,Cheese,Sliced Cheese,3.16
grocery,KRG,KRG,KRG-DA-06-0102,"Kroger American Sliced Cheese, 12 oz","Kroger American Sliced Cheese, 12 oz — Sliced Cheese",Kroger,True,12 oz,Dairy,Cheese,Sliced Cheese,Dairy & Eggs,Cheese,Sliced Cheese,3.2
grocery,KRG,KRG,KRG-DA-06-0103,"Kroger Provolone Sliced Cheese, 12 oz","Kroger Provolone Sliced Cheese, 12 oz — Sliced Cheese",Kroger,True,12 oz,Dairy,Cheese,Sliced Cheese,Dairy & Eggs,Cheese,Sliced Cheese,3.32
grocery,KRG,KRG,KRG-DA-06-0104,"Kroger Swiss Sliced Cheese, 12 oz","Kroger Swiss Sliced Cheese, 12 oz — Sliced Cheese",Kroger,True,12 oz,Dairy,Cheese,Sliced Cheese,Dairy & Eggs,Cheese,Sliced Cheese,3.35
grocery,KRG,KRG,KRG-DA-06-0105,"Kroger American Sliced Cheese, 8 oz","Kroger American Sliced Cheese, 8 oz — Sliced Cheese",Kroger,True,8 oz,Dairy,Cheese,Sliced Cheese,Dairy & Eggs,Cheese,Sliced Cheese,3.49
grocery,KRG,KRG,KRG-DA-06-0106,"Kroger Provolone Sliced Cheese, 8 oz","Kroger Provolone Sliced Cheese, 8 oz — Sliced Cheese",Kroger,True,8 oz,Dairy,Cheese,Sliced Cheese,Dairy & Eggs,Cheese,Sliced Cheese,3.28
grocery,KRG,KRG,KRG-DA-06-0107,"Kroger Swiss Sliced Cheese, 8 oz","Kroger Swiss Sliced Cheese, 8 oz — Sliced Cheese",Kroger,True,8 oz,Dairy,Cheese,Sliced Cheese,Dairy & Eggs,Cheese,Sliced Cheese,3.45
grocery,KRG,KRG,KRG-DA-06-0108,"Kroger American Sliced Cheese, 12 oz","Kroger American Sliced Cheese, 12 oz — Sliced Cheese",Kroger,True,12 oz,Dairy,Cheese,Sliced Cheese,Dairy & Eggs,Cheese,Sliced Cheese,3.58
grocery,KRG,KRG,KRG-DA-07-0109,"Horizon Gouda Cheese, 6 oz","Horizon Gouda Cheese, 6 oz — Specialty Cheese",Horizon,False,6 oz,Dairy,Cheese,Specialty Cheese,Dairy & Eggs,Cheese,Specialty Cheese,5.58
grocery,KRG,KRG,KRG-DA-07-0110,"Horizon Feta Cheese, 6 oz","Horizon Feta Cheese, 6 oz — Specialty Cheese",Horizon,False,6 oz,Dairy,Cheese,Specialty Cheese,Dairy & Eggs,Cheese,Specialty Cheese,5.62
grocery,KRG,KRG,KRG-DA-07-0111,"Horizon Parmesan Wedge Cheese, 6 oz","Horizon Parmesan Wedge Cheese, 6 oz — Specialty Cheese",Horizon,False,6 oz,Dairy,Cheese,Specialty Cheese,Dairy & Eggs,Cheese,Specialty Cheese,5.8
grocery,KRG,KRG,KRG-DA-07-0112,"Horizon Brie Cheese, 8 oz","Horizon Brie Cheese, 8 oz — Specialty Cheese",Horizon,False,8 oz,Dairy,Cheese,Specialty Cheese,Dairy & Eggs,Cheese,Specialty Cheese,5.7
grocery,KRG,KRG,KRG-DA-07-0113,"Horizon Gouda Cheese, 8 oz","Horizon Gouda Cheese, 8 oz — Specialty Cheese",Horizon,False,8 oz,Dairy,Cheese,Specialty Cheese,Dairy & Eggs,Cheese,Specialty Cheese,6.2
grocery,KRG,KRG,KRG-DA-07-0114,"Horizon Feta Cheese, 8 oz","Horizon Feta Cheese, 8 oz — Specialty Cheese",Horizon,False,8 oz,Dairy,Cheese,Specialty Cheese,Dairy & Eggs,Cheese,Specialty Cheese,6.19
grocery,KRG,KRG,KRG-DA-07-0115,"Horizon Goat Cheese, 8 oz","Horizon Goat Cheese, 8 oz — Specialty Cheese",Horizon,False,8 oz,Dairy,Cheese,Specialty Cheese,Dairy & Eggs,Cheese,Specialty Cheese,6.02
grocery,KRG,KRG,KRG-DA-07-0116,"Horizon Parmesan Wedge Cheese, 8 oz","Horizon Parmesan Wedge Cheese, 8 oz — Specialty Cheese",Horizon,False,8 oz,Dairy,Cheese,Specialty Cheese,Dairy & Eggs,Cheese,Specialty Cheese,6.42
grocery,KRG,KRG,KRG-DA-07-0117,"Fairlife Brie Cheese, 6 oz","Fairlife Brie Cheese, 6 oz — Specialty Cheese",Fairlife,False,6 oz,Dairy,Cheese,Specialty Cheese,Dairy & Eggs,Cheese,Specialty Cheese,6.08
grocery,KRG,KRG,KRG-DA-07-0118,"Fairlife Feta Cheese, 6 oz","Fairlife Feta Cheese, 6 oz — Specialty Cheese",Fairlife,False,6 oz,Dairy,Cheese,Specialty Cheese,Dairy & Eggs,Cheese,Specialty Cheese,6.42
grocery,KRG,KRG,KRG-DA-07-0119,"Fairlife Parmesan Wedge Cheese, 6 oz","Fairlife Parmesan Wedge Cheese, 6 oz — Specialty Cheese",Fairlife,False,6 oz,Dairy,Cheese,Specialty Cheese,Dairy & Eggs,Cheese,Specialty Cheese,6.52
grocery,KRG,KRG,KRG-DA-07-0120,"Fairlife Brie Cheese, 8 oz","Fairlife Brie Cheese, 8 oz — Specialty Cheese",Fairlife,False,8 oz,Dairy,Cheese,Specialty Cheese,Dairy & Eggs,Cheese,Specialty Cheese,6.94
grocery,KRG,KRG,KRG-DA-07-0121,"Fairlife Feta Cheese, 8 oz","Fairlife Feta Cheese, 8 oz — Specialty Cheese",Fairlife,False,8 oz,Dairy,Cheese,Specialty Cheese,Dairy & Eggs,Cheese,Specialty Cheese,6.95
grocery,KRG,KRG,KRG-DA-07-0122,"Fairlife Goat Cheese, 8 oz","Fairlife Goat Cheese, 8 oz — Specialty Cheese",Fairlife,False,8 oz,Dairy,Cheese,Specialty Cheese,Dairy & Eggs,Cheese,Specialty Cheese,6.59
grocery,KRG,KRG,KRG-DA-07-0123,"Fairlife Parmesan Wedge Cheese, 8 oz","Fairlife Parmesan Wedge Cheese, 8 oz — Specialty Cheese",Fairlife,False,8 oz,Dairy,Cheese,Specialty Cheese,Dairy & Eggs,Cheese,Specialty Cheese,6.55
grocery,KRG,KRG,KRG-DA-07-0124,"Organic Valley Brie Cheese, 6 oz","Organic Valley Brie Cheese, 6 oz — Specialty Cheese",Organic Valley,False,6 oz,Dairy,Cheese,Specialty Cheese,Dairy & Eggs,Cheese,Specialty Cheese,6.78
grocery,KRG,KRG,KRG-DA-07-0125,"Organic Valley Goat Cheese, 6 oz","Organic Valley Goat Cheese, 6 oz — Specialty Cheese",Organic Valley,False,6 oz,Dairy,Cheese,Specialty Cheese,Dairy & Eggs,Cheese,Specialty Cheese,7.13
grocery,KRG,KRG,KRG-DA-07-0126,"Organic Valley Parmesan Wedge Cheese, 6 oz","Organic Valley Parmesan Wedge Cheese, 6 oz — Specialty Cheese",Organic Valley,False,6 oz,Dairy,Cheese,Specialty Cheese,Dairy & Eggs,Cheese,Specialty Cheese,7.31
grocery,KRG,KRG,KRG-DA-07-0127,"Organic Valley Brie Cheese, 8 oz","Organic Valley Brie Cheese, 8 oz — Specialty Cheese",Organic Valley,False,8 oz,Dairy,Cheese,Specialty Cheese,Dairy & Eggs,Cheese,Specialty Cheese,7.41
grocery,KRG,KRG,KRG-DA-07-0128,"Kroger Gouda Cheese, 8 oz","Kroger Gouda Cheese, 8 oz — Specialty Cheese",Kroger,True,8 oz,Dairy,Cheese,Specialty Cheese,Dairy & Eggs,Cheese,Specialty Cheese,5.73
grocery,KRG,KRG,KRG-DA-07-0129,"Kroger Feta Cheese, 8 oz","Kroger Feta Cheese, 8 oz — Specialty Cheese",Kroger,True,8 oz,Dairy,Cheese,Specialty Cheese,Dairy & Eggs,Cheese,Specialty Cheese,5.78
grocery,KRG,KRG,KRG-DA-07-0130,"Kroger Parmesan Wedge Cheese, 8 oz","Kroger Parmesan Wedge Cheese, 8 oz — Specialty Cheese",Kroger,True,8 oz,Dairy,Cheese,Specialty Cheese,Dairy & Eggs,Cheese,Specialty Cheese,5.92
grocery,KRG,KRG,KRG-DA-08-0131,"Horizon Plain Greek Yogurt, 5.3 oz","Horizon Plain Greek Yogurt, 5.3 oz — Greek Yogurt",Horizon,False,5.3 oz,Dairy,Yogurt,Greek Yogurt,Dairy & Eggs,Yogurt,Greek Yogurt,1.09
grocery,KRG,KRG,KRG-DA-08-0132,"Horizon Vanilla Greek Yogurt, 5.3 oz","Horizon Vanilla Greek Yogurt, 5.3 oz — Greek Yogurt",Horizon,False,5.3 oz,Dairy,Yogurt,Greek Yogurt,Dairy & Eggs,Yogurt,Greek Yogurt,1.1
grocery,KRG,KRG,KRG-DA-08-0133,"Horizon Strawberry Greek Yogurt, 5.3 oz","Horizon Strawberry Greek Yogurt, 5.3 oz — Greek Yogurt",Horizon,False,5.3 oz,Dairy,Yogurt,Greek Yogurt,Dairy & Eggs,Yogurt,Greek Yogurt,1.08
grocery,KRG,KRG,KRG-DA-08-0134,"Horizon Blueberry Greek Yogurt, 5.3 oz","Horizon Blueberry Greek Yogurt, 5.3 oz — Greek Yogurt",Horizon,False,5.3 oz,Dairy,Yogurt,Greek Yogurt,Dairy & Eggs,Yogurt,Greek Yogurt,1.1
grocery,KRG,KRG,KRG-DA-08-0135,"Horizon Mixed Berry Greek Yogurt, 5.3 oz","Horizon Mixed Berry Greek Yogurt, 5.3 oz — Greek Yogurt",Horizon,False,5.3 oz,Dairy,Yogurt,Greek Yogurt,Dairy & Eggs,Yogurt,Greek Yogurt,1.2
grocery,KRG,KRG,KRG-DA-08-0136,"Horizon Plain Greek Yogurt, 32 oz","Horizon Plain Greek Yogurt, 32 oz — Greek Yogurt",Horizon,False,32 oz,Dairy,Yogurt,Greek Yogurt,Dairy & Eggs,Yogurt,Greek Yogurt,1.19
grocery,KRG,KRG,KRG-DA-08-0137,"Horizon Vanilla Greek Yogurt, 32 oz","Horizon Vanilla Greek Yogurt, 32 oz — Greek Yogurt",Horizon,False,32 oz,Dairy,Yogurt,Greek Yogurt,Dairy & Eggs,Yogurt,Greek Yogurt,1.24
grocery,KRG,KRG,KRG-DA-08-0138,"Horizon Strawberry Greek Yogurt, 32 oz","Horizon Strawberry Greek Yogurt, 32 oz — Greek Yogurt",Horizon,False,32 oz,Dairy,Yogurt,Greek Yogurt,Dairy & Eggs,Yogurt,Greek Yogurt,1.18
grocery,KRG,KRG,KRG-DA-08-0139,"Horizon Blueberry Greek Yogurt, 32 oz","Horizon Blueberry Greek Yogurt, 32 oz — Greek Yogurt",Horizon,False,32 oz,Dairy,Yogurt,Greek Yogurt,Dairy & Eggs,Yogurt,Greek Yogurt,1.27
grocery,KRG,KRG,KRG-DA-08-0140,"Horizon Mixed Berry Greek Yogurt, 32 oz","Horizon Mixed Berry Greek Yogurt, 32 oz — Greek Yogurt",Horizon,False,32 oz,Dairy,Yogurt,Greek Yogurt,Dairy & Eggs,Yogurt,Greek Yogurt,1.19
grocery,KRG,KRG,KRG-DA-08-0141,"Fairlife Plain Greek Yogurt, 5.3 oz","Fairlife Plain Greek Yogurt, 5.3 oz — Greek Yogurt",Fairlife,False,5.3 oz,Dairy,Yogurt,Greek Yogurt,Dairy & Eggs,Yogurt,Greek Yogurt,1.18
grocery,KRG,KRG,KRG-DA-08-0142,"Fairlife Vanilla Greek Yogurt, 5.3 oz","Fairlife Vanilla Greek Yogurt, 5.3 oz — Greek Yogurt",Fairlife,False,5.3 oz,Dairy,Yogurt,Greek Yogurt,Dairy & Eggs,Yogurt,Greek Yogurt,1.31
grocery,KRG,KRG,KRG-DA-08-0143,"Fairlife Strawberry Greek Yogurt, 5.3 oz","Fairlife Strawberry Greek Yogurt, 5.3 oz — Greek Yogurt",Fairlife,False,5.3 oz,Dairy,Yogurt,Greek Yogurt,Dairy & Eggs,Yogurt,Greek Yogurt,1.25
grocery,KRG,KRG,KRG-DA-08-0144,"Fairlife Blueberry Greek Yogurt, 5.3 oz","Fairlife Blueberry Greek Yogurt, 5.3 oz — Greek Yogurt",Fairlife,False,5.3 oz,Dairy,Yogurt,Greek Yogurt,Dairy & Eggs,Yogurt,Greek Yogurt,1.32
grocery,KRG,KRG,KRG-DA-08-0145,"Fairlife Mixed Berry Greek Yogurt, 5.3 oz","Fairlife Mixed Berry Greek Yogurt, 5.3 oz — Greek Yogurt",Fairlife,False,5.3 oz,Dairy,Yogurt,Greek Yogurt,Dairy & Eggs,Yogurt,Greek Yogurt,1.34
grocery,KRG,KRG,KRG-DA-08-0146,"Fairlife Plain Greek Yogurt, 32 oz","Fairlife Plain Greek Yogurt, 32 oz — Greek Yogurt",Fairlife,False,32 oz,Dairy,Yogurt,Greek Yogurt,Dairy & Eggs,Yogurt,Greek Yogurt,1.31
grocery,KRG,KRG,KRG-DA-08-0147,"Fairlife Vanilla Greek Yogurt, 32 oz","Fairlife Vanilla Greek Yogurt, 32 oz — Greek Yogurt",Fairlife,False,32 oz,Dairy,Yogurt,Greek Yogurt,Dairy & Eggs,Yogurt,Greek Yogurt,1.36
grocery,KRG,KRG,KRG-DA-08-0148,"Fairlife Strawberry Greek Yogurt, 32 oz","Fairlife Strawberry Greek Yogurt, 32 oz — Greek Yogurt",Fairlife,False,32 oz,Dairy,Yogurt,Greek Yogurt,Dairy & Eggs,Yogurt,Greek Yogurt,1.33
grocery,KRG,KRG,KRG-DA-08-0149,"Fairlife Blueberry Greek Yogurt, 32 oz","Fairlife Blueberry Greek Yogurt, 32 oz — Greek Yogurt",Fairlife,False,32 oz,Dairy,Yogurt,Greek Yogurt,Dairy & Eggs,Yogurt,Greek Yogurt,1.34
grocery,KRG,KRG,KRG-DA-08-0150,"Fairlife Mixed Berry Greek Yogurt, 32 oz","Fairlife Mixed Berry Greek Yogurt, 32 oz — Greek Yogurt",Fairlife,False,32 oz,Dairy,Yogurt,Greek Yogurt,Dairy & Eggs,Yogurt,Greek Yogurt,1.38
grocery,KRG,KRG,KRG-DA-08-0151,"Kroger Plain Greek Yogurt, 5.3 oz","Kroger Plain Greek Yogurt, 5.3 oz — Greek Yogurt",Kroger,True,5.3 oz,Dairy,Yogurt,Greek Yogurt,Dairy & Eggs,Yogurt,Greek Yogurt,1.02
grocery,KRG,KRG,KRG-DA-08-0152,"Kroger Vanilla Greek Yogurt, 5.3 oz","Kroger Vanilla Greek Yogurt, 5.3 oz — Greek Yogurt",Kroger,True,5.3 oz,Dairy,Yogurt,Greek Yogurt,Dairy & Eggs,Yogurt,Greek Yogurt,1.05
grocery,KRG,KRG,KRG-DA-08-0153,"Kroger Strawberry Greek Yogurt, 5.3 oz","Kroger Strawberry Greek Yogurt, 5.3 oz — Greek Yogurt",Kroger,True,5.3 oz,Dairy,Yogurt,Greek Yogurt,Dairy & Eggs,Yogurt,Greek Yogurt,1.07
grocery,KRG,KRG,KRG-DA-08-0154,"Kroger Blueberry Greek Yogurt, 5.3 oz","Kroger Blueberry Greek Yogurt, 5.3 oz — Greek Yogurt",Kroger,True,5.3 oz,Dairy,Yogurt,Greek Yogurt,Dairy & Eggs,Yogurt,Greek Yogurt,1.01
grocery,KRG,KRG,KRG-DA-08-0155,"Kroger Mixed Berry Greek Yogurt, 5.3 oz","Kroger Mixed Berry Greek Yogurt, 5.3 oz — Greek Yogurt",Kroger,True,5.3 oz,Dairy,Yogurt,Greek Yogurt,Dairy & Eggs,Yogurt,Greek Yogurt,1.03
grocery,KRG,KRG,KRG-DA-08-0156,"Kroger Plain Greek Yogurt, 32 oz","Kroger Plain Greek Yogurt, 32 oz — Greek Yogurt",Kroger,True,32 oz,Dairy,Yogurt,Greek Yogurt,Dairy & Eggs,Yogurt,Greek Yogurt,1.1
grocery,KRG,KRG,KRG-DA-08-0157,"Kroger Vanilla Greek Yogurt, 32 oz","Kroger Vanilla Greek Yogurt, 32 oz — Greek Yogurt",Kroger,True,32 oz,Dairy,Yogurt,Greek Yogurt,Dairy & Eggs,Yogurt,Greek Yogurt,1.08
grocery,KRG,KRG,KRG-DA-08-0158,"Kroger Strawberry Greek Yogurt, 32 oz","Kroger Strawberry Greek Yogurt, 32 oz — Greek Yogurt",Kroger,True,32 oz,Dairy,Yogurt,Greek Yogurt,Dairy & Eggs,Yogurt,Greek Yogurt,1.15
grocery,KRG,KRG,KRG-DA-08-0159,"Kroger Blueberry Greek Yogurt, 32 oz","Kroger Blueberry Greek Yogurt, 32 oz — Greek Yogurt",Kroger,True,32 oz,Dairy,Yogurt,Greek Yogurt,Dairy & Eggs,Yogurt,Greek Yogurt,1.11
grocery,KRG,KRG,KRG-DA-08-0160,"Kroger Mixed Berry Greek Yogurt, 32 oz","Kroger Mixed Berry Greek Yogurt, 32 oz — Greek Yogurt",Kroger,True,32 oz,Dairy,Yogurt,Greek Yogurt,Dairy & Eggs,Yogurt,Greek Yogurt,1.16
grocery,KRG,KRG,KRG-DA-09-0161,"Horizon Strawberry Yogurt, 6 oz","Horizon Strawberry Yogurt, 6 oz — Regular Yogurt",Horizon,False,6 oz,Dairy,Yogurt,Regular Yogurt,Dairy & Eggs,Yogurt,Regular Yogurt,0.76
grocery,KRG,KRG,KRG-DA-09-0162,"Horizon Peach Yogurt, 6 oz","Horizon Peach Yogurt, 6 oz — Regular Yogurt",Horizon,False,6 oz,Dairy,Yogurt,Regular Yogurt,Dairy & Eggs,Yogurt,Regular Yogurt,0.74
grocery,KRG,KRG,KRG-DA-09-0163,"Horizon Vanilla Yogurt, 6 oz","Horizon Vanilla Yogurt, 6 oz — Regular Yogurt",Horizon,False,6 oz,Dairy,Yogurt,Regular Yogurt,Dairy & Eggs,Yogurt,Regular Yogurt,0.8
grocery,KRG,KRG,KRG-DA-09-0164,"Horizon Strawberry Yogurt, 32 oz","Horizon Strawberry Yogurt, 32 oz — Regular Yogurt",Horizon,False,32 oz,Dairy,Yogurt,Regular Yogurt,Dairy & Eggs,Yogurt,Regular Yogurt,0.77
grocery,KRG,KRG,KRG-DA-09-0165,"Horizon Peach Yogurt, 32 oz","Horizon Peach Yogurt, 32 oz — Regular Yogurt",Horizon,False,32 oz,Dairy,Yogurt,Regular Yogurt,Dairy & Eggs,Yogurt,Regular Yogurt,0.78
grocery,KRG,KRG,KRG-DA-09-0166,"Horizon Vanilla Yogurt, 32 oz","Horizon Vanilla Yogurt, 32 oz — Regular Yogurt",Horizon,False,32 oz,Dairy,Yogurt,Regular Yogurt,Dairy & Eggs,Yogurt,Regular Yogurt,0.86
grocery,KRG,KRG,KRG-DA-09-0167,"Fairlife Strawberry Yogurt, 6 oz","Fairlife Strawberry Yogurt, 6 oz — Regular Yogurt",Fairlife,False,6 oz,Dairy,Yogurt,Regular Yogurt,Dairy & Eggs,Yogurt,Regular Yogurt,0.81
grocery,KRG,KRG,KRG-DA-09-0168,"Fairlife Peach Yogurt, 6 oz","Fairlife Peach Yogurt, 6 oz — Regular Yogurt",Fairlife,False,6 oz,Dairy,Yogurt,Regular Yogurt,Dairy & Eggs,Yogurt,Regular Yogurt,0.86
grocery,KRG,KRG,KRG-DA-09-0169,"Fairlife Vanilla Yogurt, 6 oz","Fairlife Vanilla Yogurt, 6 oz — Regular Yogurt",Fairlife,False,6 oz,Dairy,Yogurt,Regular Yogurt,Dairy & Eggs,Yogurt,Regular Yogurt,0.9
grocery,KRG,KRG,KRG-DA-09-0170,"Fairlife Strawberry Yogurt, 32 oz","Fairlife Strawberry Yogurt, 32 oz — Regular Yogurt",Fairlife,False,32 oz,Dairy,Yogurt,Regular Yogurt,Dairy & Eggs,Yogurt,Regular Yogurt,0.93
grocery,KRG,KRG,KRG-DA-09-0171,"Fairlife Peach Yogurt, 32 oz","Fairlife Peach Yogurt, 32 oz — Regular Yogurt",Fairlife,False,32 oz,Dairy,Yogurt,Regular Yogurt,Dairy & Eggs,Yogurt,Regular Yogurt,0.94
grocery,KRG,KRG,KRG-DA-09-0172,"Fairlife Vanilla Yogurt, 32 oz","Fairlife Vanilla Yogurt, 32 oz — Regular Yogurt",Fairlife,False,32 oz,Dairy,Yogurt,Regular Yogurt,Dairy & Eggs,Yogurt,Regular Yogurt,0.9
grocery,KRG,KRG,KRG-DA-09-0173,"Kroger Strawberry Yogurt, 6 oz","Kroger Strawberry Yogurt, 6 oz — Regular Yogurt",Kroger,True,6 oz,Dairy,Yogurt,Regular Yogurt,Dairy & Eggs,Yogurt,Regular Yogurt,0.7
grocery,KRG,KRG,KRG-DA-09-0174,"Kroger Peach Yogurt, 6 oz","Kroger Peach Yogurt, 6 oz — Regular Yogurt",Kroger,True,6 oz,Dairy,Yogurt,Regular Yogurt,Dairy & Eggs,Yogurt,Regular Yogurt,0.68
grocery,KRG,KRG,KRG-DA-09-0175,"Kroger Vanilla Yogurt, 6 oz","Kroger Vanilla Yogurt, 6 oz — Regular Yogurt",Kroger,True,6 oz,Dairy,Yogurt,Regular Yogurt,Dairy & Eggs,Yogurt,Regular Yogurt,0.72
grocery,KRG,KRG,KRG-DA-09-0176,"Kroger Strawberry Yogurt, 32 oz","Kroger Strawberry Yogurt, 32 oz — Regular Yogurt",Kroger,True,32 oz,Dairy,Yogurt,Regular Yogurt,Dairy & Eggs,Yogurt,Regular Yogurt,0.74
grocery,KRG,KRG,KRG-DA-09-0177,"Kroger Peach Yogurt, 32 oz","Kroger Peach Yogurt, 32 oz — Regular Yogurt",Kroger,True,32 oz,Dairy,Yogurt,Regular Yogurt,Dairy & Eggs,Yogurt,Regular Yogurt,0.75
grocery,KRG,KRG,KRG-DA-09-0178,"Kroger Vanilla Yogurt, 32 oz","Kroger Vanilla Yogurt, 32 oz — Regular Yogurt",Kroger,True,32 oz,Dairy,Yogurt,Regular Yogurt,Dairy & Eggs,Yogurt,Regular Yogurt,0.78
grocery,KRG,KRG,KRG-DA-09-0179,"Kroger Strawberry Yogurt, 6 oz","Kroger Strawberry Yogurt, 6 oz — Regular Yogurt",Kroger,True,6 oz,Dairy,Yogurt,Regular Yogurt,Dairy & Eggs,Yogurt,Regular Yogurt,0.74
grocery,KRG,KRG,KRG-DA-09-0180,"Kroger Peach Yogurt, 6 oz","Kroger Peach Yogurt, 6 oz — Regular Yogurt",Kroger,True,6 oz,Dairy,Yogurt,Regular Yogurt,Dairy & Eggs,Yogurt,Regular Yogurt,0.76
grocery,KRG,KRG,KRG-DA-10-0181,"Horizon Large Grade A Eggs, Dozen","Horizon Large Grade A Eggs, Dozen — Grade A Eggs",Horizon,False,Dozen,Dairy,Eggs,Grade A Eggs,Dairy & Eggs,Eggs,Grade A Eggs,2.92
grocery,KRG,KRG,KRG-DA-10-0182,"Horizon Extra Large Grade A Eggs, Dozen","Horizon Extra Large Grade A Eggs, Dozen — Grade A Eggs",Horizon,False,Dozen,Dairy,Eggs,Grade A Eggs,Dairy & Eggs,Eggs,Grade A Eggs,3.03
grocery,KRG,KRG,KRG-DA-10-0183,"Horizon Cage-Free Large Eggs, Dozen","Horizon Cage-Free Large Eggs, Dozen — Grade A Eggs",Horizon,False,Dozen,Dairy,Eggs,Grade A Eggs,Dairy & Eggs,Eggs,Grade A Eggs,3.08
grocery,KRG,KRG,KRG-DA-10-0184,"Horizon Large Grade A Eggs, 18 ct","Horizon Large Grade A Eggs, 18 ct — Grade A Eggs",Horizon,False,18 ct,Dairy,Eggs,Grade A Eggs,Dairy & Eggs,Eggs,Grade A Eggs,3.2
grocery,KRG,KRG,KRG-DA-10-0185,"Horizon Extra Large Grade A Eggs, 18 ct","Horizon Extra Large Grade A Eggs, 18 ct — Grade A Eggs",Horizon,False,18 ct,Dairy,Eggs,Grade A Eggs,Dairy & Eggs,Eggs,Grade A Eggs,3.21
grocery,KRG,KRG,KRG-DA-10-0186,"Horizon Cage-Free Large Eggs, 18 ct","Horizon Cage-Free Large Eggs, 18 ct — Grade A Eggs",Horizon,False,18 ct,Dairy,Eggs,Grade A Eggs,Dairy & Eggs,Eggs,Grade A Eggs,3.18
grocery,KRG,KRG,KRG-DA-10-0187,"Fairlife Large Grade A Eggs, Dozen","Fairlife Large Grade A Eggs, Dozen — Grade A Eggs",Fairlife,False,Dozen,Dairy,Eggs,Grade A Eggs,Dairy & Eggs,Eggs,Grade A Eggs,3.5
grocery,KRG,KRG,KRG-DA-10-0188,"Fairlife Extra Large Grade A Eggs, Dozen","Fairlife Extra Large Grade A Eggs, Dozen — Grade A Eggs",Fairlife,False,Dozen,Dairy,Eggs,Grade A Eggs,Dairy & Eggs,Eggs,Grade A Eggs,3.5
grocery,KRG,KRG,KRG-DA-10-0189,"Kroger Cage-Free Large Eggs, Dozen","Kroger Cage-Free Large Eggs, Dozen — Grade A Eggs",Kroger,True,Dozen,Dairy,Eggs,Grade A Eggs,Dairy & Eggs,Eggs,Grade A Eggs,2.48
grocery,KRG,KRG,KRG-DA-10-0190,"Kroger Large Grade A Eggs, 18 ct","Kroger Large Grade A Eggs, 18 ct — Grade A Eggs",Kroger,True,18 ct,Dairy,Eggs,Grade A Eggs,Dairy & Eggs,Eggs,Grade A Eggs,2.6
grocery,KRG,KRG,KRG-DA-10-0191,"Kroger Extra Large Grade A Eggs, 18 ct","Kroger Extra Large Grade A Eggs, 18 ct — Grade A Eggs",Kroger,True,18 ct,Dairy,Eggs,Grade A Eggs,Dairy & Eggs,Eggs,Grade A Eggs,2.76
grocery,KRG,KRG,KRG-DA-10-0192,"Kroger Cage-Free Large Eggs, 18 ct","Kroger Cage-Free Large Eggs, 18 ct — Grade A Eggs",Kroger,True,18 ct,Dairy,Eggs,Grade A Eggs,Dairy & Eggs,Eggs,Grade A Eggs,2.65
grocery,KRG,KRG,KRG-DA-10-0193,"Kroger Large Grade A Eggs, Dozen","Kroger Large Grade A Eggs, Dozen — Grade A Eggs",Kroger,True,Dozen,Dairy,Eggs,Grade A Eggs,Dairy & Eggs,Eggs,Grade A Eggs,2.66
grocery,KRG,KRG,KRG-DA-10-0194,"Kroger Extra Large Grade A Eggs, Dozen","Kroger Extra Large Grade A Eggs, Dozen — Grade A Eggs",Kroger,True,Dozen,Dairy,Eggs,Grade A Eggs,Dairy & Eggs,Eggs,Grade A Eggs,2.92
grocery,KRG,KRG,KRG-DA-10-0195,"Kroger Cage-Free Large Eggs, Dozen","Kroger Cage-Free Large Eggs, Dozen — Grade A Eggs",Kroger,True,Dozen,Dairy,Eggs,Grade A Eggs,Dairy & Eggs,Eggs,Grade A Eggs,2.79
grocery,KRG,KRG,KRG-DA-10-0196,"Kroger Large Grade A Eggs, 18 ct","Kroger Large Grade A Eggs, 18 ct — Grade A Eggs",Kroger,True,18 ct,Dairy,Eggs,Grade A Eggs,Dairy & Eggs,Eggs,Grade A Eggs,2.93
grocery,KRG,KRG,KRG-DA-10-0197,"Kroger Extra Large Grade A Eggs, 18 ct","Kroger Extra Large Grade A Eggs, 18 ct — Grade A Eggs",Kroger,True,18 ct,Dairy,Eggs,Grade A Eggs,Dairy & Eggs,Eggs,Grade A Eggs,3.12
grocery,KRG,KRG,KRG-DA-10-0198,"Kroger Cage-Free Large Eggs, 18 ct","Kroger Cage-Free Large Eggs, 18 ct — Grade A Eggs",Kroger,True,18 ct,Dairy,Eggs,Grade A Eggs,Dairy & Eggs,Eggs,Grade A Eggs,2.95
grocery,KRG,KRG,KRG-DA-11-0199,"Horizon Pasture-Raised Eggs, Dozen","Horizon Pasture-Raised Eggs, Dozen — Specialty Eggs",Horizon,False,Dozen,Dairy,Eggs,Specialty Eggs,Dairy & Eggs,Eggs,Specialty Eggs,4.7
grocery,KRG,KRG,KRG-DA-11-0200,"Horizon Omega-3 Eggs, Dozen","Horizon Omega-3 Eggs, Dozen — Specialty Eggs",Horizon,False,Dozen,Dairy,Eggs,Specialty Eggs,Dairy & Eggs,Eggs,Specialty Eggs,4.86
grocery,KRG,KRG,KRG-DA-11-0201,"Fairlife Organic Eggs, Dozen","Fairlife Organic Eggs, Dozen — Specialty Eggs",Fairlife,False,Dozen,Dairy,Eggs,Specialty Eggs,Dairy & Eggs,Eggs,Specialty Eggs,5.38
grocery,KRG,KRG,KRG-DA-11-0202,"Fairlife Omega-3 Eggs, Dozen","Fairlife Omega-3 Eggs, Dozen — Specialty Eggs",Fairlife,False,Dozen,Dairy,Eggs,Specialty Eggs,Dairy & Eggs,Eggs,Specialty Eggs,5.42
grocery,KRG,KRG,KRG-DA-11-0203,"Organic Valley Organic Eggs, Dozen","Organic Valley Organic Eggs, Dozen — Specialty Eggs",Organic Valley,False,Dozen,Dairy,Eggs,Specialty Eggs,Dairy & Eggs,Eggs,Specialty Eggs,5.67
grocery,KRG,KRG,KRG-DA-11-0204,"Organic Valley Pasture-Raised Eggs, Dozen","Organic Valley Pasture-Raised Eggs, Dozen — Specialty Eggs",Organic Valley,False,Dozen,Dairy,Eggs,Specialty Eggs,Dairy & Eggs,Eggs,Specialty Eggs,5.78
grocery,KRG,KRG,KRG-DA-11-0205,"Organic Valley Omega-3 Eggs, Dozen","Organic Valley Omega-3 Eggs, Dozen — Specialty Eggs",Organic Valley,False,Dozen,Dairy,Eggs,Specialty Eggs,Dairy & Eggs,Eggs,Specialty Eggs,6.08
grocery,KRG,KRG,KRG-DA-11-0206,"Kroger Organic Eggs, Dozen","Kroger Organic Eggs, Dozen — Specialty Eggs",Kroger,True,Dozen,Dairy,Eggs,Specialty Eggs,Dairy & Eggs,Eggs,Specialty Eggs,4.47
grocery,KRG,KRG,KRG-DA-11-0207,"Kroger Pasture-Raised Eggs, Dozen","Kroger Pasture-Raised Eggs, Dozen — Specialty Eggs",Kroger,True,Dozen,Dairy,Eggs,Specialty Eggs,Dairy & Eggs,Eggs,Specialty Eggs,4.76
grocery,KRG,KRG,KRG-DA-12-0208,"Horizon Salted Butter, 16 oz","Horizon Salted Butter, 16 oz — Butter",Horizon,False,16 oz,Dairy,Butter,Butter,Dairy & Eggs,Butter & Margarine,Butter,3.74
grocery,KRG,KRG,KRG-DA-12-0209,"Horizon Unsalted Butter, 16 oz","Horizon Unsalted Butter, 16 oz — Butter",Horizon,False,16 oz,Dairy,Butter,Butter,Dairy & Eggs,Butter & Margarine,Butter,3.81
grocery,KRG,KRG,KRG-DA-12-0210,"Fairlife Salted Butter, 16 oz","Fairlife Salted Butter, 16 oz — Butter",Fairlife,False,16 oz,Dairy,Butter,Butter,Dairy & Eggs,Butter & Margarine,Butter,4.14
grocery,KRG,KRG,KRG-DA-12-0211,"Fairlife Unsalted Butter, 16 oz","Fairlife Unsalted Butter, 16 oz — Butter",Fairlife,False,16 oz,Dairy,Butter,Butter,Dairy & Eggs,Butter & Margarine,Butter,4.26
grocery,KRG,KRG,KRG-DA-12-0212,"Organic Valley Salted Butter, 16 oz","Organic Valley Salted Butter, 16 oz — Butter",Organic Valley,False,16 oz,Dairy,Butter,Butter,Dairy & Eggs,Butter & Margarine,Butter,4.3
grocery,KRG,KRG,KRG-DA-12-0213,"Organic Valley Unsalted Butter, 16 oz","Organic Valley Unsalted Butter, 16 oz — Butter",Organic Valley,False,16 oz,Dairy,Butter,Butter,Dairy & Eggs,Butter & Margarine,Butter,4.2
grocery,KRG,KRG,KRG-DA-12-0214,"Land O'Lakes Salted Butter, 16 oz","Land O'Lakes Salted Butter, 16 oz — Butter",Land O'Lakes,False,16 oz,Dairy,Butter,Butter,Dairy & Eggs,Butter & Margarine,Butter,4.22
grocery,KRG,KRG,KRG-DA-12-0215,"Land O'Lakes Unsalted Butter, 16 oz","Land O'Lakes Unsalted Butter, 16 oz — Butter",Land O'Lakes,False,16 oz,Dairy,Butter,Butter,Dairy & Eggs,Butter & Margarine,Butter,4.46
grocery,KRG,KRG,KRG-DA-12-0216,"Kroger Salted Butter, 16 oz","Kroger Salted Butter, 16 oz — Butter",Kroger,True,16 oz,Dairy,Butter,Butter,Dairy & Eggs,Butter & Margarine,Butter,3.6
grocery,KRG,KRG,KRG-DA-12-0217,"Kroger Unsalted Butter, 16 oz","Kroger Unsalted Butter, 16 oz — Butter",Kroger,True,16 oz,Dairy,Butter,Butter,Dairy & Eggs,Butter & Margarine,Butter,3.54
grocery,KRG,KRG,KRG-DA-12-0218,"Kroger Salted Butter, 16 oz","Kroger Salted Butter, 16 oz — Butter",Kroger,True,16 oz,Dairy,Butter,Butter,Dairy & Eggs,Butter & Margarine,Butter,3.45
grocery,KRG,KRG,KRG-DA-12-0219,"Kroger Unsalted Butter, 16 oz","Kroger Unsalted Butter, 16 oz — Butter",Kroger,True,16 oz,Dairy,Butter,Butter,Dairy & Eggs,Butter & Margarine,Butter,3.71
grocery,KRG,KRG,KRG-DA-12-0220,"Kroger Salted Butter, 16 oz","Kroger Salted Butter, 16 oz — Butter",Kroger,True,16 oz,Dairy,Butter,Butter,Dairy & Eggs,Butter & Margarine,Butter,3.62
grocery,KRG,KRG,KRG-DA-12-0221,"Kroger Unsalted Butter, 16 oz","Kroger Unsalted Butter, 16 oz — Butter",Kroger,True,16 oz,Dairy,Butter,Butter,Dairy & Eggs,Butter & Margarine,Butter,3.87
grocery,KRG,KRG,KRG-DA-12-0222,"Kroger Salted Butter, 16 oz","Kroger Salted Butter, 16 oz — Butter",Kroger,True,16 oz,Dairy,Butter,Butter,Dairy & Eggs,Butter & Margarine,Butter,3.9
grocery,KRG,KRG,KRG-DA-13-0223,"Horizon Original Spread, 15 oz","Horizon Original Spread, 15 oz — Margarine & Spreads",Horizon,False,15 oz,Dairy,Butter,Margarine & Spreads,Dairy & Eggs,Butter & Margarine,Margarine & Spreads,2.96
grocery,KRG,KRG,KRG-DA-13-0224,"Horizon Light Spread, 15 oz","Horizon Light Spread, 15 oz — Margarine & Spreads",Horizon,False,15 oz,Dairy,Butter,Margarine & Spreads,Dairy & Eggs,Butter & Margarine,Margarine & Spreads,2.79
grocery,KRG,KRG,KRG-DA-13-0225,"Horizon Olive Oil Spread, 15 oz","Horizon Olive Oil Spread, 15 oz — Margarine & Spreads",Horizon,False,15 oz,Dairy,Butter,Margarine & Spreads,Dairy & Eggs,Butter & Margarine,Margarine & Spreads,2.84
grocery,KRG,KRG,KRG-DA-13-0226,"Horizon Light Spread, 45 oz","Horizon Light Spread, 45 oz — Margarine & Spreads",Horizon,False,45 oz,Dairy,Butter,Margarine & Spreads,Dairy & Eggs,Butter & Margarine,Margarine & Spreads,2.99
grocery,KRG,KRG,KRG-DA-13-0227,"Horizon Olive Oil Spread, 45 oz","Horizon Olive Oil Spread, 45 oz — Margarine & Spreads",Horizon,False,45 oz,Dairy,Butter,Margarine & Spreads,Dairy & Eggs,Butter & Margarine,Margarine & Spreads,3.11
grocery,KRG,KRG,KRG-DA-13-0228,"Fairlife Original Spread, 15 oz","Fairlife Original Spread, 15 oz — Margarine & Spreads",Fairlife,False,15 oz,Dairy,Butter,Margarine & Spreads,Dairy & Eggs,Butter & Margarine,Margarine & Spreads,3.38
grocery,KRG,KRG,KRG-DA-13-0229,"Fairlife Light Spread, 15 oz","Fairlife Light Spread, 15 oz — Margarine & Spreads",Fairlife,False,15 oz,Dairy,Butter,Margarine & Spreads,Dairy & Eggs,Butter & Margarine,Margarine & Spreads,3.19
grocery,KRG,KRG,KRG-DA-13-0230,"Kroger Olive Oil Spread, 15 oz","Kroger Olive Oil Spread, 15 oz — Margarine & Spreads",Kroger,True,15 oz,Dairy,Butter,Margarine & Spreads,Dairy & Eggs,Butter & Margarine,Margarine & Spreads,2.44
grocery,KRG,KRG,KRG-DA-13-0231,"Kroger Original Spread, 45 oz","Kroger Original Spread, 45 oz — Margarine & Spreads",Kroger,True,45 oz,Dairy,Butter,Margarine & Spreads,Dairy & Eggs,Butter & Margarine,Margarine & Spreads,2.47
grocery,KRG,KRG,KRG-DA-13-0232,"Kroger Original Spread, 15 oz","Kroger Original Spread, 15 oz — Margarine & Spreads",Kroger,True,15 oz,Dairy,Butter,Margarine & Spreads,Dairy & Eggs,Butter & Margarine,Margarine & Spreads,2.73
grocery,KRG,KRG,KRG-DA-13-0233,"Kroger Light Spread, 15 oz","Kroger Light Spread, 15 oz — Margarine & Spreads",Kroger,True,15 oz,Dairy,Butter,Margarine & Spreads,Dairy & Eggs,Butter & Margarine,Margarine & Spreads,2.8
grocery,KRG,KRG,KRG-DR-27-0476,"Barilla Spaghetti Pasta, 16 oz","Barilla Spaghetti Pasta, 16 oz — Pasta",Barilla,False,16 oz,Grocery,Pasta,Pasta,Dry Grocery,Pasta & Sauce,Pasta,1.73
grocery,KRG,KRG,KRG-DR-27-0477,"Barilla Penne Pasta, 16 oz","Barilla Penne Pasta, 16 oz — Pasta",Barilla,False,16 oz,Grocery,Pasta,Pasta,Dry Grocery,Pasta & Sauce,Pasta,1.77
grocery,KRG,KRG,KRG-DR-27-0478,"Barilla Rotini Pasta, 16 oz","Barilla Rotini Pasta, 16 oz — Pasta",Barilla,False,16 oz,Grocery,Pasta,Pasta,Dry Grocery,Pasta & Sauce,Pasta,1.66
grocery,KRG,KRG,KRG-DR-27-0479,"Barilla Elbow Macaroni Pasta, 16 oz","Barilla Elbow Macaroni Pasta, 16 oz — Pasta",Barilla,False,16 oz,Grocery,Pasta,Pasta,Dry Grocery,Pasta & Sauce,Pasta,1.69
grocery,KRG,KRG,KRG-DR-27-0480,"Barilla Lasagna Pasta, 16 oz","Barilla Lasagna Pasta, 16 oz — Pasta",Barilla,False,16 oz,Grocery,Pasta,Pasta,Dry Grocery,Pasta & Sauce,Pasta,1.75
grocery,KRG,KRG,KRG-DR-27-0481,"Prego Spaghetti Pasta, 16 oz","Prego Spaghetti Pasta, 16 oz — Pasta",Prego,False,16 oz,Grocery,Pasta,Pasta,Dry Grocery,Pasta & Sauce,Pasta,1.72
grocery,KRG,KRG,KRG-DR-27-0482,"Prego Penne Pasta, 16 oz","Prego Penne Pasta, 16 oz — Pasta",Prego,False,16 oz,Grocery,Pasta,Pasta,Dry Grocery,Pasta & Sauce,Pasta,1.87
grocery,KRG,KRG,KRG-DR-27-0483,"Prego Rotini Pasta, 16 oz","Prego Rotini Pasta, 16 oz — Pasta",Prego,False,16 oz,Grocery,Pasta,Pasta,Dry Grocery,Pasta & Sauce,Pasta,1.82
grocery,KRG,KRG,KRG-DR-27-0484,"Prego Elbow Macaroni Pasta, 16 oz","Prego Elbow Macaroni Pasta, 16 oz — Pasta",Prego,False,16 oz,Grocery,Pasta,Pasta,Dry Grocery,Pasta & Sauce,Pasta,1.9
grocery,KRG,KRG,KRG-DR-27-0485,"Prego Lasagna Pasta, 16 oz","Prego Lasagna Pasta, 16 oz — Pasta",Prego,False,16 oz,Grocery,Pasta,Pasta,Dry Grocery,Pasta & Sauce,Pasta,1.86
grocery,KRG,KRG,KRG-DR-27-0486,"Progresso Spaghetti Pasta, 16 oz","Progresso Spaghetti Pasta, 16 oz — Pasta",Progresso,False,16 oz,Grocery,Pasta,Pasta,Dry Grocery,Pasta & Sauce,Pasta,1.93
grocery,KRG,KRG,KRG-DR-27-0487,"Progresso Penne Pasta, 16 oz","Progresso Penne Pasta, 16 oz — Pasta",Progresso,False,16 oz,Grocery,Pasta,Pasta,Dry Grocery,Pasta & Sauce,Pasta,1.91
grocery,KRG,KRG,KRG-DR-27-0488,"Progresso Rotini Pasta, 16 oz","Progresso Rotini Pasta, 16 oz — Pasta",Progresso,False,16 oz,Grocery,Pasta,Pasta,Dry Grocery,Pasta & Sauce,Pasta,1.94
grocery,KRG,KRG,KRG-DR-27-0489,"Progresso Elbow Macaroni Pasta, 16 oz","Progresso Elbow Macaroni Pasta, 16 oz — Pasta",Progresso,False,16 oz,Grocery,Pasta,Pasta,Dry Grocery,Pasta & Sauce,Pasta,2.0
grocery,KRG,KRG,KRG-DR-27-0490,"Kroger Lasagna Pasta, 16 oz","Kroger Lasagna Pasta, 16 oz — Pasta",Kroger,True,16 oz,Grocery,Pasta,Pasta,Dry Grocery,Pasta & Sauce,Pasta,1.5
grocery,KRG,KRG,KRG-DR-27-0491,"Kroger Spaghetti Pasta, 16 oz","Kroger Spaghetti Pasta, 16 oz — Pasta",Kroger,True,16 oz,Grocery,Pasta,Pasta,Dry Grocery,Pasta & Sauce,Pasta,1.6
grocery,KRG,KRG,KRG-DR-27-0492,"Kroger Penne Pasta, 16 oz","Kroger Penne Pasta, 16 oz — Pasta",Kroger,True,16 oz,Grocery,Pasta,Pasta,Dry Grocery,Pasta & Sauce,Pasta,1.58
grocery,KRG,KRG,KRG-DR-27-0493,"Kroger Rotini Pasta, 16 oz","Kroger Rotini Pasta, 16 oz — Pasta",Kroger,True,16 oz,Grocery,Pasta,Pasta,Dry Grocery,Pasta & Sauce,Pasta,1.58
grocery,KRG,KRG,KRG-DR-27-0494,"Kroger Elbow Macaroni Pasta, 16 oz","Kroger Elbow Macaroni Pasta, 16 oz — Pasta",Kroger,True,16 oz,Grocery,Pasta,Pasta,Dry Grocery,Pasta & Sauce,Pasta,1.64
grocery,KRG,KRG,KRG-DR-27-0495,"Kroger Lasagna Pasta, 16 oz","Kroger Lasagna Pasta, 16 oz — Pasta",Kroger,True,16 oz,Grocery,Pasta,Pasta,Dry Grocery,Pasta & Sauce,Pasta,1.56
grocery,KRG,KRG,KRG-DR-27-0496,"Kroger Spaghetti Pasta, 16 oz","Kroger Spaghetti Pasta, 16 oz — Pasta",Kroger,True,16 oz,Grocery,Pasta,Pasta,Dry Grocery,Pasta & Sauce,Pasta,1.59
grocery,KRG,KRG,KRG-DR-27-0497,"Kroger Penne Pasta, 16 oz","Kroger Penne Pasta, 16 oz — Pasta",Kroger,True,16 oz,Grocery,Pasta,Pasta,Dry Grocery,Pasta & Sauce,Pasta,1.65
grocery,KRG,KRG,KRG-DR-27-0498,"Kroger Rotini Pasta, 16 oz","Kroger Rotini Pasta, 16 oz — Pasta",Kroger,True,16 oz,Grocery,Pasta,Pasta,Dry Grocery,Pasta & Sauce,Pasta,1.71
grocery,KRG,KRG,KRG-DR-27-0499,"Kroger Elbow Macaroni Pasta, 16 oz","Kroger Elbow Macaroni Pasta, 16 oz — Pasta",Kroger,True,16 oz,Grocery,Pasta,Pasta,Dry Grocery,Pasta & Sauce,Pasta,1.75
grocery,KRG,KRG,KRG-DR-27-0500,"Kroger Lasagna Pasta, 16 oz","Kroger Lasagna Pasta, 16 oz — Pasta",Kroger,True,16 oz,Grocery,Pasta,Pasta,Dry Grocery,Pasta & Sauce,Pasta,1.73
grocery,KRG,KRG,KRG-DR-28-0501,"Barilla Marinara Sauce, 24 oz","Barilla Marinara Sauce, 24 oz — Pasta Sauce",Barilla,False,24 oz,Grocery,Pasta,Pasta Sauce,Dry Grocery,Pasta & Sauce,Pasta Sauce,2.94
grocery,KRG,KRG,KRG-DR-28-0502,"Barilla Tomato Basil Sauce, 24 oz","Barilla Tomato Basil Sauce, 24 oz — Pasta Sauce",Barilla,False,24 oz,Grocery,Pasta,Pasta Sauce,Dry Grocery,Pasta & Sauce,Pasta Sauce,2.97
grocery,KRG,KRG,KRG-DR-28-0503,"Barilla Alfredo Sauce, 24 oz","Barilla Alfredo Sauce, 24 oz — Pasta Sauce",Barilla,False,24 oz,Grocery,Pasta,Pasta Sauce,Dry Grocery,Pasta & Sauce,Pasta Sauce,2.84
grocery,KRG,KRG,KRG-DR-28-0504,"Barilla Meat Sauce Sauce, 24 oz","Barilla Meat Sauce Sauce, 24 oz — Pasta Sauce",Barilla,False,24 oz,Grocery,Pasta,Pasta Sauce,Dry Grocery,Pasta & Sauce,Pasta Sauce,3.12
grocery,KRG,KRG,KRG-DR-28-0505,"Prego Marinara Sauce, 24 oz","Prego Marinara Sauce, 24 oz — Pasta Sauce",Prego,False,24 oz,Grocery,Pasta,Pasta Sauce,Dry Grocery,Pasta & Sauce,Pasta Sauce,3.08
grocery,KRG,KRG,KRG-DR-28-0506,"Prego Tomato Basil Sauce, 24 oz","Prego Tomato Basil Sauce, 24 oz — Pasta Sauce",Prego,False,24 oz,Grocery,Pasta,Pasta Sauce,Dry Grocery,Pasta & Sauce,Pasta Sauce,3.18
grocery,KRG,KRG,KRG-DR-28-0507,"Prego Alfredo Sauce, 24 oz","Prego Alfredo Sauce, 24 oz — Pasta Sauce",Prego,False,24 oz,Grocery,Pasta,Pasta Sauce,Dry Grocery,Pasta & Sauce,Pasta Sauce,3.08
grocery,KRG,KRG,KRG-DR-28-0508,"Prego Meat Sauce Sauce, 24 oz","Prego Meat Sauce Sauce, 24 oz — Pasta Sauce",Prego,False,24 oz,Grocery,Pasta,Pasta Sauce,Dry Grocery,Pasta & Sauce,Pasta Sauce,3.02
grocery,KRG,KRG,KRG-DR-28-0509,"Progresso Marinara Sauce, 24 oz","Progresso Marinara Sauce, 24 oz — Pasta Sauce",Progresso,False,24 oz,Grocery,Pasta,Pasta Sauce,Dry Grocery,Pasta & Sauce,Pasta Sauce,3.02
grocery,KRG,KRG,KRG-DR-28-0510,"Progresso Tomato Basil Sauce, 24 oz","Progresso Tomato Basil Sauce, 24 oz — Pasta Sauce",Progresso,False,24 oz,Grocery,Pasta,Pasta Sauce,Dry Grocery,Pasta & Sauce,Pasta Sauce,3.3
grocery,KRG,KRG,KRG-DR-28-0511,"Progresso Alfredo Sauce, 24 oz","Progresso Alfredo Sauce, 24 oz — Pasta Sauce",Progresso,False,24 oz,Grocery,Pasta,Pasta Sauce,Dry Grocery,Pasta & Sauce,Pasta Sauce,3.07
grocery,KRG,KRG,KRG-DR-28-0512,"Progresso Meat Sauce Sauce, 24 oz","Progresso Meat Sauce Sauce, 24 oz — Pasta Sauce",Progresso,False,24 oz,Grocery,Pasta,Pasta Sauce,Dry Grocery,Pasta & Sauce,Pasta Sauce,3.41
grocery,KRG,KRG,KRG-DR-28-0513,"Campbell's Marinara Sauce, 24 oz","Campbell's Marinara Sauce, 24 oz — Pasta Sauce",Campbell's,False,24 oz,Grocery,Pasta,Pasta Sauce,Dry Grocery,Pasta & Sauce,Pasta Sauce,3.33
grocery,KRG,KRG,KRG-DR-28-0514,"Campbell's Tomato Basil Sauce, 24 oz","Campbell's Tomato Basil Sauce, 24 oz — Pasta Sauce",Campbell's,False,24 oz,Grocery,Pasta,Pasta Sauce,Dry Grocery,Pasta & Sauce,Pasta Sauce,3.46
grocery,KRG,KRG,KRG-DR-28-0515,"Campbell's Alfredo Sauce, 24 oz","Campbell's Alfredo Sauce, 24 oz — Pasta Sauce",Campbell's,False,24 oz,Grocery,Pasta,Pasta Sauce,Dry Grocery,Pasta & Sauce,Pasta Sauce,3.48
grocery,KRG,KRG,KRG-DR-28-0516,"Campbell's Meat Sauce Sauce, 24 oz","Campbell's Meat Sauce Sauce, 24 oz — Pasta Sauce",Campbell's,False,24 oz,Grocery,Pasta,Pasta Sauce,Dry Grocery,Pasta & Sauce,Pasta Sauce,3.39
grocery,KRG,KRG,KRG-DR-28-0517,"Ragu Marinara Sauce, 24 oz","Ragu Marinara Sauce, 24 oz — Pasta Sauce",Ragu,False,24 oz,Grocery,Pasta,Pasta Sauce,Dry Grocery,Pasta & Sauce,Pasta Sauce,3.35
grocery,KRG,KRG,KRG-DR-28-0518,"Ragu Tomato Basil Sauce, 24 oz","Ragu Tomato Basil Sauce, 24 oz — Pasta Sauce",Ragu,False,24 oz,Grocery,Pasta,Pasta Sauce,Dry Grocery,Pasta & Sauce,Pasta Sauce,3.49
grocery,KRG,KRG,KRG-DR-28-0519,"Ragu Alfredo Sauce, 24 oz","Ragu Alfredo Sauce, 24 oz — Pasta Sauce",Ragu,False,24 oz,Grocery,Pasta,Pasta Sauce,Dry Grocery,Pasta & Sauce,Pasta Sauce,3.65
grocery,KRG,KRG,KRG-DR-28-0520,"Ragu Meat Sauce Sauce, 24 oz","Ragu Meat Sauce Sauce, 24 oz — Pasta Sauce",Ragu,False,24 oz,Grocery,Pasta,Pasta Sauce,Dry Grocery,Pasta & Sauce,Pasta Sauce,3.57
grocery,KRG,KRG,KRG-DR-28-0521,"Kroger Marinara Sauce, 24 oz","Kroger Marinara Sauce, 24 oz — Pasta Sauce",Kroger,True,24 oz,Grocery,Pasta,Pasta Sauce,Dry Grocery,Pasta & Sauce,Pasta Sauce,2.66
grocery,KRG,KRG,KRG-DR-28-0522,"Kroger Tomato Basil Sauce, 24 oz","Kroger Tomato Basil Sauce, 24 oz — Pasta Sauce",Kroger,True,24 oz,Grocery,Pasta,Pasta Sauce,Dry Grocery,Pasta & Sauce,Pasta Sauce,2.58
grocery,KRG,KRG,KRG-DR-28-0523,"Kroger Alfredo Sauce, 24 oz","Kroger Alfredo Sauce, 24 oz — Pasta Sauce",Kroger,True,24 oz,Grocery,Pasta,Pasta Sauce,Dry Grocery,Pasta & Sauce,Pasta Sauce,2.69
grocery,KRG,KRG,KRG-DR-28-0524,"Kroger Meat Sauce Sauce, 24 oz","Kroger Meat Sauce Sauce, 24 oz — Pasta Sauce",Kroger,True,24 oz,Grocery,Pasta,Pasta Sauce,Dry Grocery,Pasta & Sauce,Pasta Sauce,2.89
grocery,KRG,KRG,KRG-DR-28-0525,"Kroger Marinara Sauce, 24 oz","Kroger Marinara Sauce, 24 oz — Pasta Sauce",Kroger,True,24 oz,Grocery,Pasta,Pasta Sauce,Dry Grocery,Pasta & Sauce,Pasta Sauce,2.8
grocery,KRG,KRG,KRG-DR-28-0526,"Kroger Tomato Basil Sauce, 24 oz","Kroger Tomato Basil Sauce, 24 oz — Pasta Sauce",Kroger,True,24 oz,Grocery,Pasta,Pasta Sauce,Dry Grocery,Pasta & Sauce,Pasta Sauce,2.77
grocery,KRG,KRG,KRG-DR-28-0527,"Kroger Alfredo Sauce, 24 oz","Kroger Alfredo Sauce, 24 oz — Pasta Sauce",Kroger,True,24 oz,Grocery,Pasta,Pasta Sauce,Dry Grocery,Pasta & Sauce,Pasta Sauce,2.98
grocery,KRG,KRG,KRG-DR-28-0528,"Kroger Meat Sauce Sauce, 24 oz","Kroger Meat Sauce Sauce, 24 oz — Pasta Sauce",Kroger,True,24 oz,Grocery,Pasta,Pasta Sauce,Dry Grocery,Pasta & Sauce,Pasta Sauce,2.82
grocery,KRG,KRG,KRG-DR-28-0529,"Kroger Marinara Sauce, 24 oz","Kroger Marinara Sauce, 24 oz — Pasta Sauce",Kroger,True,24 oz,Grocery,Pasta,Pasta Sauce,Dry Grocery,Pasta & Sauce,Pasta Sauce,2.83
grocery,KRG,KRG,KRG-DR-28-0530,"Kroger Tomato Basil Sauce, 24 oz","Kroger Tomato Basil Sauce, 24 oz — Pasta Sauce",Kroger,True,24 oz,Grocery,Pasta,Pasta Sauce,Dry Grocery,Pasta & Sauce,Pasta Sauce,2.78
grocery,KRG,KRG,KRG-DR-29-0531,"Barilla Black Beans Canned, 15 oz","Barilla Black Beans Canned, 15 oz — Canned Vegetables & Beans",Barilla,False,15 oz,Grocery,Canned Goods,Canned Vegetables & Beans,Dry Grocery,Canned & Packaged,Canned Vegetables & Beans,1.04
grocery,KRG,KRG,KRG-DR-29-0532,"Barilla Green Beans Canned, 15 oz","Barilla Green Beans Canned, 15 oz — Canned Vegetables & Beans",Barilla,False,15 oz,Grocery,Canned Goods,Canned Vegetables & Beans,Dry Grocery,Canned & Packaged,Canned Vegetables & Beans,1.07
grocery,KRG,KRG,KRG-DR-29-0533,"Barilla Diced Tomatoes Canned, 15 oz","Barilla Diced Tomatoes Canned, 15 oz — Canned Vegetables & Beans",Barilla,False,15 oz,Grocery,Canned Goods,Canned Vegetables & Beans,Dry Grocery,Canned & Packaged,Canned Vegetables & Beans,1.08
grocery,KRG,KRG,KRG-DR-29-0534,"Prego Black Beans Canned, 15 oz","Prego Black Beans Canned, 15 oz — Canned Vegetables & Beans",Prego,False,15 oz,Grocery,Canned Goods,Canned Vegetables & Beans,Dry Grocery,Canned & Packaged,Canned Vegetables & Beans,1.14
grocery,KRG,KRG,KRG-DR-29-0535,"Prego Corn Canned, 15 oz","Prego Corn Canned, 15 oz — Canned Vegetables & Beans",Prego,False,15 oz,Grocery,Canned Goods,Canned Vegetables & Beans,Dry Grocery,Canned & Packaged,Canned Vegetables & Beans,1.08
grocery,KRG,KRG,KRG-DR-29-0536,"Progresso Corn Canned, 15 oz","Progresso Corn Canned, 15 oz — Canned Vegetables & Beans",Progresso,False,15 oz,Grocery,Canned Goods,Canned Vegetables & Beans,Dry Grocery,Canned & Packaged,Canned Vegetables & Beans,1.23
grocery,KRG,KRG,KRG-DR-29-0537,"Progresso Green Beans Canned, 15 oz","Progresso Green Beans Canned, 15 oz — Canned Vegetables & Beans",Progresso,False,15 oz,Grocery,Canned Goods,Canned Vegetables & Beans,Dry Grocery,Canned & Packaged,Canned Vegetables & Beans,1.18
grocery,KRG,KRG,KRG-DR-29-0538,"Kroger Green Beans Canned, 15 oz","Kroger Green Beans Canned, 15 oz — Canned Vegetables & Beans",Kroger,True,15 oz,Grocery,Canned Goods,Canned Vegetables & Beans,Dry Grocery,Canned & Packaged,Canned Vegetables & Beans,0.94
grocery,KRG,KRG,KRG-DR-29-0539,"Kroger Diced Tomatoes Canned, 15 oz","Kroger Diced Tomatoes Canned, 15 oz — Canned Vegetables & Beans",Kroger,True,15 oz,Grocery,Canned Goods,Canned Vegetables & Beans,Dry Grocery,Canned & Packaged,Canned Vegetables & Beans,0.99
grocery,KRG,KRG,KRG-DR-29-0540,"Kroger Corn Canned, 15 oz","Kroger Corn Canned, 15 oz — Canned Vegetables & Beans",Kroger,True,15 oz,Grocery,Canned Goods,Canned Vegetables & Beans,Dry Grocery,Canned & Packaged,Canned Vegetables & Beans,1.0
grocery,KRG,KRG,KRG-DR-29-0541,"Kroger Green Beans Canned, 15 oz","Kroger Green Beans Canned, 15 oz — Canned Vegetables & Beans",Kroger,True,15 oz,Grocery,Canned Goods,Canned Vegetables & Beans,Dry Grocery,Canned & Packaged,Canned Vegetables & Beans,1.01
grocery,KRG,KRG,KRG-DR-29-0542,"Kroger Diced Tomatoes Canned, 15 oz","Kroger Diced Tomatoes Canned, 15 oz — Canned Vegetables & Beans",Kroger,True,15 oz,Grocery,Canned Goods,Canned Vegetables & Beans,Dry Grocery,Canned & Packaged,Canned Vegetables & Beans,0.98
grocery,KRG,KRG,KRG-DR-29-0543,"Kroger Chickpeas Canned, 15 oz","Kroger Chickpeas Canned, 15 oz — Canned Vegetables & Beans",Kroger,True,15 oz,Grocery,Canned Goods,Canned Vegetables & Beans,Dry Grocery,Canned & Packaged,Canned Vegetables & Beans,0.96
grocery,KRG,KRG,KRG-DR-29-0544,"Kroger Black Beans Canned, 15 oz","Kroger Black Beans Canned, 15 oz — Canned Vegetables & Beans",Kroger,True,15 oz,Grocery,Canned Goods,Canned Vegetables & Beans,Dry Grocery,Canned & Packaged,Canned Vegetables & Beans,1.05
grocery,KRG,KRG,KRG-DR-29-0545,"Kroger Corn Canned, 15 oz","Kroger Corn Canned, 15 oz — Canned Vegetables & Beans",Kroger,True,15 oz,Grocery,Canned Goods,Canned Vegetables & Beans,Dry Grocery,Canned & Packaged,Canned Vegetables & Beans,1.01
grocery,KRG,KRG,KRG-DR-29-0546,"Kroger Green Beans Canned, 15 oz","Kroger Green Beans Canned, 15 oz — Canned Vegetables & Beans",Kroger,True,15 oz,Grocery,Canned Goods,Canned Vegetables & Beans,Dry Grocery,Canned & Packaged,Canned Vegetables & Beans,1.02
grocery,KRG,KRG,KRG-DR-29-0547,"Kroger Diced Tomatoes Canned, 15 oz","Kroger Diced Tomatoes Canned, 15 oz — Canned Vegetables & Beans",Kroger,True,15 oz,Grocery,Canned Goods,Canned Vegetables & Beans,Dry Grocery,Canned & Packaged,Canned Vegetables & Beans,1.07
grocery,KRG,KRG,KRG-DR-29-0548,"Kroger Chickpeas Canned, 15 oz","Kroger Chickpeas Canned, 15 oz — Canned Vegetables & Beans",Kroger,True,15 oz,Grocery,Canned Goods,Canned Vegetables & Beans,Dry Grocery,Canned & Packaged,Canned Vegetables & Beans,1.0
grocery,KRG,KRG,KRG-DR-29-0549,"Kroger Black Beans Canned, 15 oz","Kroger Black Beans Canned, 15 oz — Canned Vegetables & Beans",Kroger,True,15 oz,Grocery,Canned Goods,Canned Vegetables & Beans,Dry Grocery,Canned & Packaged,Canned Vegetables & Beans,1.04
grocery,KRG,KRG,KRG-DR-29-0550,"Kroger Corn Canned, 15 oz","Kroger Corn Canned, 15 oz — Canned Vegetables & Beans",Kroger,True,15 oz,Grocery,Canned Goods,Canned Vegetables & Beans,Dry Grocery,Canned & Packaged,Canned Vegetables & Beans,1.1
grocery,KRG,KRG,KRG-DR-29-0551,"Kroger Diced Tomatoes Canned, 15 oz","Kroger Diced Tomatoes Canned, 15 oz — Canned Vegetables & Beans",Kroger,True,15 oz,Grocery,Canned Goods,Canned Vegetables & Beans,Dry Grocery,Canned & Packaged,Canned Vegetables & Beans,1.06
grocery,KRG,KRG,KRG-DR-29-0552,"Kroger Chickpeas Canned, 15 oz","Kroger Chickpeas Canned, 15 oz — Canned Vegetables & Beans",Kroger,True,15 oz,Grocery,Canned Goods,Canned Vegetables & Beans,Dry Grocery,Canned & Packaged,Canned Vegetables & Beans,1.08
grocery,KRG,KRG,KRG-DR-30-0553,"Barilla Chicken Noodle Soup, 10.5 oz","Barilla Chicken Noodle Soup, 10.5 oz — Canned Soup",Barilla,False,10.5 oz,Grocery,Canned Goods,Canned Soup,Dry Grocery,Canned & Packaged,Canned Soup,1.92
grocery,KRG,KRG,KRG-DR-30-0554,"Barilla Tomato Soup, 10.5 oz","Barilla Tomato Soup, 10.5 oz — Canned Soup",Barilla,False,10.5 oz,Grocery,Canned Goods,Canned Soup,Dry Grocery,Canned & Packaged,Canned Soup,1.9
grocery,KRG,KRG,KRG-DR-30-0555,"Barilla Vegetable Soup, 10.5 oz","Barilla Vegetable Soup, 10.5 oz — Canned Soup",Barilla,False,10.5 oz,Grocery,Canned Goods,Canned Soup,Dry Grocery,Canned & Packaged,Canned Soup,1.97
grocery,KRG,KRG,KRG-DR-30-0556,"Barilla Cream of Mushroom Soup, 10.5 oz","Barilla Cream of Mushroom Soup, 10.5 oz — Canned Soup",Barilla,False,10.5 oz,Grocery,Canned Goods,Canned Soup,Dry Grocery,Canned & Packaged,Canned Soup,2.04
grocery,KRG,KRG,KRG-DR-30-0557,"Barilla Chicken Noodle Soup, 18 oz","Barilla Chicken Noodle Soup, 18 oz — Canned Soup",Barilla,False,18 oz,Grocery,Canned Goods,Canned Soup,Dry Grocery,Canned & Packaged,Canned Soup,2.03
grocery,KRG,KRG,KRG-DR-30-0558,"Barilla Tomato Soup, 18 oz","Barilla Tomato Soup, 18 oz — Canned Soup",Barilla,False,18 oz,Grocery,Canned Goods,Canned Soup,Dry Grocery,Canned & Packaged,Canned Soup,1.94
grocery,KRG,KRG,KRG-DR-30-0559,"Barilla Vegetable Soup, 18 oz","Barilla Vegetable Soup, 18 oz — Canned Soup",Barilla,False,18 oz,Grocery,Canned Goods,Canned Soup,Dry Grocery,Canned & Packaged,Canned Soup,1.94
grocery,KRG,KRG,KRG-DR-30-0560,"Barilla Cream of Mushroom Soup, 18 oz","Barilla Cream of Mushroom Soup, 18 oz — Canned Soup",Barilla,False,18 oz,Grocery,Canned Goods,Canned Soup,Dry Grocery,Canned & Packaged,Canned Soup,2.09
grocery,KRG,KRG,KRG-DR-30-0561,"Prego Chicken Noodle Soup, 10.5 oz","Prego Chicken Noodle Soup, 10.5 oz — Canned Soup",Prego,False,10.5 oz,Grocery,Canned Goods,Canned Soup,Dry Grocery,Canned & Packaged,Canned Soup,2.01
grocery,KRG,KRG,KRG-DR-30-0562,"Prego Tomato Soup, 10.5 oz","Prego Tomato Soup, 10.5 oz — Canned Soup",Prego,False,10.5 oz,Grocery,Canned Goods,Canned Soup,Dry Grocery,Canned & Packaged,Canned Soup,2.07
grocery,KRG,KRG,KRG-DR-30-0563,"Prego Vegetable Soup, 10.5 oz","Prego Vegetable Soup, 10.5 oz — Canned Soup",Prego,False,10.5 oz,Grocery,Canned Goods,Canned Soup,Dry Grocery,Canned & Packaged,Canned Soup,2.1
grocery,KRG,KRG,KRG-DR-30-0564,"Prego Cream of Mushroom Soup, 10.5 oz","Prego Cream of Mushroom Soup, 10.5 oz — Canned Soup",Prego,False,10.5 oz,Grocery,Canned Goods,Canned Soup,Dry Grocery,Canned & Packaged,Canned Soup,2.07
grocery,KRG,KRG,KRG-DR-30-0565,"Prego Chicken Noodle Soup, 18 oz","Prego Chicken Noodle Soup, 18 oz — Canned Soup",Prego,False,18 oz,Grocery,Canned Goods,Canned Soup,Dry Grocery,Canned & Packaged,Canned Soup,2.2
grocery,KRG,KRG,KRG-DR-30-0566,"Prego Tomato Soup, 18 oz","Prego Tomato Soup, 18 oz — Canned Soup",Prego,False,18 oz,Grocery,Canned Goods,Canned Soup,Dry Grocery,Canned & Packaged,Canned Soup,2.11
grocery,KRG,KRG,KRG-DR-30-0567,"Prego Vegetable Soup, 18 oz","Prego Vegetable Soup, 18 oz — Canned Soup",Prego,False,18 oz,Grocery,Canned Goods,Canned Soup,Dry Grocery,Canned & Packaged,Canned Soup,2.13
grocery,KRG,KRG,KRG-DR-30-0568,"Prego Cream of Mushroom Soup, 18 oz","Prego Cream of Mushroom Soup, 18 oz — Canned Soup",Prego,False,18 oz,Grocery,Canned Goods,Canned Soup,Dry Grocery,Canned & Packaged,Canned Soup,2.15
grocery,KRG,KRG,KRG-DR-30-0569,"Progresso Chicken Noodle Soup, 10.5 oz","Progresso Chicken Noodle Soup, 10.5 oz — Canned Soup",Progresso,False,10.5 oz,Grocery,Canned Goods,Canned Soup,Dry Grocery,Canned & Packaged,Canned Soup,2.25
grocery,KRG,KRG,KRG-DR-30-0570,"Progresso Tomato Soup, 10.5 oz","Progresso Tomato Soup, 10.5 oz — Canned Soup",Progresso,False,10.5 oz,Grocery,Canned Goods,Canned Soup,Dry Grocery,Canned & Packaged,Canned Soup,2.2
grocery,KRG,KRG,KRG-DR-30-0571,"Kroger Vegetable Soup, 10.5 oz","Kroger Vegetable Soup, 10.5 oz — Canned Soup",Kroger,True,10.5 oz,Grocery,Canned Goods,Canned Soup,Dry Grocery,Canned & Packaged,Canned Soup,1.8
grocery,KRG,KRG,KRG-DR-30-0572,"Kroger Cream of Mushroom Soup, 10.5 oz","Kroger Cream of Mushroom Soup, 10.5 oz — Canned Soup",Kroger,True,10.5 oz,Grocery,Canned Goods,Canned Soup,Dry Grocery,Canned & Packaged,Canned Soup,1.75
grocery,KRG,KRG,KRG-DR-30-0573,"Kroger Chicken Noodle Soup, 18 oz","Kroger Chicken Noodle Soup, 18 oz — Canned Soup",Kroger,True,18 oz,Grocery,Canned Goods,Canned Soup,Dry Grocery,Canned & Packaged,Canned Soup,1.77
grocery,KRG,KRG,KRG-DR-30-0574,"Kroger Tomato Soup, 18 oz","Kroger Tomato Soup, 18 oz — Canned Soup",Kroger,True,18 oz,Grocery,Canned Goods,Canned Soup,Dry Grocery,Canned & Packaged,Canned Soup,1.89
grocery,KRG,KRG,KRG-DR-30-0575,"Kroger Vegetable Soup, 18 oz","Kroger Vegetable Soup, 18 oz — Canned Soup",Kroger,True,18 oz,Grocery,Canned Goods,Canned Soup,Dry Grocery,Canned & Packaged,Canned Soup,1.82
grocery,KRG,KRG,KRG-DR-30-0576,"Kroger Cream of Mushroom Soup, 18 oz","Kroger Cream of Mushroom Soup, 18 oz — Canned Soup",Kroger,True,18 oz,Grocery,Canned Goods,Canned Soup,Dry Grocery,Canned & Packaged,Canned Soup,1.93
grocery,KRG,KRG,KRG-DR-30-0577,"Kroger Chicken Noodle Soup, 10.5 oz","Kroger Chicken Noodle Soup, 10.5 oz — Canned Soup",Kroger,True,10.5 oz,Grocery,Canned Goods,Canned Soup,Dry Grocery,Canned & Packaged,Canned Soup,1.89
grocery,KRG,KRG,KRG-DR-30-0578,"Kroger Tomato Soup, 10.5 oz","Kroger Tomato Soup, 10.5 oz — Canned Soup",Kroger,True,10.5 oz,Grocery,Canned Goods,Canned Soup,Dry Grocery,Canned & Packaged,Canned Soup,1.91
grocery,KRG,KRG,KRG-DR-30-0579,"Kroger Vegetable Soup, 10.5 oz","Kroger Vegetable Soup, 10.5 oz — Canned Soup",Kroger,True,10.5 oz,Grocery,Canned Goods,Canned Soup,Dry Grocery,Canned & Packaged,Canned Soup,1.92
grocery,KRG,KRG,KRG-DR-30-0580,"Kroger Cream of Mushroom Soup, 10.5 oz","Kroger Cream of Mushroom Soup, 10.5 oz — Canned Soup",Kroger,True,10.5 oz,Grocery,Canned Goods,Canned Soup,Dry Grocery,Canned & Packaged,Canned Soup,1.88
grocery,KRG,KRG,KRG-DR-31-0581,"Barilla White Rice Rice, 2 lb","Barilla White Rice Rice, 2 lb — Rice & Grains",Barilla,False,2 lb,Grocery,Rice & Grains,Rice & Grains,Dry Grocery,Rice & Grains,Rice & Grains,2.96
grocery,KRG,KRG,KRG-DR-31-0582,"Barilla Brown Rice Rice, 2 lb","Barilla Brown Rice Rice, 2 lb — Rice & Grains",Barilla,False,2 lb,Grocery,Rice & Grains,Rice & Grains,Dry Grocery,Rice & Grains,Rice & Grains,2.8
grocery,KRG,KRG,KRG-DR-31-0583,"Barilla Jasmine Rice Rice, 2 lb","Barilla Jasmine Rice Rice, 2 lb — Rice & Grains",Barilla,False,2 lb,Grocery,Rice & Grains,Rice & Grains,Dry Grocery,Rice & Grains,Rice & Grains,2.99
grocery,KRG,KRG,KRG-DR-31-0584,"Barilla Quinoa Rice, 2 lb","Barilla Quinoa Rice, 2 lb — Rice & Grains",Barilla,False,2 lb,Grocery,Rice & Grains,Rice & Grains,Dry Grocery,Rice & Grains,Rice & Grains,2.93
grocery,KRG,KRG,KRG-DR-31-0585,"Barilla White Rice Rice, 5 lb","Barilla White Rice Rice, 5 lb — Rice & Grains",Barilla,False,5 lb,Grocery,Rice & Grains,Rice & Grains,Dry Grocery,Rice & Grains,Rice & Grains,3.21
grocery,KRG,KRG,KRG-DR-31-0586,"Barilla Brown Rice Rice, 5 lb","Barilla Brown Rice Rice, 5 lb — Rice & Grains",Barilla,False,5 lb,Grocery,Rice & Grains,Rice & Grains,Dry Grocery,Rice & Grains,Rice & Grains,3.23
grocery,KRG,KRG,KRG-DR-31-0587,"Barilla Jasmine Rice Rice, 5 lb","Barilla Jasmine Rice Rice, 5 lb — Rice & Grains",Barilla,False,5 lb,Grocery,Rice & Grains,Rice & Grains,Dry Grocery,Rice & Grains,Rice & Grains,3.12
grocery,KRG,KRG,KRG-DR-31-0588,"Barilla Quinoa Rice, 5 lb","Barilla Quinoa Rice, 5 lb — Rice & Grains",Barilla,False,5 lb,Grocery,Rice & Grains,Rice & Grains,Dry Grocery,Rice & Grains,Rice & Grains,3.14
grocery,KRG,KRG,KRG-DR-31-0589,"Prego White Rice Rice, 2 lb","Prego White Rice Rice, 2 lb — Rice & Grains",Prego,False,2 lb,Grocery,Rice & Grains,Rice & Grains,Dry Grocery,Rice & Grains,Rice & Grains,3.16
grocery,KRG,KRG,KRG-DR-31-0590,"Prego Brown Rice Rice, 2 lb","Prego Brown Rice Rice, 2 lb — Rice & Grains",Prego,False,2 lb,Grocery,Rice & Grains,Rice & Grains,Dry Grocery,Rice & Grains,Rice & Grains,3.37
grocery,KRG,KRG,KRG-DR-31-0591,"Prego Jasmine Rice Rice, 2 lb","Prego Jasmine Rice Rice, 2 lb — Rice & Grains",Prego,False,2 lb,Grocery,Rice & Grains,Rice & Grains,Dry Grocery,Rice & Grains,Rice & Grains,3.36
grocery,KRG,KRG,KRG-DR-31-0592,"Prego Quinoa Rice, 2 lb","Prego Quinoa Rice, 2 lb — Rice & Grains",Prego,False,2 lb,Grocery,Rice & Grains,Rice & Grains,Dry Grocery,Rice & Grains,Rice & Grains,3.34
grocery,KRG,KRG,KRG-DR-31-0593,"Prego White Rice Rice, 5 lb","Prego White Rice Rice, 5 lb — Rice & Grains",Prego,False,5 lb,Grocery,Rice & Grains,Rice & Grains,Dry Grocery,Rice & Grains,Rice & Grains,3.62
grocery,KRG,KRG,KRG-DR-31-0594,"Kroger Brown Rice Rice, 5 lb","Kroger Brown Rice Rice, 5 lb — Rice & Grains",Kroger,True,5 lb,Grocery,Rice & Grains,Rice & Grains,Dry Grocery,Rice & Grains,Rice & Grains,2.74
grocery,KRG,KRG,KRG-DR-31-0595,"Kroger Jasmine Rice Rice, 5 lb","Kroger Jasmine Rice Rice, 5 lb — Rice & Grains",Kroger,True,5 lb,Grocery,Rice & Grains,Rice & Grains,Dry Grocery,Rice & Grains,Rice & Grains,2.69
grocery,KRG,KRG,KRG-DR-31-0596,"Kroger Quinoa Rice, 5 lb","Kroger Quinoa Rice, 5 lb — Rice & Grains",Kroger,True,5 lb,Grocery,Rice & Grains,Rice & Grains,Dry Grocery,Rice & Grains,Rice & Grains,2.69
grocery,KRG,KRG,KRG-DR-31-0597,"Kroger White Rice Rice, 2 lb","Kroger White Rice Rice, 2 lb — Rice & Grains",Kroger,True,2 lb,Grocery,Rice & Grains,Rice & Grains,Dry Grocery,Rice & Grains,Rice & Grains,2.75
grocery,KRG,KRG,KRG-DR-31-0598,"Kroger Brown Rice Rice, 2 lb","Kroger Brown Rice Rice, 2 lb — Rice & Grains",Kroger,True,2 lb,Grocery,Rice & Grains,Rice & Grains,Dry Grocery,Rice & Grains,Rice & Grains,2.85
grocery,KRG,KRG,KRG-DR-31-0599,"Kroger Jasmine Rice Rice, 2 lb","Kroger Jasmine Rice Rice, 2 lb — Rice & Grains",Kroger,True,2 lb,Grocery,Rice & Grains,Rice & Grains,Dry Grocery,Rice & Grains,Rice & Grains,2.69
grocery,KRG,KRG,KRG-DR-31-0600,"Kroger Quinoa Rice, 2 lb","Kroger Quinoa Rice, 2 lb — Rice & Grains",Kroger,True,2 lb,Grocery,Rice & Grains,Rice & Grains,Dry Grocery,Rice & Grains,Rice & Grains,2.81
grocery,KRG,KRG,KRG-DR-31-0601,"Kroger White Rice Rice, 5 lb","Kroger White Rice Rice, 5 lb — Rice & Grains",Kroger,True,5 lb,Grocery,Rice & Grains,Rice & Grains,Dry Grocery,Rice & Grains,Rice & Grains,3.0
grocery,KRG,KRG,KRG-DR-31-0602,"Kroger Brown Rice Rice, 5 lb","Kroger Brown Rice Rice, 5 lb — Rice & Grains",Kroger,True,5 lb,Grocery,Rice & Grains,Rice & Grains,Dry Grocery,Rice & Grains,Rice & Grains,2.99
grocery,KRG,KRG,KRG-DR-32-0603,"Barilla Toasted Oats Cereal, 12 oz","Barilla Toasted Oats Cereal, 12 oz — Cereal",Barilla,False,12 oz,Grocery,Cereal,Cereal,Dry Grocery,Breakfast & Cereal,Cereal,3.46
grocery,KRG,KRG,KRG-DR-32-0604,"Barilla Corn Flakes Cereal, 12 oz","Barilla Corn Flakes Cereal, 12 oz — Cereal",Barilla,False,12 oz,Grocery,Cereal,Cereal,Dry Grocery,Breakfast & Cereal,Cereal,3.5
grocery,KRG,KRG,KRG-DR-32-0605,"Barilla Raisin Bran Cereal, 12 oz","Barilla Raisin Bran Cereal, 12 oz — Cereal",Barilla,False,12 oz,Grocery,Cereal,Cereal,Dry Grocery,Breakfast & Cereal,Cereal,3.52
grocery,KRG,KRG,KRG-DR-32-0606,"Barilla Frosted Flakes Cereal, 12 oz","Barilla Frosted Flakes Cereal, 12 oz — Cereal",Barilla,False,12 oz,Grocery,Cereal,Cereal,Dry Grocery,Breakfast & Cereal,Cereal,3.74
grocery,KRG,KRG,KRG-DR-32-0607,"Barilla Granola Cereal, 12 oz","Barilla Granola Cereal, 12 oz — Cereal",Barilla,False,12 oz,Grocery,Cereal,Cereal,Dry Grocery,Breakfast & Cereal,Cereal,3.72
grocery,KRG,KRG,KRG-DR-32-0608,"Barilla Toasted Oats Cereal, 18 oz","Barilla Toasted Oats Cereal, 18 oz — Cereal",Barilla,False,18 oz,Grocery,Cereal,Cereal,Dry Grocery,Breakfast & Cereal,Cereal,3.62
grocery,KRG,KRG,KRG-DR-32-0609,"Barilla Corn Flakes Cereal, 18 oz","Barilla Corn Flakes Cereal, 18 oz — Cereal",Barilla,False,18 oz,Grocery,Cereal,Cereal,Dry Grocery,Breakfast & Cereal,Cereal,3.86
grocery,KRG,KRG,KRG-DR-32-0610,"Barilla Raisin Bran Cereal, 18 oz","Barilla Raisin Bran Cereal, 18 oz — Cereal",Barilla,False,18 oz,Grocery,Cereal,Cereal,Dry Grocery,Breakfast & Cereal,Cereal,3.76
grocery,KRG,KRG,KRG-DR-32-0611,"Barilla Frosted Flakes Cereal, 18 oz","Barilla Frosted Flakes Cereal, 18 oz — Cereal",Barilla,False,18 oz,Grocery,Cereal,Cereal,Dry Grocery,Breakfast & Cereal,Cereal,3.78
grocery,KRG,KRG,KRG-DR-32-0612,"Barilla Granola Cereal, 18 oz","Barilla Granola Cereal, 18 oz — Cereal",Barilla,False,18 oz,Grocery,Cereal,Cereal,Dry Grocery,Breakfast & Cereal,Cereal,3.81
grocery,KRG,KRG,KRG-DR-32-0613,"Prego Toasted Oats Cereal, 12 oz","Prego Toasted Oats Cereal, 12 oz — Cereal",Prego,False,12 oz,Grocery,Cereal,Cereal,Dry Grocery,Breakfast & Cereal,Cereal,3.89
grocery,KRG,KRG,KRG-DR-32-0614,"Prego Corn Flakes Cereal, 12 oz","Prego Corn Flakes Cereal, 12 oz — Cereal",Prego,False,12 oz,Grocery,Cereal,Cereal,Dry Grocery,Breakfast & Cereal,Cereal,3.9
grocery,KRG,KRG,KRG-DR-32-0615,"Prego Raisin Bran Cereal, 12 oz","Prego Raisin Bran Cereal, 12 oz — Cereal",Prego,False,12 oz,Grocery,Cereal,Cereal,Dry Grocery,Breakfast & Cereal,Cereal,3.95
grocery,KRG,KRG,KRG-DR-32-0616,"Prego Frosted Flakes Cereal, 12 oz","Prego Frosted Flakes Cereal, 12 oz — Cereal",Prego,False,12 oz,Grocery,Cereal,Cereal,Dry Grocery,Breakfast & Cereal,Cereal,4.05
grocery,KRG,KRG,KRG-DR-32-0617,"Prego Granola Cereal, 12 oz","Prego Granola Cereal, 12 oz — Cereal",Prego,False,12 oz,Grocery,Cereal,Cereal,Dry Grocery,Breakfast & Cereal,Cereal,3.91
grocery,KRG,KRG,KRG-DR-32-0618,"Prego Toasted Oats Cereal, 18 oz","Prego Toasted Oats Cereal, 18 oz — Cereal",Prego,False,18 oz,Grocery,Cereal,Cereal,Dry Grocery,Breakfast & Cereal,Cereal,4.12
grocery,KRG,KRG,KRG-DR-32-0619,"Prego Corn Flakes Cereal, 18 oz","Prego Corn Flakes Cereal, 18 oz — Cereal",Prego,False,18 oz,Grocery,Cereal,Cereal,Dry Grocery,Breakfast & Cereal,Cereal,4.05
grocery,KRG,KRG,KRG-DR-32-0620,"Prego Raisin Bran Cereal, 18 oz","Prego Raisin Bran Cereal, 18 oz — Cereal",Prego,False,18 oz,Grocery,Cereal,Cereal,Dry Grocery,Breakfast & Cereal,Cereal,4.03
grocery,KRG,KRG,KRG-DR-32-0621,"Prego Frosted Flakes Cereal, 18 oz","Prego Frosted Flakes Cereal, 18 oz — Cereal",Prego,False,18 oz,Grocery,Cereal,Cereal,Dry Grocery,Breakfast & Cereal,Cereal,4.18
grocery,KRG,KRG,KRG-DR-32-0622,"Prego Granola Cereal, 18 oz","Prego Granola Cereal, 18 oz — Cereal",Prego,False,18 oz,Grocery,Cereal,Cereal,Dry Grocery,Breakfast & Cereal,Cereal,4.44
grocery,KRG,KRG,KRG-DR-32-0623,"Progresso Toasted Oats Cereal, 12 oz","Progresso Toasted Oats Cereal, 12 oz — Cereal",Progresso,False,12 oz,Grocery,Cereal,Cereal,Dry Grocery,Breakfast & Cereal,Cereal,4.34
grocery,KRG,KRG,KRG-DR-32-0624,"Progresso Corn Flakes Cereal, 12 oz","Progresso Corn Flakes Cereal, 12 oz — Cereal",Progresso,False,12 oz,Grocery,Cereal,Cereal,Dry Grocery,Breakfast & Cereal,Cereal,4.21
grocery,KRG,KRG,KRG-DR-32-0625,"Progresso Raisin Bran Cereal, 12 oz","Progresso Raisin Bran Cereal, 12 oz — Cereal",Progresso,False,12 oz,Grocery,Cereal,Cereal,Dry Grocery,Breakfast & Cereal,Cereal,4.48
grocery,KRG,KRG,KRG-DR-32-0626,"Kroger Frosted Flakes Cereal, 12 oz","Kroger Frosted Flakes Cereal, 12 oz — Cereal",Kroger,True,12 oz,Grocery,Cereal,Cereal,Dry Grocery,Breakfast & Cereal,Cereal,3.33
grocery,KRG,KRG,KRG-DR-32-0627,"Kroger Granola Cereal, 12 oz","Kroger Granola Cereal, 12 oz — Cereal",Kroger,True,12 oz,Grocery,Cereal,Cereal,Dry Grocery,Breakfast & Cereal,Cereal,3.35
grocery,KRG,KRG,KRG-DR-32-0628,"Kroger Toasted Oats Cereal, 18 oz","Kroger Toasted Oats Cereal, 18 oz — Cereal",Kroger,True,18 oz,Grocery,Cereal,Cereal,Dry Grocery,Breakfast & Cereal,Cereal,3.44
grocery,KRG,KRG,KRG-DR-32-0629,"Kroger Corn Flakes Cereal, 18 oz","Kroger Corn Flakes Cereal, 18 oz — Cereal",Kroger,True,18 oz,Grocery,Cereal,Cereal,Dry Grocery,Breakfast & Cereal,Cereal,3.32
grocery,KRG,KRG,KRG-DR-32-0630,"Kroger Raisin Bran Cereal, 18 oz","Kroger Raisin Bran Cereal, 18 oz — Cereal",Kroger,True,18 oz,Grocery,Cereal,Cereal,Dry Grocery,Breakfast & Cereal,Cereal,3.36
grocery,KRG,KRG,KRG-DR-32-0631,"Kroger Frosted Flakes Cereal, 18 oz","Kroger Frosted Flakes Cereal, 18 oz — Cereal",Kroger,True,18 oz,Grocery,Cereal,Cereal,Dry Grocery,Breakfast & Cereal,Cereal,3.25
grocery,KRG,KRG,KRG-DR-32-0632,"Kroger Granola Cereal, 18 oz","Kroger Granola Cereal, 18 oz — Cereal",Kroger,True,18 oz,Grocery,Cereal,Cereal,Dry Grocery,Breakfast & Cereal,Cereal,3.36
grocery,KRG,KRG,KRG-DR-32-0633,"Kroger Toasted Oats Cereal, 12 oz","Kroger Toasted Oats Cereal, 12 oz — Cereal",Kroger,True,12 oz,Grocery,Cereal,Cereal,Dry Grocery,Breakfast & Cereal,Cereal,3.55
grocery,KRG,KRG,KRG-DR-32-0634,"Kroger Corn Flakes Cereal, 12 oz","Kroger Corn Flakes Cereal, 12 oz — Cereal",Kroger,True,12 oz,Grocery,Cereal,Cereal,Dry Grocery,Breakfast & Cereal,Cereal,3.55
grocery,KRG,KRG,KRG-DR-32-0635,"Kroger Raisin Bran Cereal, 12 oz","Kroger Raisin Bran Cereal, 12 oz — Cereal",Kroger,True,12 oz,Grocery,Cereal,Cereal,Dry Grocery,Breakfast & Cereal,Cereal,3.37
grocery,KRG,KRG,KRG-DR-32-0636,"Kroger Frosted Flakes Cereal, 12 oz","Kroger Frosted Flakes Cereal, 12 oz — Cereal",Kroger,True,12 oz,Grocery,Cereal,Cereal,Dry Grocery,Breakfast & Cereal,Cereal,3.44
grocery,KRG,KRG,KRG-DR-32-0637,"Kroger Granola Cereal, 12 oz","Kroger Granola Cereal, 12 oz — Cereal",Kroger,True,12 oz,Grocery,Cereal,Cereal,Dry Grocery,Breakfast & Cereal,Cereal,3.72
grocery,KRG,KRG,KRG-DR-33-0638,"Barilla Old Fashioned Oats Oatmeal, 18 oz","Barilla Old Fashioned Oats Oatmeal, 18 oz — Oatmeal & Hot Cereal",Barilla,False,18 oz,Grocery,Cereal,Oatmeal & Hot Cereal,Dry Grocery,Breakfast & Cereal,Oatmeal & Hot Cereal,3.6
grocery,KRG,KRG,KRG-DR-33-0639,"Barilla Quick Oats Oatmeal, 18 oz","Barilla Quick Oats Oatmeal, 18 oz — Oatmeal & Hot Cereal",Barilla,False,18 oz,Grocery,Cereal,Oatmeal & Hot Cereal,Dry Grocery,Breakfast & Cereal,Oatmeal & Hot Cereal,3.85
grocery,KRG,KRG,KRG-DR-33-0640,"Barilla Instant Oatmeal Oatmeal, 18 oz","Barilla Instant Oatmeal Oatmeal, 18 oz — Oatmeal & Hot Cereal",Barilla,False,18 oz,Grocery,Cereal,Oatmeal & Hot Cereal,Dry Grocery,Breakfast & Cereal,Oatmeal & Hot Cereal,3.94
grocery,KRG,KRG,KRG-DR-33-0641,"Barilla Old Fashioned Oats Oatmeal, 42 oz","Barilla Old Fashioned Oats Oatmeal, 42 oz — Oatmeal & Hot Cereal",Barilla,False,42 oz,Grocery,Cereal,Oatmeal & Hot Cereal,Dry Grocery,Breakfast & Cereal,Oatmeal & Hot Cereal,3.85
grocery,KRG,KRG,KRG-DR-33-0642,"Barilla Quick Oats Oatmeal, 42 oz","Barilla Quick Oats Oatmeal, 42 oz — Oatmeal & Hot Cereal",Barilla,False,42 oz,Grocery,Cereal,Oatmeal & Hot Cereal,Dry Grocery,Breakfast & Cereal,Oatmeal & Hot Cereal,3.98
grocery,KRG,KRG,KRG-DR-33-0643,"Barilla Instant Oatmeal Oatmeal, 42 oz","Barilla Instant Oatmeal Oatmeal, 42 oz — Oatmeal & Hot Cereal",Barilla,False,42 oz,Grocery,Cereal,Oatmeal & Hot Cereal,Dry Grocery,Breakfast & Cereal,Oatmeal & Hot Cereal,4.13
grocery,KRG,KRG,KRG-DR-33-0644,"Prego Old Fashioned Oats Oatmeal, 18 oz","Prego Old Fashioned Oats Oatmeal, 18 oz — Oatmeal & Hot Cereal",Prego,False,18 oz,Grocery,Cereal,Oatmeal & Hot Cereal,Dry Grocery,Breakfast & Cereal,Oatmeal & Hot Cereal,4.23
grocery,KRG,KRG,KRG-DR-33-0645,"Prego Quick Oats Oatmeal, 18 oz","Prego Quick Oats Oatmeal, 18 oz — Oatmeal & Hot Cereal",Prego,False,18 oz,Grocery,Cereal,Oatmeal & Hot Cereal,Dry Grocery,Breakfast & Cereal,Oatmeal & Hot Cereal,4.27
grocery,KRG,KRG,KRG-DR-33-0646,"Prego Instant Oatmeal Oatmeal, 18 oz","Prego Instant Oatmeal Oatmeal, 18 oz — Oatmeal & Hot Cereal",Prego,False,18 oz,Grocery,Cereal,Oatmeal & Hot Cereal,Dry Grocery,Breakfast & Cereal,Oatmeal & Hot Cereal,4.31
grocery,KRG,KRG,KRG-DR-33-0647,"Prego Old Fashioned Oats Oatmeal, 42 oz","Prego Old Fashioned Oats Oatmeal, 42 oz — Oatmeal & Hot Cereal",Prego,False,42 oz,Grocery,Cereal,Oatmeal & Hot Cereal,Dry Grocery,Breakfast & Cereal,Oatmeal & Hot Cereal,4.35
grocery,KRG,KRG,KRG-DR-33-0648,"Prego Quick Oats Oatmeal, 42 oz","Prego Quick Oats Oatmeal, 42 oz — Oatmeal & Hot Cereal",Prego,False,42 oz,Grocery,Cereal,Oatmeal & Hot Cereal,Dry Grocery,Breakfast & Cereal,Oatmeal & Hot Cereal,4.29
grocery,KRG,KRG,KRG-DR-33-0649,"Kroger Instant Oatmeal Oatmeal, 42 oz","Kroger Instant Oatmeal Oatmeal, 42 oz — Oatmeal & Hot Cereal",Kroger,True,42 oz,Grocery,Cereal,Oatmeal & Hot Cereal,Dry Grocery,Breakfast & Cereal,Oatmeal & Hot Cereal,3.34
grocery,KRG,KRG,KRG-DR-33-0650,"Kroger Old Fashioned Oats Oatmeal, 18 oz","Kroger Old Fashioned Oats Oatmeal, 18 oz — Oatmeal & Hot Cereal",Kroger,True,18 oz,Grocery,Cereal,Oatmeal & Hot Cereal,Dry Grocery,Breakfast & Cereal,Oatmeal & Hot Cereal,3.45
grocery,KRG,KRG,KRG-DR-33-0651,"Kroger Quick Oats Oatmeal, 18 oz","Kroger Quick Oats Oatmeal, 18 oz — Oatmeal & Hot Cereal",Kroger,True,18 oz,Grocery,Cereal,Oatmeal & Hot Cereal,Dry Grocery,Breakfast & Cereal,Oatmeal & Hot Cereal,3.69
grocery,KRG,KRG,KRG-DR-33-0652,"Kroger Instant Oatmeal Oatmeal, 18 oz","Kroger Instant Oatmeal Oatmeal, 18 oz — Oatmeal & Hot Cereal",Kroger,True,18 oz,Grocery,Cereal,Oatmeal & Hot Cereal,Dry Grocery,Breakfast & Cereal,Oatmeal & Hot Cereal,3.5
grocery,KRG,KRG,KRG-DR-33-0653,"Kroger Old Fashioned Oats Oatmeal, 42 oz","Kroger Old Fashioned Oats Oatmeal, 42 oz — Oatmeal & Hot Cereal",Kroger,True,42 oz,Grocery,Cereal,Oatmeal & Hot Cereal,Dry Grocery,Breakfast & Cereal,Oatmeal & Hot Cereal,3.66
grocery,KRG,KRG,KRG-DR-33-0654,"Kroger Quick Oats Oatmeal, 42 oz","Kroger Quick Oats Oatmeal, 42 oz — Oatmeal & Hot Cereal",Kroger,True,42 oz,Grocery,Cereal,Oatmeal & Hot Cereal,Dry Grocery,Breakfast & Cereal,Oatmeal & Hot Cereal,3.54
grocery,KRG,KRG,KRG-DR-33-0655,"Kroger Instant Oatmeal Oatmeal, 42 oz","Kroger Instant Oatmeal Oatmeal, 42 oz — Oatmeal & Hot Cereal",Kroger,True,42 oz,Grocery,Cereal,Oatmeal & Hot Cereal,Dry Grocery,Breakfast & Cereal,Oatmeal & Hot Cereal,3.67
grocery,KRG,KRG,KRG-DR-34-0656,"Barilla Ground Medium Roast Coffee, 12 oz","Barilla Ground Medium Roast Coffee, 12 oz — Coffee",Barilla,False,12 oz,Grocery,Coffee,Coffee,Dry Grocery,Coffee & Tea,Coffee,7.59
grocery,KRG,KRG,KRG-DR-34-0657,"Barilla Dark Roast Coffee, 12 oz","Barilla Dark Roast Coffee, 12 oz — Coffee",Barilla,False,12 oz,Grocery,Coffee,Coffee,Dry Grocery,Coffee & Tea,Coffee,7.16
grocery,KRG,KRG,KRG-DR-34-0658,"Barilla K-Cups Coffee, 12 oz","Barilla K-Cups Coffee, 12 oz — Coffee",Barilla,False,12 oz,Grocery,Coffee,Coffee,Dry Grocery,Coffee & Tea,Coffee,7.5
grocery,KRG,KRG,KRG-DR-34-0659,"Barilla Whole Bean Coffee, 12 oz","Barilla Whole Bean Coffee, 12 oz — Coffee",Barilla,False,12 oz,Grocery,Coffee,Coffee,Dry Grocery,Coffee & Tea,Coffee,7.78
grocery,KRG,KRG,KRG-DR-34-0660,"Barilla Ground Medium Roast Coffee, 24 oz","Barilla Ground Medium Roast Coffee, 24 oz — Coffee",Barilla,False,24 oz,Grocery,Coffee,Coffee,Dry Grocery,Coffee & Tea,Coffee,7.43
grocery,KRG,KRG,KRG-DR-34-0661,"Barilla Dark Roast Coffee, 24 oz","Barilla Dark Roast Coffee, 24 oz — Coffee",Barilla,False,24 oz,Grocery,Coffee,Coffee,Dry Grocery,Coffee & Tea,Coffee,7.51
grocery,KRG,KRG,KRG-DR-34-0662,"Barilla K-Cups Coffee, 24 oz","Barilla K-Cups Coffee, 24 oz — Coffee",Barilla,False,24 oz,Grocery,Coffee,Coffee,Dry Grocery,Coffee & Tea,Coffee,7.7
grocery,KRG,KRG,KRG-DR-34-0663,"Barilla Whole Bean Coffee, 24 oz","Barilla Whole Bean Coffee, 24 oz — Coffee",Barilla,False,24 oz,Grocery,Coffee,Coffee,Dry Grocery,Coffee & Tea,Coffee,7.99
grocery,KRG,KRG,KRG-DR-34-0664,"Prego K-Cups Coffee, 12 oz","Prego K-Cups Coffee, 12 oz — Coffee",Prego,False,12 oz,Grocery,Coffee,Coffee,Dry Grocery,Coffee & Tea,Coffee,7.92
grocery,KRG,KRG,KRG-DR-34-0665,"Prego Dark Roast Coffee, 24 oz","Prego Dark Roast Coffee, 24 oz — Coffee",Prego,False,24 oz,Grocery,Coffee,Coffee,Dry Grocery,Coffee & Tea,Coffee,8.44
grocery,KRG,KRG,KRG-DR-34-0666,"Prego K-Cups Coffee, 24 oz","Prego K-Cups Coffee, 24 oz — Coffee",Prego,False,24 oz,Grocery,Coffee,Coffee,Dry Grocery,Coffee & Tea,Coffee,8.84
grocery,KRG,KRG,KRG-DR-34-0667,"Prego Whole Bean Coffee, 24 oz","Prego Whole Bean Coffee, 24 oz — Coffee",Prego,False,24 oz,Grocery,Coffee,Coffee,Dry Grocery,Coffee & Tea,Coffee,8.75
grocery,KRG,KRG,KRG-DR-34-0668,"Progresso Ground Medium Roast Coffee, 12 oz","Progresso Ground Medium Roast Coffee, 12 oz — Coffee",Progresso,False,12 oz,Grocery,Coffee,Coffee,Dry Grocery,Coffee & Tea,Coffee,9.25
grocery,KRG,KRG,KRG-DR-34-0669,"Progresso Dark Roast Coffee, 12 oz","Progresso Dark Roast Coffee, 12 oz — Coffee",Progresso,False,12 oz,Grocery,Coffee,Coffee,Dry Grocery,Coffee & Tea,Coffee,8.9
grocery,KRG,KRG,KRG-DR-34-0670,"Progresso K-Cups Coffee, 12 oz","Progresso K-Cups Coffee, 12 oz — Coffee",Progresso,False,12 oz,Grocery,Coffee,Coffee,Dry Grocery,Coffee & Tea,Coffee,8.61
grocery,KRG,KRG,KRG-DR-34-0671,"Kroger Dark Roast Coffee, 24 oz","Kroger Dark Roast Coffee, 24 oz — Coffee",Kroger,True,24 oz,Grocery,Coffee,Coffee,Dry Grocery,Coffee & Tea,Coffee,6.89
grocery,KRG,KRG,KRG-DR-34-0672,"Kroger K-Cups Coffee, 24 oz","Kroger K-Cups Coffee, 24 oz — Coffee",Kroger,True,24 oz,Grocery,Coffee,Coffee,Dry Grocery,Coffee & Tea,Coffee,7.22
grocery,KRG,KRG,KRG-DR-34-0673,"Kroger Whole Bean Coffee, 24 oz","Kroger Whole Bean Coffee, 24 oz — Coffee",Kroger,True,24 oz,Grocery,Coffee,Coffee,Dry Grocery,Coffee & Tea,Coffee,7.3
grocery,KRG,KRG,KRG-DR-34-0674,"Kroger K-Cups Coffee, 12 oz","Kroger K-Cups Coffee, 12 oz — Coffee",Kroger,True,12 oz,Grocery,Coffee,Coffee,Dry Grocery,Coffee & Tea,Coffee,7.65
grocery,KRG,KRG,KRG-DR-34-0675,"Kroger Whole Bean Coffee, 12 oz","Kroger Whole Bean Coffee, 12 oz — Coffee",Kroger,True,12 oz,Grocery,Coffee,Coffee,Dry Grocery,Coffee & Tea,Coffee,7.6
grocery,KRG,KRG,KRG-DR-35-0676,"Barilla All-Purpose Flour Baking, 4 lb","Barilla All-Purpose Flour Baking, 4 lb — Baking Staples",Barilla,False,4 lb,Grocery,Baking,Baking Staples,Dry Grocery,Baking,Baking Staples,2.64
grocery,KRG,KRG,KRG-DR-35-0677,"Barilla Baking Soda Baking, 4 lb","Barilla Baking Soda Baking, 4 lb — Baking Staples",Barilla,False,4 lb,Grocery,Baking,Baking Staples,Dry Grocery,Baking,Baking Staples,2.72
grocery,KRG,KRG,KRG-DR-35-0678,"Barilla Cake Mix Baking, 4 lb","Barilla Cake Mix Baking, 4 lb — Baking Staples",Barilla,False,4 lb,Grocery,Baking,Baking Staples,Dry Grocery,Baking,Baking Staples,2.72
grocery,KRG,KRG,KRG-DR-35-0679,"Barilla Granulated Sugar Baking, 2 lb","Barilla Granulated Sugar Baking, 2 lb — Baking Staples",Barilla,False,2 lb,Grocery,Baking,Baking Staples,Dry Grocery,Baking,Baking Staples,2.79
grocery,KRG,KRG,KRG-DR-35-0680,"Barilla Brown Sugar Baking, 2 lb","Barilla Brown Sugar Baking, 2 lb — Baking Staples",Barilla,False,2 lb,Grocery,Baking,Baking Staples,Dry Grocery,Baking,Baking Staples,2.93
grocery,KRG,KRG,KRG-DR-35-0681,"Barilla Baking Soda Baking, 2 lb","Barilla Baking Soda Baking, 2 lb — Baking Staples",Barilla,False,2 lb,Grocery,Baking,Baking Staples,Dry Grocery,Baking,Baking Staples,2.86
grocery,KRG,KRG,KRG-DR-35-0682,"Barilla All-Purpose Flour Baking, 1 lb","Barilla All-Purpose Flour Baking, 1 lb — Baking Staples",Barilla,False,1 lb,Grocery,Baking,Baking Staples,Dry Grocery,Baking,Baking Staples,3.12
grocery,KRG,KRG,KRG-DR-35-0683,"Barilla Brown Sugar Baking, 1 lb","Barilla Brown Sugar Baking, 1 lb — Baking Staples",Barilla,False,1 lb,Grocery,Baking,Baking Staples,Dry Grocery,Baking,Baking Staples,3.23
grocery,KRG,KRG,KRG-DR-35-0684,"Kroger Granulated Sugar Baking, 4 lb","Kroger Granulated Sugar Baking, 4 lb — Baking Staples",Kroger,True,4 lb,Grocery,Baking,Baking Staples,Dry Grocery,Baking,Baking Staples,2.35
grocery,KRG,KRG,KRG-DR-35-0685,"Kroger Brown Sugar Baking, 4 lb","Kroger Brown Sugar Baking, 4 lb — Baking Staples",Kroger,True,4 lb,Grocery,Baking,Baking Staples,Dry Grocery,Baking,Baking Staples,2.4
grocery,KRG,KRG,KRG-DR-35-0686,"Kroger Baking Soda Baking, 4 lb","Kroger Baking Soda Baking, 4 lb — Baking Staples",Kroger,True,4 lb,Grocery,Baking,Baking Staples,Dry Grocery,Baking,Baking Staples,2.45
grocery,KRG,KRG,KRG-DR-35-0687,"Kroger All-Purpose Flour Baking, 2 lb","Kroger All-Purpose Flour Baking, 2 lb — Baking Staples",Kroger,True,2 lb,Grocery,Baking,Baking Staples,Dry Grocery,Baking,Baking Staples,2.58
grocery,KRG,KRG,KRG-DR-35-0688,"Kroger Granulated Sugar Baking, 2 lb","Kroger Granulated Sugar Baking, 2 lb — Baking Staples",Kroger,True,2 lb,Grocery,Baking,Baking Staples,Dry Grocery,Baking,Baking Staples,2.54
grocery,KRG,KRG,KRG-DR-35-0689,"Kroger All-Purpose Flour Baking, 1 lb","Kroger All-Purpose Flour Baking, 1 lb — Baking Staples",Kroger,True,1 lb,Grocery,Baking,Baking Staples,Dry Grocery,Baking,Baking Staples,2.6
grocery,KRG,KRG,KRG-DR-35-0690,"Kroger Brown Sugar Baking, 1 lb","Kroger Brown Sugar Baking, 1 lb — Baking Staples",Kroger,True,1 lb,Grocery,Baking,Baking Staples,Dry Grocery,Baking,Baking Staples,2.63
grocery,KRG,KRG,KRG-DR-36-0691,"Barilla Ketchup Condiment, 16 oz","Barilla Ketchup Condiment, 16 oz — Condiments & Dressings",Barilla,False,16 oz,Grocery,Condiments,Condiments & Dressings,Dry Grocery,Condiments,Condiments & Dressings,2.77
grocery,KRG,KRG,KRG-DR-36-0692,"Barilla Mayonnaise Condiment, 16 oz","Barilla Mayonnaise Condiment, 16 oz — Condiments & Dressings",Barilla,False,16 oz,Grocery,Condiments,Condiments & Dressings,Dry Grocery,Condiments,Condiments & Dressings,2.86
grocery,KRG,KRG,KRG-DR-36-0693,"Barilla Mustard Condiment, 16 oz","Barilla Mustard Condiment, 16 oz — Condiments & Dressings",Barilla,False,16 oz,Grocery,Condiments,Condiments & Dressings,Dry Grocery,Condiments,Condiments & Dressings,2.9
grocery,KRG,KRG,KRG-DR-36-0694,"Barilla Ranch Dressing Condiment, 16 oz","Barilla Ranch Dressing Condiment, 16 oz — Condiments & Dressings",Barilla,False,16 oz,Grocery,Condiments,Condiments & Dressings,Dry Grocery,Condiments,Condiments & Dressings,3.11
grocery,KRG,KRG,KRG-DR-36-0695,"Barilla BBQ Sauce Condiment, 16 oz","Barilla BBQ Sauce Condiment, 16 oz — Condiments & Dressings",Barilla,False,16 oz,Grocery,Condiments,Condiments & Dressings,Dry Grocery,Condiments,Condiments & Dressings,3.01
grocery,KRG,KRG,KRG-DR-36-0696,"Barilla Italian Dressing Condiment, 16 oz","Barilla Italian Dressing Condiment, 16 oz — Condiments & Dressings",Barilla,False,16 oz,Grocery,Condiments,Condiments & Dressings,Dry Grocery,Condiments,Condiments & Dressings,2.99
grocery,KRG,KRG,KRG-DR-36-0697,"Barilla Ketchup Condiment, 20 oz","Barilla Ketchup Condiment, 20 oz — Condiments & Dressings",Barilla,False,20 oz,Grocery,Condiments,Condiments & Dressings,Dry Grocery,Condiments,Condiments & Dressings,3.13
grocery,KRG,KRG,KRG-DR-36-0698,"Barilla Mayonnaise Condiment, 20 oz","Barilla Mayonnaise Condiment, 20 oz — Condiments & Dressings",Barilla,False,20 oz,Grocery,Condiments,Condiments & Dressings,Dry Grocery,Condiments,Condiments & Dressings,3.26
grocery,KRG,KRG,KRG-DR-36-0699,"Barilla Mustard Condiment, 20 oz","Barilla Mustard Condiment, 20 oz — Condiments & Dressings",Barilla,False,20 oz,Grocery,Condiments,Condiments & Dressings,Dry Grocery,Condiments,Condiments & Dressings,3.13
grocery,KRG,KRG,KRG-DR-36-0700,"Barilla Ranch Dressing Condiment, 20 oz","Barilla Ranch Dressing Condiment, 20 oz — Condiments & Dressings",Barilla,False,20 oz,Grocery,Condiments,Condiments & Dressings,Dry Grocery,Condiments,Condiments & Dressings,3.2
grocery,KRG,KRG,KRG-DR-36-0701,"Barilla BBQ Sauce Condiment, 20 oz","Barilla BBQ Sauce Condiment, 20 oz — Condiments & Dressings",Barilla,False,20 oz,Grocery,Condiments,Condiments & Dressings,Dry Grocery,Condiments,Condiments & Dressings,3.29
grocery,KRG,KRG,KRG-DR-36-0702,"Barilla Italian Dressing Condiment, 20 oz","Barilla Italian Dressing Condiment, 20 oz — Condiments & Dressings",Barilla,False,20 oz,Grocery,Condiments,Condiments & Dressings,Dry Grocery,Condiments,Condiments & Dressings,3.25
grocery,KRG,KRG,KRG-DR-36-0703,"Prego Ketchup Condiment, 16 oz","Prego Ketchup Condiment, 16 oz — Condiments & Dressings",Prego,False,16 oz,Grocery,Condiments,Condiments & Dressings,Dry Grocery,Condiments,Condiments & Dressings,3.35
grocery,KRG,KRG,KRG-DR-36-0704,"Prego Mayonnaise Condiment, 16 oz","Prego Mayonnaise Condiment, 16 oz — Condiments & Dressings",Prego,False,16 oz,Grocery,Condiments,Condiments & Dressings,Dry Grocery,Condiments,Condiments & Dressings,3.37
grocery,KRG,KRG,KRG-DR-36-0705,"Prego Mustard Condiment, 16 oz","Prego Mustard Condiment, 16 oz — Condiments & Dressings",Prego,False,16 oz,Grocery,Condiments,Condiments & Dressings,Dry Grocery,Condiments,Condiments & Dressings,3.46
grocery,KRG,KRG,KRG-DR-36-0706,"Prego Ranch Dressing Condiment, 16 oz","Prego Ranch Dressing Condiment, 16 oz — Condiments & Dressings",Prego,False,16 oz,Grocery,Condiments,Condiments & Dressings,Dry Grocery,Condiments,Condiments & Dressings,3.34
grocery,KRG,KRG,KRG-DR-36-0707,"Prego BBQ Sauce Condiment, 16 oz","Prego BBQ Sauce Condiment, 16 oz — Condiments & Dressings",Prego,False,16 oz,Grocery,Condiments,Condiments & Dressings,Dry Grocery,Condiments,Condiments & Dressings,3.45
grocery,KRG,KRG,KRG-DR-36-0708,"Prego Italian Dressing Condiment, 16 oz","Prego Italian Dressing Condiment, 16 oz — Condiments & Dressings",Prego,False,16 oz,Grocery,Condiments,Condiments & Dressings,Dry Grocery,Condiments,Condiments & Dressings,3.6
grocery,KRG,KRG,KRG-DR-36-0709,"Prego Ketchup Condiment, 20 oz","Prego Ketchup Condiment, 20 oz — Condiments & Dressings",Prego,False,20 oz,Grocery,Condiments,Condiments & Dressings,Dry Grocery,Condiments,Condiments & Dressings,3.5
grocery,KRG,KRG,KRG-DR-36-0710,"Kroger Mayonnaise Condiment, 20 oz","Kroger Mayonnaise Condiment, 20 oz — Condiments & Dressings",Kroger,True,20 oz,Grocery,Condiments,Condiments & Dressings,Dry Grocery,Condiments,Condiments & Dressings,2.54
grocery,KRG,KRG,KRG-DR-36-0711,"Kroger Mustard Condiment, 20 oz","Kroger Mustard Condiment, 20 oz — Condiments & Dressings",Kroger,True,20 oz,Grocery,Condiments,Condiments & Dressings,Dry Grocery,Condiments,Condiments & Dressings,2.6
grocery,KRG,KRG,KRG-DR-36-0712,"Kroger Ranch Dressing Condiment, 20 oz","Kroger Ranch Dressing Condiment, 20 oz — Condiments & Dressings",Kroger,True,20 oz,Grocery,Condiments,Condiments & Dressings,Dry Grocery,Condiments,Condiments & Dressings,2.8
grocery,KRG,KRG,KRG-DR-36-0713,"Kroger BBQ Sauce Condiment, 20 oz","Kroger BBQ Sauce Condiment, 20 oz — Condiments & Dressings",Kroger,True,20 oz,Grocery,Condiments,Condiments & Dressings,Dry Grocery,Condiments,Condiments & Dressings,2.78
grocery,KRG,KRG,KRG-DR-36-0714,"Kroger Italian Dressing Condiment, 20 oz","Kroger Italian Dressing Condiment, 20 oz — Condiments & Dressings",Kroger,True,20 oz,Grocery,Condiments,Condiments & Dressings,Dry Grocery,Condiments,Condiments & Dressings,2.64
grocery,KRG,KRG,KRG-DR-36-0715,"Kroger Ketchup Condiment, 16 oz","Kroger Ketchup Condiment, 16 oz — Condiments & Dressings",Kroger,True,16 oz,Grocery,Condiments,Condiments & Dressings,Dry Grocery,Condiments,Condiments & Dressings,2.84
grocery,KRG,KRG,KRG-DR-36-0716,"Kroger Mayonnaise Condiment, 16 oz","Kroger Mayonnaise Condiment, 16 oz — Condiments & Dressings",Kroger,True,16 oz,Grocery,Condiments,Condiments & Dressings,Dry Grocery,Condiments,Condiments & Dressings,2.76
grocery,KRG,KRG,KRG-DR-36-0717,"Kroger Mustard Condiment, 16 oz","Kroger Mustard Condiment, 16 oz — Condiments & Dressings",Kroger,True,16 oz,Grocery,Condiments,Condiments & Dressings,Dry Grocery,Condiments,Condiments & Dressings,2.81
grocery,KRG,KRG,KRG-DR-36-0718,"Kroger Ranch Dressing Condiment, 16 oz","Kroger Ranch Dressing Condiment, 16 oz — Condiments & Dressings",Kroger,True,16 oz,Grocery,Condiments,Condiments & Dressings,Dry Grocery,Condiments,Condiments & Dressings,2.79
grocery,KRG,KRG,KRG-DR-36-0719,"Kroger BBQ Sauce Condiment, 16 oz","Kroger BBQ Sauce Condiment, 16 oz — Condiments & Dressings",Kroger,True,16 oz,Grocery,Condiments,Condiments & Dressings,Dry Grocery,Condiments,Condiments & Dressings,2.71
grocery,KRG,KRG,KRG-DR-36-0720,"Kroger Italian Dressing Condiment, 16 oz","Kroger Italian Dressing Condiment, 16 oz — Condiments & Dressings",Kroger,True,16 oz,Grocery,Condiments,Condiments & Dressings,Dry Grocery,Condiments,Condiments & Dressings,2.74
grocery,KRG,KRG,KRG-DR-36-0721,"Kroger Ketchup Condiment, 20 oz","Kroger Ketchup Condiment, 20 oz — Condiments & Dressings",Kroger,True,20 oz,Grocery,Condiments,Condiments & Dressings,Dry Grocery,Condiments,Condiments & Dressings,2.93
grocery,KRG,KRG,KRG-DR-36-0722,"Kroger Mayonnaise Condiment, 20 oz","Kroger Mayonnaise Condiment, 20 oz — Condiments & Dressings",Kroger,True,20 oz,Grocery,Condiments,Condiments & Dressings,Dry Grocery,Condiments,Condiments & Dressings,3.05
grocery,KRG,KRG,KRG-FR-48-0954,"Stouffer's Lasagna Frozen Meal, 10 oz","Stouffer's Lasagna Frozen Meal, 10 oz — Frozen Entrees",Stouffer's,False,10 oz,Frozen,Frozen Meals,Frozen Entrees,Frozen,Frozen Meals,Frozen Entrees,3.97
grocery,KRG,KRG,KRG-FR-48-0955,"Stouffer's Chicken Alfredo Frozen Meal, 10 oz","Stouffer's Chicken Alfredo Frozen Meal, 10 oz — Frozen Entrees",Stouffer's,False,10 oz,Frozen,Frozen Meals,Frozen Entrees,Frozen,Frozen Meals,Frozen Entrees,3.91
grocery,KRG,KRG,KRG-FR-48-0956,"Stouffer's Bowls Frozen Meal, 10 oz","Stouffer's Bowls Frozen Meal, 10 oz — Frozen Entrees",Stouffer's,False,10 oz,Frozen,Frozen Meals,Frozen Entrees,Frozen,Frozen Meals,Frozen Entrees,4.08
grocery,KRG,KRG,KRG-FR-48-0957,"Stouffer's Pot Pie Frozen Meal, 10 oz","Stouffer's Pot Pie Frozen Meal, 10 oz — Frozen Entrees",Stouffer's,False,10 oz,Frozen,Frozen Meals,Frozen Entrees,Frozen,Frozen Meals,Frozen Entrees,3.96
grocery,KRG,KRG,KRG-FR-48-0958,"Stouffer's Lasagna Frozen Meal, family size","Stouffer's Lasagna Frozen Meal, family size — Frozen Entrees",Stouffer's,False,family size,Frozen,Frozen Meals,Frozen Entrees,Frozen,Frozen Meals,Frozen Entrees,3.84
grocery,KRG,KRG,KRG-FR-48-0959,"Stouffer's Chicken Alfredo Frozen Meal, family size","Stouffer's Chicken Alfredo Frozen Meal, family size — Frozen Entrees",Stouffer's,False,family size,Frozen,Frozen Meals,Frozen Entrees,Frozen,Frozen Meals,Frozen Entrees,4.01
grocery,KRG,KRG,KRG-FR-48-0960,"Stouffer's Bowls Frozen Meal, family size","Stouffer's Bowls Frozen Meal, family size — Frozen Entrees",Stouffer's,False,family size,Frozen,Frozen Meals,Frozen Entrees,Frozen,Frozen Meals,Frozen Entrees,3.9
grocery,KRG,KRG,KRG-FR-48-0961,"Stouffer's Pot Pie Frozen Meal, family size","Stouffer's Pot Pie Frozen Meal, family size — Frozen Entrees",Stouffer's,False,family size,Frozen,Frozen Meals,Frozen Entrees,Frozen,Frozen Meals,Frozen Entrees,4.18
grocery,KRG,KRG,KRG-FR-48-0962,"DiGiorno Lasagna Frozen Meal, 10 oz","DiGiorno Lasagna Frozen Meal, 10 oz — Frozen Entrees",DiGiorno,False,10 oz,Frozen,Frozen Meals,Frozen Entrees,Frozen,Frozen Meals,Frozen Entrees,4.23
grocery,KRG,KRG,KRG-FR-48-0963,"DiGiorno Chicken Alfredo Frozen Meal, 10 oz","DiGiorno Chicken Alfredo Frozen Meal, 10 oz — Frozen Entrees",DiGiorno,False,10 oz,Frozen,Frozen Meals,Frozen Entrees,Frozen,Frozen Meals,Frozen Entrees,4.22
grocery,KRG,KRG,KRG-FR-48-0964,"DiGiorno Bowls Frozen Meal, 10 oz","DiGiorno Bowls Frozen Meal, 10 oz — Frozen Entrees",DiGiorno,False,10 oz,Frozen,Frozen Meals,Frozen Entrees,Frozen,Frozen Meals,Frozen Entrees,4.33
grocery,KRG,KRG,KRG-FR-48-0965,"DiGiorno Pot Pie Frozen Meal, 10 oz","DiGiorno Pot Pie Frozen Meal, 10 oz — Frozen Entrees",DiGiorno,False,10 oz,Frozen,Frozen Meals,Frozen Entrees,Frozen,Frozen Meals,Frozen Entrees,4.19
grocery,KRG,KRG,KRG-FR-48-0966,"DiGiorno Lasagna Frozen Meal, family size","DiGiorno Lasagna Frozen Meal, family size — Frozen Entrees",DiGiorno,False,family size,Frozen,Frozen Meals,Frozen Entrees,Frozen,Frozen Meals,Frozen Entrees,4.24
grocery,KRG,KRG,KRG-FR-48-0967,"DiGiorno Chicken Alfredo Frozen Meal, family size","DiGiorno Chicken Alfredo Frozen Meal, family size — Frozen Entrees",DiGiorno,False,family size,Frozen,Frozen Meals,Frozen Entrees,Frozen,Frozen Meals,Frozen Entrees,4.49
grocery,KRG,KRG,KRG-FR-48-0968,"DiGiorno Bowls Frozen Meal, family size","DiGiorno Bowls Frozen Meal, family size — Frozen Entrees",DiGiorno,False,family size,Frozen,Frozen Meals,Frozen Entrees,Frozen,Frozen Meals,Frozen Entrees,4.45
grocery,KRG,KRG,KRG-FR-48-0969,"DiGiorno Pot Pie Frozen Meal, family size","DiGiorno Pot Pie Frozen Meal, family size — Frozen Entrees",DiGiorno,False,family size,Frozen,Frozen Meals,Frozen Entrees,Frozen,Frozen Meals,Frozen Entrees,4.5
grocery,KRG,KRG,KRG-FR-48-0970,"Ben & Jerry's Lasagna Frozen Meal, 10 oz","Ben & Jerry's Lasagna Frozen Meal, 10 oz — Frozen Entrees",Ben & Jerry's,False,10 oz,Frozen,Frozen Meals,Frozen Entrees,Frozen,Frozen Meals,Frozen Entrees,4.72
grocery,KRG,KRG,KRG-FR-48-0971,"Ben & Jerry's Chicken Alfredo Frozen Meal, 10 oz","Ben & Jerry's Chicken Alfredo Frozen Meal, 10 oz — Frozen Entrees",Ben & Jerry's,False,10 oz,Frozen,Frozen Meals,Frozen Entrees,Frozen,Frozen Meals,Frozen Entrees,4.72
grocery,KRG,KRG,KRG-FR-48-0972,"Ben & Jerry's Bowls Frozen Meal, 10 oz","Ben & Jerry's Bowls Frozen Meal, 10 oz — Frozen Entrees",Ben & Jerry's,False,10 oz,Frozen,Frozen Meals,Frozen Entrees,Frozen,Frozen Meals,Frozen Entrees,4.52
grocery,KRG,KRG,KRG-FR-48-0973,"Ben & Jerry's Pot Pie Frozen Meal, 10 oz","Ben & Jerry's Pot Pie Frozen Meal, 10 oz — Frozen Entrees",Ben & Jerry's,False,10 oz,Frozen,Frozen Meals,Frozen Entrees,Frozen,Frozen Meals,Frozen Entrees,4.79
grocery,KRG,KRG,KRG-FR-48-0974,"Ben & Jerry's Lasagna Frozen Meal, family size","Ben & Jerry's Lasagna Frozen Meal, family size — Frozen Entrees",Ben & Jerry's,False,family size,Frozen,Frozen Meals,Frozen Entrees,Frozen,Frozen Meals,Frozen Entrees,4.59
grocery,KRG,KRG,KRG-FR-48-0975,"Kroger Chicken Alfredo Frozen Meal, family size","Kroger Chicken Alfredo Frozen Meal, family size — Frozen Entrees",Kroger,True,family size,Frozen,Frozen Meals,Frozen Entrees,Frozen,Frozen Meals,Frozen Entrees,3.63
grocery,KRG,KRG,KRG-FR-48-0976,"Kroger Bowls Frozen Meal, family size","Kroger Bowls Frozen Meal, family size — Frozen Entrees",Kroger,True,family size,Frozen,Frozen Meals,Frozen Entrees,Frozen,Frozen Meals,Frozen Entrees,3.62
grocery,KRG,KRG,KRG-FR-48-0977,"Kroger Pot Pie Frozen Meal, family size","Kroger Pot Pie Frozen Meal, family size — Frozen Entrees",Kroger,True,family size,Frozen,Frozen Meals,Frozen Entrees,Frozen,Frozen Meals,Frozen Entrees,3.51
grocery,KRG,KRG,KRG-FR-48-0978,"Kroger Lasagna Frozen Meal, 10 oz","Kroger Lasagna Frozen Meal, 10 oz — Frozen Entrees",Kroger,True,10 oz,Frozen,Frozen Meals,Frozen Entrees,Frozen,Frozen Meals,Frozen Entrees,3.69
grocery,KRG,KRG,KRG-FR-48-0979,"Kroger Chicken Alfredo Frozen Meal, 10 oz","Kroger Chicken Alfredo Frozen Meal, 10 oz — Frozen Entrees",Kroger,True,10 oz,Frozen,Frozen Meals,Frozen Entrees,Frozen,Frozen Meals,Frozen Entrees,3.57
grocery,KRG,KRG,KRG-FR-48-0980,"Kroger Bowls Frozen Meal, 10 oz","Kroger Bowls Frozen Meal, 10 oz — Frozen Entrees",Kroger,True,10 oz,Frozen,Frozen Meals,Frozen Entrees,Frozen,Frozen Meals,Frozen Entrees,3.88
grocery,KRG,KRG,KRG-FR-48-0981,"Kroger Pot Pie Frozen Meal, 10 oz","Kroger Pot Pie Frozen Meal, 10 oz — Frozen Entrees",Kroger,True,10 oz,Frozen,Frozen Meals,Frozen Entrees,Frozen,Frozen Meals,Frozen Entrees,3.84
grocery,KRG,KRG,KRG-FR-48-0982,"Kroger Lasagna Frozen Meal, family size","Kroger Lasagna Frozen Meal, family size — Frozen Entrees",Kroger,True,family size,Frozen,Frozen Meals,Frozen Entrees,Frozen,Frozen Meals,Frozen Entrees,3.86
grocery,KRG,KRG,KRG-FR-48-0983,"Kroger Chicken Alfredo Frozen Meal, family size","Kroger Chicken Alfredo Frozen Meal, family size — Frozen Entrees",Kroger,True,family size,Frozen,Frozen Meals,Frozen Entrees,Frozen,Frozen Meals,Frozen Entrees,3.74
grocery,KRG,KRG,KRG-FR-49-0984,"Stouffer's Pepperoni Pizza, single","Stouffer's Pepperoni Pizza, single — Frozen Pizza",Stouffer's,False,single,Frozen,Frozen Meals,Frozen Pizza,Frozen,Frozen Meals,Frozen Pizza,5.25
grocery,KRG,KRG,KRG-FR-49-0985,"Stouffer's Cheese Pizza, single","Stouffer's Cheese Pizza, single — Frozen Pizza",Stouffer's,False,single,Frozen,Frozen Meals,Frozen Pizza,Frozen,Frozen Meals,Frozen Pizza,5.45
grocery,KRG,KRG,KRG-FR-49-0986,"Stouffer's Supreme Pizza, single","Stouffer's Supreme Pizza, single — Frozen Pizza",Stouffer's,False,single,Frozen,Frozen Meals,Frozen Pizza,Frozen,Frozen Meals,Frozen Pizza,5.8
grocery,KRG,KRG,KRG-FR-49-0987,"Stouffer's Thin Crust Pizza, single","Stouffer's Thin Crust Pizza, single — Frozen Pizza",Stouffer's,False,single,Frozen,Frozen Meals,Frozen Pizza,Frozen,Frozen Meals,Frozen Pizza,5.9
grocery,KRG,KRG,KRG-FR-49-0988,"Stouffer's Pepperoni Pizza, 2-pack","Stouffer's Pepperoni Pizza, 2-pack — Frozen Pizza",Stouffer's,False,2-pack,Frozen,Frozen Meals,Frozen Pizza,Frozen,Frozen Meals,Frozen Pizza,6.04
grocery,KRG,KRG,KRG-FR-49-0989,"Stouffer's Cheese Pizza, 2-pack","Stouffer's Cheese Pizza, 2-pack — Frozen Pizza",Stouffer's,False,2-pack,Frozen,Frozen Meals,Frozen Pizza,Frozen,Frozen Meals,Frozen Pizza,5.77
grocery,KRG,KRG,KRG-FR-49-0990,"Stouffer's Supreme Pizza, 2-pack","Stouffer's Supreme Pizza, 2-pack — Frozen Pizza",Stouffer's,False,2-pack,Frozen,Frozen Meals,Frozen Pizza,Frozen,Frozen Meals,Frozen Pizza,6.24
grocery,KRG,KRG,KRG-FR-49-0991,"Stouffer's Thin Crust Pizza, 2-pack","Stouffer's Thin Crust Pizza, 2-pack — Frozen Pizza",Stouffer's,False,2-pack,Frozen,Frozen Meals,Frozen Pizza,Frozen,Frozen Meals,Frozen Pizza,6.2
grocery,KRG,KRG,KRG-FR-49-0992,"DiGiorno Pepperoni Pizza, single","DiGiorno Pepperoni Pizza, single — Frozen Pizza",DiGiorno,False,single,Frozen,Frozen Meals,Frozen Pizza,Frozen,Frozen Meals,Frozen Pizza,6.26
grocery,KRG,KRG,KRG-FR-49-0993,"DiGiorno Cheese Pizza, single","DiGiorno Cheese Pizza, single — Frozen Pizza",DiGiorno,False,single,Frozen,Frozen Meals,Frozen Pizza,Frozen,Frozen Meals,Frozen Pizza,6.04
grocery,KRG,KRG,KRG-FR-49-0994,"DiGiorno Supreme Pizza, single","DiGiorno Supreme Pizza, single — Frozen Pizza",DiGiorno,False,single,Frozen,Frozen Meals,Frozen Pizza,Frozen,Frozen Meals,Frozen Pizza,6.29
grocery,KRG,KRG,KRG-FR-49-0995,"DiGiorno Thin Crust Pizza, single","DiGiorno Thin Crust Pizza, single — Frozen Pizza",DiGiorno,False,single,Frozen,Frozen Meals,Frozen Pizza,Frozen,Frozen Meals,Frozen Pizza,6.69
grocery,KRG,KRG,KRG-FR-49-0996,"DiGiorno Pepperoni Pizza, 2-pack","DiGiorno Pepperoni Pizza, 2-pack — Frozen Pizza",DiGiorno,False,2-pack,Frozen,Frozen Meals,Frozen Pizza,Frozen,Frozen Meals,Frozen Pizza,6.95
grocery,KRG,KRG,KRG-FR-49-0997,"DiGiorno Cheese Pizza, 2-pack","DiGiorno Cheese Pizza, 2-pack — Frozen Pizza",DiGiorno,False,2-pack,Frozen,Frozen Meals,Frozen Pizza,Frozen,Frozen Meals,Frozen Pizza,6.7
grocery,KRG,KRG,KRG-FR-49-0998,"DiGiorno Supreme Pizza, 2-pack","DiGiorno Supreme Pizza, 2-pack — Frozen Pizza",DiGiorno,False,2-pack,Frozen,Frozen Meals,Frozen Pizza,Frozen,Frozen Meals,Frozen Pizza,6.79
grocery,KRG,KRG,KRG-FR-49-0999,"DiGiorno Thin Crust Pizza, 2-pack","DiGiorno Thin Crust Pizza, 2-pack — Frozen Pizza",DiGiorno,False,2-pack,Frozen,Frozen Meals,Frozen Pizza,Frozen,Frozen Meals,Frozen Pizza,6.57
grocery,KRG,KRG,KRG-FR-49-1000,"Kroger Pepperoni Pizza, single","Kroger Pepperoni Pizza, single — Frozen Pizza",Kroger,True,single,Frozen,Frozen Meals,Frozen Pizza,Frozen,Frozen Meals,Frozen Pizza,5.42
grocery,KRG,KRG,KRG-FR-49-1001,"Kroger Cheese Pizza, single","Kroger Cheese Pizza, single — Frozen Pizza",Kroger,True,single,Frozen,Frozen Meals,Frozen Pizza,Frozen,Frozen Meals,Frozen Pizza,5.1
grocery,KRG,KRG,KRG-FR-49-1002,"Kroger Supreme Pizza, single","Kroger Supreme Pizza, single — Frozen Pizza",Kroger,True,single,Frozen,Frozen Meals,Frozen Pizza,Frozen,Frozen Meals,Frozen Pizza,5.66
grocery,KRG,KRG,KRG-FR-49-1003,"Kroger Thin Crust Pizza, single","Kroger Thin Crust Pizza, single — Frozen Pizza",Kroger,True,single,Frozen,Frozen Meals,Frozen Pizza,Frozen,Frozen Meals,Frozen Pizza,5.64
grocery,KRG,KRG,KRG-FR-49-1004,"Kroger Pepperoni Pizza, 2-pack","Kroger Pepperoni Pizza, 2-pack — Frozen Pizza",Kroger,True,2-pack,Frozen,Frozen Meals,Frozen Pizza,Frozen,Frozen Meals,Frozen Pizza,5.37
grocery,KRG,KRG,KRG-FR-49-1005,"Kroger Cheese Pizza, 2-pack","Kroger Cheese Pizza, 2-pack — Frozen Pizza",Kroger,True,2-pack,Frozen,Frozen Meals,Frozen Pizza,Frozen,Frozen Meals,Frozen Pizza,5.4
grocery,KRG,KRG,KRG-FR-50-1006,"Stouffer's Vanilla Ice Cream, 48 oz","Stouffer's Vanilla Ice Cream, 48 oz — Ice Cream",Stouffer's,False,48 oz,Frozen,Ice Cream,Ice Cream,Frozen,Ice Cream & Novelties,Ice Cream,4.77
grocery,KRG,KRG,KRG-FR-50-1007,"Stouffer's Chocolate Ice Cream, 48 oz","Stouffer's Chocolate Ice Cream, 48 oz — Ice Cream",Stouffer's,False,48 oz,Frozen,Ice Cream,Ice Cream,Frozen,Ice Cream & Novelties,Ice Cream,4.95
grocery,KRG,KRG,KRG-FR-50-1008,"Stouffer's Mint Chip Ice Cream, 48 oz","Stouffer's Mint Chip Ice Cream, 48 oz — Ice Cream",Stouffer's,False,48 oz,Frozen,Ice Cream,Ice Cream,Frozen,Ice Cream & Novelties,Ice Cream,4.78
grocery,KRG,KRG,KRG-FR-50-1009,"Stouffer's Vanilla Ice Cream, 1 pint","Stouffer's Vanilla Ice Cream, 1 pint — Ice Cream",Stouffer's,False,1 pint,Frozen,Ice Cream,Ice Cream,Frozen,Ice Cream & Novelties,Ice Cream,4.74
grocery,KRG,KRG,KRG-FR-50-1010,"Stouffer's Chocolate Ice Cream, 1 pint","Stouffer's Chocolate Ice Cream, 1 pint — Ice Cream",Stouffer's,False,1 pint,Frozen,Ice Cream,Ice Cream,Frozen,Ice Cream & Novelties,Ice Cream,4.83
grocery,KRG,KRG,KRG-FR-50-1011,"Stouffer's Mint Chip Ice Cream, 1 pint","Stouffer's Mint Chip Ice Cream, 1 pint — Ice Cream",Stouffer's,False,1 pint,Frozen,Ice Cream,Ice Cream,Frozen,Ice Cream & Novelties,Ice Cream,5.25
grocery,KRG,KRG,KRG-FR-50-1012,"DiGiorno Chocolate Ice Cream, 48 oz","DiGiorno Chocolate Ice Cream, 48 oz — Ice Cream",DiGiorno,False,48 oz,Frozen,Ice Cream,Ice Cream,Frozen,Ice Cream & Novelties,Ice Cream,5.07
grocery,KRG,KRG,KRG-FR-50-1013,"DiGiorno Cookies & Cream Ice Cream, 48 oz","DiGiorno Cookies & Cream Ice Cream, 48 oz — Ice Cream",DiGiorno,False,48 oz,Frozen,Ice Cream,Ice Cream,Frozen,Ice Cream & Novelties,Ice Cream,5.14
grocery,KRG,KRG,KRG-FR-50-1014,"DiGiorno Mint Chip Ice Cream, 48 oz","DiGiorno Mint Chip Ice Cream, 48 oz — Ice Cream",DiGiorno,False,48 oz,Frozen,Ice Cream,Ice Cream,Frozen,Ice Cream & Novelties,Ice Cream,5.57
grocery,KRG,KRG,KRG-FR-50-1015,"DiGiorno Chocolate Ice Cream, 1 pint","DiGiorno Chocolate Ice Cream, 1 pint — Ice Cream",DiGiorno,False,1 pint,Frozen,Ice Cream,Ice Cream,Frozen,Ice Cream & Novelties,Ice Cream,5.24
grocery,KRG,KRG,KRG-FR-50-1016,"DiGiorno Mint Chip Ice Cream, 1 pint","DiGiorno Mint Chip Ice Cream, 1 pint — Ice Cream",DiGiorno,False,1 pint,Frozen,Ice Cream,Ice Cream,Frozen,Ice Cream & Novelties,Ice Cream,5.42
grocery,KRG,KRG,KRG-FR-50-1017,"Ben & Jerry's Vanilla Ice Cream, 48 oz","Ben & Jerry's Vanilla Ice Cream, 48 oz — Ice Cream",Ben & Jerry's,False,48 oz,Frozen,Ice Cream,Ice Cream,Frozen,Ice Cream & Novelties,Ice Cream,5.65
grocery,KRG,KRG,KRG-FR-50-1018,"Ben & Jerry's Cookies & Cream Ice Cream, 48 oz","Ben & Jerry's Cookies & Cream Ice Cream, 48 oz — Ice Cream",Ben & Jerry's,False,48 oz,Frozen,Ice Cream,Ice Cream,Frozen,Ice Cream & Novelties,Ice Cream,6.04
grocery,KRG,KRG,KRG-FR-50-1019,"Ben & Jerry's Mint Chip Ice Cream, 48 oz","Ben & Jerry's Mint Chip Ice Cream, 48 oz — Ice Cream",Ben & Jerry's,False,48 oz,Frozen,Ice Cream,Ice Cream,Frozen,Ice Cream & Novelties,Ice Cream,5.6
grocery,KRG,KRG,KRG-FR-50-1020,"Kroger Vanilla Ice Cream, 1 pint","Kroger Vanilla Ice Cream, 1 pint — Ice Cream",Kroger,True,1 pint,Frozen,Ice Cream,Ice Cream,Frozen,Ice Cream & Novelties,Ice Cream,4.21
grocery,KRG,KRG,KRG-FR-50-1021,"Kroger Chocolate Ice Cream, 1 pint","Kroger Chocolate Ice Cream, 1 pint — Ice Cream",Kroger,True,1 pint,Frozen,Ice Cream,Ice Cream,Frozen,Ice Cream & Novelties,Ice Cream,4.25
grocery,KRG,KRG,KRG-FR-50-1022,"Kroger Cookies & Cream Ice Cream, 1 pint","Kroger Cookies & Cream Ice Cream, 1 pint — Ice Cream",Kroger,True,1 pint,Frozen,Ice Cream,Ice Cream,Frozen,Ice Cream & Novelties,Ice Cream,4.59
grocery,KRG,KRG,KRG-FR-50-1023,"Kroger Mint Chip Ice Cream, 1 pint","Kroger Mint Chip Ice Cream, 1 pint — Ice Cream",Kroger,True,1 pint,Frozen,Ice Cream,Ice Cream,Frozen,Ice Cream & Novelties,Ice Cream,4.71
grocery,KRG,KRG,KRG-FR-50-1024,"Kroger Chocolate Ice Cream, 48 oz","Kroger Chocolate Ice Cream, 48 oz — Ice Cream",Kroger,True,48 oz,Frozen,Ice Cream,Ice Cream,Frozen,Ice Cream & Novelties,Ice Cream,4.46
grocery,KRG,KRG,KRG-FR-51-1025,"Stouffer's Mixed Vegetables Frozen Vegetables, 12 oz","Stouffer's Mixed Vegetables Frozen Vegetables, 12 oz — Frozen Vegetables",Stouffer's,False,12 oz,Frozen,Frozen Veg,Frozen Vegetables,Frozen,Frozen Vegetables & Fruit,Frozen Vegetables,2.24
grocery,KRG,KRG,KRG-FR-51-1026,"Stouffer's Corn Frozen Vegetables, 12 oz","Stouffer's Corn Frozen Vegetables, 12 oz — Frozen Vegetables",Stouffer's,False,12 oz,Frozen,Frozen Veg,Frozen Vegetables,Frozen,Frozen Vegetables & Fruit,Frozen Vegetables,2.15
grocery,KRG,KRG,KRG-FR-51-1027,"Stouffer's Peas Frozen Vegetables, 12 oz","Stouffer's Peas Frozen Vegetables, 12 oz — Frozen Vegetables",Stouffer's,False,12 oz,Frozen,Frozen Veg,Frozen Vegetables,Frozen,Frozen Vegetables & Fruit,Frozen Vegetables,2.14
grocery,KRG,KRG,KRG-FR-51-1028,"Stouffer's Stir Fry Blend Frozen Vegetables, 12 oz","Stouffer's Stir Fry Blend Frozen Vegetables, 12 oz — Frozen Vegetables",Stouffer's,False,12 oz,Frozen,Frozen Veg,Frozen Vegetables,Frozen,Frozen Vegetables & Fruit,Frozen Vegetables,2.28
grocery,KRG,KRG,KRG-FR-51-1029,"Stouffer's Mixed Vegetables Frozen Vegetables, 16 oz","Stouffer's Mixed Vegetables Frozen Vegetables, 16 oz — Frozen Vegetables",Stouffer's,False,16 oz,Frozen,Frozen Veg,Frozen Vegetables,Frozen,Frozen Vegetables & Fruit,Frozen Vegetables,2.36
grocery,KRG,KRG,KRG-FR-51-1030,"Stouffer's Corn Frozen Vegetables, 16 oz","Stouffer's Corn Frozen Vegetables, 16 oz — Frozen Vegetables",Stouffer's,False,16 oz,Frozen,Frozen Veg,Frozen Vegetables,Frozen,Frozen Vegetables & Fruit,Frozen Vegetables,2.25
grocery,KRG,KRG,KRG-FR-51-1031,"Stouffer's Stir Fry Blend Frozen Vegetables, 16 oz","Stouffer's Stir Fry Blend Frozen Vegetables, 16 oz — Frozen Vegetables",Stouffer's,False,16 oz,Frozen,Frozen Veg,Frozen Vegetables,Frozen,Frozen Vegetables & Fruit,Frozen Vegetables,2.37
grocery,KRG,KRG,KRG-FR-51-1032,"DiGiorno Broccoli Frozen Vegetables, 12 oz","DiGiorno Broccoli Frozen Vegetables, 12 oz — Frozen Vegetables",DiGiorno,False,12 oz,Frozen,Frozen Veg,Frozen Vegetables,Frozen,Frozen Vegetables & Fruit,Frozen Vegetables,2.44
grocery,KRG,KRG,KRG-FR-51-1033,"DiGiorno Mixed Vegetables Frozen Vegetables, 12 oz","DiGiorno Mixed Vegetables Frozen Vegetables, 12 oz — Frozen Vegetables",DiGiorno,False,12 oz,Frozen,Frozen Veg,Frozen Vegetables,Frozen,Frozen Vegetables & Fruit,Frozen Vegetables,2.57
grocery,KRG,KRG,KRG-FR-51-1034,"Kroger Broccoli Frozen Vegetables, 16 oz","Kroger Broccoli Frozen Vegetables, 16 oz — Frozen Vegetables",Kroger,True,16 oz,Frozen,Frozen Veg,Frozen Vegetables,Frozen,Frozen Vegetables & Fruit,Frozen Vegetables,1.91
grocery,KRG,KRG,KRG-FR-51-1035,"Kroger Mixed Vegetables Frozen Vegetables, 16 oz","Kroger Mixed Vegetables Frozen Vegetables, 16 oz — Frozen Vegetables",Kroger,True,16 oz,Frozen,Frozen Veg,Frozen Vegetables,Frozen,Frozen Vegetables & Fruit,Frozen Vegetables,1.95
grocery,KRG,KRG,KRG-FR-51-1036,"Kroger Corn Frozen Vegetables, 16 oz","Kroger Corn Frozen Vegetables, 16 oz — Frozen Vegetables",Kroger,True,16 oz,Frozen,Frozen Veg,Frozen Vegetables,Frozen,Frozen Vegetables & Fruit,Frozen Vegetables,2.04
grocery,KRG,KRG,KRG-FR-51-1037,"Kroger Peas Frozen Vegetables, 16 oz","Kroger Peas Frozen Vegetables, 16 oz — Frozen Vegetables",Kroger,True,16 oz,Frozen,Frozen Veg,Frozen Vegetables,Frozen,Frozen Vegetables & Fruit,Frozen Vegetables,2.08
grocery,KRG,KRG,KRG-FR-51-1038,"Kroger Broccoli Frozen Vegetables, 12 oz","Kroger Broccoli Frozen Vegetables, 12 oz — Frozen Vegetables",Kroger,True,12 oz,Frozen,Frozen Veg,Frozen Vegetables,Frozen,Frozen Vegetables & Fruit,Frozen Vegetables,2.02
grocery,KRG,KRG,KRG-HE-55-1104,"Tide Bath Tissue Paper, 6 roll","Tide Bath Tissue Paper, 6 roll — Paper Products",Tide,False,6 roll,Household,Cleaning,Paper Products,Health & Household,Cleaning & Paper,Paper Products,10.07
grocery,KRG,KRG,KRG-HE-55-1105,"Tide Napkins Paper, 6 roll","Tide Napkins Paper, 6 roll — Paper Products",Tide,False,6 roll,Household,Cleaning,Paper Products,Health & Household,Cleaning & Paper,Paper Products,10.48
grocery,KRG,KRG,KRG-HE-55-1106,"Tide Facial Tissue Paper, 6 roll","Tide Facial Tissue Paper, 6 roll — Paper Products",Tide,False,6 roll,Household,Cleaning,Paper Products,Health & Household,Cleaning & Paper,Paper Products,10.73
grocery,KRG,KRG,KRG-HE-55-1107,"Tide Bath Tissue Paper, 12 roll","Tide Bath Tissue Paper, 12 roll — Paper Products",Tide,False,12 roll,Household,Cleaning,Paper Products,Health & Household,Cleaning & Paper,Paper Products,10.77
grocery,KRG,KRG,KRG-HE-55-1108,"Tide Napkins Paper, 12 roll","Tide Napkins Paper, 12 roll — Paper Products",Tide,False,12 roll,Household,Cleaning,Paper Products,Health & Household,Cleaning & Paper,Paper Products,11.53
grocery,KRG,KRG,KRG-HE-55-1109,"Tide Paper Towels Paper, double roll","Tide Paper Towels Paper, double roll — Paper Products",Tide,False,double roll,Household,Cleaning,Paper Products,Health & Household,Cleaning & Paper,Paper Products,11.06
grocery,KRG,KRG,KRG-HE-55-1110,"Tide Bath Tissue Paper, double roll","Tide Bath Tissue Paper, double roll — Paper Products",Tide,False,double roll,Household,Cleaning,Paper Products,Health & Household,Cleaning & Paper,Paper Products,11.55
grocery,KRG,KRG,KRG-HE-55-1111,"Tide Napkins Paper, double roll","Tide Napkins Paper, double roll — Paper Products",Tide,False,double roll,Household,Cleaning,Paper Products,Health & Household,Cleaning & Paper,Paper Products,12.23
grocery,KRG,KRG,KRG-HE-55-1112,"Tide Facial Tissue Paper, double roll","Tide Facial Tissue Paper, double roll — Paper Products",Tide,False,double roll,Household,Cleaning,Paper Products,Health & Household,Cleaning & Paper,Paper Products,11.86
grocery,KRG,KRG,KRG-HE-55-1113,"Bounty Paper Towels Paper, 6 roll","Bounty Paper Towels Paper, 6 roll — Paper Products",Bounty,False,6 roll,Household,Cleaning,Paper Products,Health & Household,Cleaning & Paper,Paper Products,11.87
grocery,KRG,KRG,KRG-HE-55-1114,"Bounty Bath Tissue Paper, 6 roll","Bounty Bath Tissue Paper, 6 roll — Paper Products",Bounty,False,6 roll,Household,Cleaning,Paper Products,Health & Household,Cleaning & Paper,Paper Products,11.87
grocery,KRG,KRG,KRG-HE-55-1115,"Bounty Napkins Paper, 6 roll","Bounty Napkins Paper, 6 roll — Paper Products",Bounty,False,6 roll,Household,Cleaning,Paper Products,Health & Household,Cleaning & Paper,Paper Products,12.47
grocery,KRG,KRG,KRG-HE-55-1116,"Kroger Paper Towels Paper, 12 roll","Kroger Paper Towels Paper, 12 roll — Paper Products",Kroger,True,12 roll,Household,Cleaning,Paper Products,Health & Household,Cleaning & Paper,Paper Products,9.84
grocery,KRG,KRG,KRG-HE-55-1117,"Kroger Napkins Paper, 12 roll","Kroger Napkins Paper, 12 roll — Paper Products",Kroger,True,12 roll,Household,Cleaning,Paper Products,Health & Household,Cleaning & Paper,Paper Products,9.87
grocery,KRG,KRG,KRG-HE-55-1118,"Kroger Facial Tissue Paper, double roll","Kroger Facial Tissue Paper, double roll — Paper Products",Kroger,True,double roll,Household,Cleaning,Paper Products,Health & Household,Cleaning & Paper,Paper Products,10.6
grocery,KRG,KRG,KRG-HE-55-1119,"Kroger Paper Towels Paper, 6 roll","Kroger Paper Towels Paper, 6 roll — Paper Products",Kroger,True,6 roll,Household,Cleaning,Paper Products,Health & Household,Cleaning & Paper,Paper Products,9.88
grocery,KRG,KRG,KRG-HE-56-1120,"Tide All-Purpose Cleaner Cleaner, 24 oz","Tide All-Purpose Cleaner Cleaner, 24 oz — Cleaning Supplies",Tide,False,24 oz,Household,Cleaning,Cleaning Supplies,Health & Household,Cleaning & Paper,Cleaning Supplies,4.06
grocery,KRG,KRG,KRG-HE-56-1121,"Tide Dish Soap Cleaner, 24 oz","Tide Dish Soap Cleaner, 24 oz — Cleaning Supplies",Tide,False,24 oz,Household,Cleaning,Cleaning Supplies,Health & Household,Cleaning & Paper,Cleaning Supplies,4.14
grocery,KRG,KRG,KRG-HE-56-1122,"Tide Disinfecting Wipes Cleaner, 24 oz","Tide Disinfecting Wipes Cleaner, 24 oz — Cleaning Supplies",Tide,False,24 oz,Household,Cleaning,Cleaning Supplies,Health & Household,Cleaning & Paper,Cleaning Supplies,4.18
grocery,KRG,KRG,KRG-HE-56-1123,"Tide Bleach Cleaner, 24 oz","Tide Bleach Cleaner, 24 oz — Cleaning Supplies",Tide,False,24 oz,Household,Cleaning,Cleaning Supplies,Health & Household,Cleaning & Paper,Cleaning Supplies,4.25
grocery,KRG,KRG,KRG-HE-56-1124,"Tide All-Purpose Cleaner Cleaner, 32 oz","Tide All-Purpose Cleaner Cleaner, 32 oz — Cleaning Supplies",Tide,False,32 oz,Household,Cleaning,Cleaning Supplies,Health & Household,Cleaning & Paper,Cleaning Supplies,4.44
grocery,KRG,KRG,KRG-HE-56-1125,"Tide Dish Soap Cleaner, 32 oz","Tide Dish Soap Cleaner, 32 oz — Cleaning Supplies",Tide,False,32 oz,Household,Cleaning,Cleaning Supplies,Health & Household,Cleaning & Paper,Cleaning Supplies,4.44
grocery,KRG,KRG,KRG-HE-56-1126,"Tide Disinfecting Wipes Cleaner, 32 oz","Tide Disinfecting Wipes Cleaner, 32 oz — Cleaning Supplies",Tide,False,32 oz,Household,Cleaning,Cleaning Supplies,Health & Household,Cleaning & Paper,Cleaning Supplies,4.76
grocery,KRG,KRG,KRG-HE-56-1127,"Tide Bleach Cleaner, 32 oz","Tide Bleach Cleaner, 32 oz — Cleaning Supplies",Tide,False,32 oz,Household,Cleaning,Cleaning Supplies,Health & Household,Cleaning & Paper,Cleaning Supplies,4.77
grocery,KRG,KRG,KRG-HE-56-1128,"Bounty All-Purpose Cleaner Cleaner, 24 oz","Bounty All-Purpose Cleaner Cleaner, 24 oz — Cleaning Supplies",Bounty,False,24 oz,Household,Cleaning,Cleaning Supplies,Health & Household,Cleaning & Paper,Cleaning Supplies,4.75
grocery,KRG,KRG,KRG-HE-56-1129,"Bounty Dish Soap Cleaner, 24 oz","Bounty Dish Soap Cleaner, 24 oz — Cleaning Supplies",Bounty,False,24 oz,Household,Cleaning,Cleaning Supplies,Health & Household,Cleaning & Paper,Cleaning Supplies,4.88
grocery,KRG,KRG,KRG-HE-56-1130,"Bounty Disinfecting Wipes Cleaner, 24 oz","Bounty Disinfecting Wipes Cleaner, 24 oz — Cleaning Supplies",Bounty,False,24 oz,Household,Cleaning,Cleaning Supplies,Health & Household,Cleaning & Paper,Cleaning Supplies,4.95
grocery,KRG,KRG,KRG-HE-56-1131,"Bounty Bleach Cleaner, 24 oz","Bounty Bleach Cleaner, 24 oz — Cleaning Supplies",Bounty,False,24 oz,Household,Cleaning,Cleaning Supplies,Health & Household,Cleaning & Paper,Cleaning Supplies,4.7
grocery,KRG,KRG,KRG-HE-56-1132,"Bounty All-Purpose Cleaner Cleaner, 32 oz","Bounty All-Purpose Cleaner Cleaner, 32 oz — Cleaning Supplies",Bounty,False,32 oz,Household,Cleaning,Cleaning Supplies,Health & Household,Cleaning & Paper,Cleaning Supplies,5.04
grocery,KRG,KRG,KRG-HE-56-1133,"Bounty Dish Soap Cleaner, 32 oz","Bounty Dish Soap Cleaner, 32 oz — Cleaning Supplies",Bounty,False,32 oz,Household,Cleaning,Cleaning Supplies,Health & Household,Cleaning & Paper,Cleaning Supplies,4.75
grocery,KRG,KRG,KRG-HE-56-1134,"Bounty Disinfecting Wipes Cleaner, 32 oz","Bounty Disinfecting Wipes Cleaner, 32 oz — Cleaning Supplies",Bounty,False,32 oz,Household,Cleaning,Cleaning Supplies,Health & Household,Cleaning & Paper,Cleaning Supplies,4.89
grocery,KRG,KRG,KRG-HE-56-1135,"Bounty Bleach Cleaner, 32 oz","Bounty Bleach Cleaner, 32 oz — Cleaning Supplies",Bounty,False,32 oz,Household,Cleaning,Cleaning Supplies,Health & Household,Cleaning & Paper,Cleaning Supplies,5.02
grocery,KRG,KRG,KRG-HE-56-1136,"Charmin All-Purpose Cleaner Cleaner, 24 oz","Charmin All-Purpose Cleaner Cleaner, 24 oz — Cleaning Supplies",Charmin,False,24 oz,Household,Cleaning,Cleaning Supplies,Health & Household,Cleaning & Paper,Cleaning Supplies,4.94
grocery,KRG,KRG,KRG-HE-56-1137,"Charmin Dish Soap Cleaner, 24 oz","Charmin Dish Soap Cleaner, 24 oz — Cleaning Supplies",Charmin,False,24 oz,Household,Cleaning,Cleaning Supplies,Health & Household,Cleaning & Paper,Cleaning Supplies,5.0
grocery,KRG,KRG,KRG-HE-56-1138,"Kroger Disinfecting Wipes Cleaner, 24 oz","Kroger Disinfecting Wipes Cleaner, 24 oz — Cleaning Supplies",Kroger,True,24 oz,Household,Cleaning,Cleaning Supplies,Health & Household,Cleaning & Paper,Cleaning Supplies,3.97
grocery,KRG,KRG,KRG-HE-56-1139,"Kroger Bleach Cleaner, 24 oz","Kroger Bleach Cleaner, 24 oz — Cleaning Supplies",Kroger,True,24 oz,Household,Cleaning,Cleaning Supplies,Health & Household,Cleaning & Paper,Cleaning Supplies,4.01
grocery,KRG,KRG,KRG-HE-56-1140,"Kroger All-Purpose Cleaner Cleaner, 32 oz","Kroger All-Purpose Cleaner Cleaner, 32 oz — Cleaning Supplies",Kroger,True,32 oz,Household,Cleaning,Cleaning Supplies,Health & Household,Cleaning & Paper,Cleaning Supplies,3.93
grocery,KRG,KRG,KRG-HE-56-1141,"Kroger Dish Soap Cleaner, 32 oz","Kroger Dish Soap Cleaner, 32 oz — Cleaning Supplies",Kroger,True,32 oz,Household,Cleaning,Cleaning Supplies,Health & Household,Cleaning & Paper,Cleaning Supplies,3.98
grocery,KRG,KRG,KRG-HE-56-1142,"Kroger Disinfecting Wipes Cleaner, 32 oz","Kroger Disinfecting Wipes Cleaner, 32 oz — Cleaning Supplies",Kroger,True,32 oz,Household,Cleaning,Cleaning Supplies,Health & Household,Cleaning & Paper,Cleaning Supplies,3.98
grocery,KRG,KRG,KRG-HE-56-1143,"Kroger Bleach Cleaner, 32 oz","Kroger Bleach Cleaner, 32 oz — Cleaning Supplies",Kroger,True,32 oz,Household,Cleaning,Cleaning Supplies,Health & Household,Cleaning & Paper,Cleaning Supplies,3.99
grocery,KRG,KRG,KRG-HE-56-1144,"Kroger All-Purpose Cleaner Cleaner, 24 oz","Kroger All-Purpose Cleaner Cleaner, 24 oz — Cleaning Supplies",Kroger,True,24 oz,Household,Cleaning,Cleaning Supplies,Health & Household,Cleaning & Paper,Cleaning Supplies,4.34
grocery,KRG,KRG,KRG-HE-56-1145,"Kroger Dish Soap Cleaner, 24 oz","Kroger Dish Soap Cleaner, 24 oz — Cleaning Supplies",Kroger,True,24 oz,Household,Cleaning,Cleaning Supplies,Health & Household,Cleaning & Paper,Cleaning Supplies,4.2
grocery,KRG,KRG,KRG-HE-56-1146,"Kroger Disinfecting Wipes Cleaner, 24 oz","Kroger Disinfecting Wipes Cleaner, 24 oz — Cleaning Supplies",Kroger,True,24 oz,Household,Cleaning,Cleaning Supplies,Health & Household,Cleaning & Paper,Cleaning Supplies,4.18
grocery,KRG,KRG,KRG-HE-56-1147,"Kroger Bleach Cleaner, 24 oz","Kroger Bleach Cleaner, 24 oz — Cleaning Supplies",Kroger,True,24 oz,Household,Cleaning,Cleaning Supplies,Health & Household,Cleaning & Paper,Cleaning Supplies,4.17
grocery,KRG,KRG,KRG-HE-57-1148,"Tide Liquid Detergent Laundry, 50 oz","Tide Liquid Detergent Laundry, 50 oz — Laundry",Tide,False,50 oz,Household,Cleaning,Laundry,Health & Household,Cleaning & Paper,Laundry,11.54
grocery,KRG,KRG,KRG-HE-57-1149,"Tide Pods Laundry, 50 oz","Tide Pods Laundry, 50 oz — Laundry",Tide,False,50 oz,Household,Cleaning,Laundry,Health & Household,Cleaning & Paper,Laundry,11.47
grocery,KRG,KRG,KRG-HE-57-1150,"Tide Fabric Softener Laundry, 50 oz","Tide Fabric Softener Laundry, 50 oz — Laundry",Tide,False,50 oz,Household,Cleaning,Laundry,Health & Household,Cleaning & Paper,Laundry,11.55
grocery,KRG,KRG,KRG-HE-57-1151,"Tide Liquid Detergent Laundry, 92 oz","Tide Liquid Detergent Laundry, 92 oz — Laundry",Tide,False,92 oz,Household,Cleaning,Laundry,Health & Household,Cleaning & Paper,Laundry,11.32
grocery,KRG,KRG,KRG-HE-57-1152,"Tide Pods Laundry, 92 oz","Tide Pods Laundry, 92 oz — Laundry",Tide,False,92 oz,Household,Cleaning,Laundry,Health & Household,Cleaning & Paper,Laundry,11.32
grocery,KRG,KRG,KRG-HE-57-1153,"Tide Fabric Softener Laundry, 92 oz","Tide Fabric Softener Laundry, 92 oz — Laundry",Tide,False,92 oz,Household,Cleaning,Laundry,Health & Household,Cleaning & Paper,Laundry,12.43
grocery,KRG,KRG,KRG-HE-57-1154,"Bounty Liquid Detergent Laundry, 50 oz","Bounty Liquid Detergent Laundry, 50 oz — Laundry",Bounty,False,50 oz,Household,Cleaning,Laundry,Health & Household,Cleaning & Paper,Laundry,11.77
grocery,KRG,KRG,KRG-HE-57-1155,"Bounty Pods Laundry, 50 oz","Bounty Pods Laundry, 50 oz — Laundry",Bounty,False,50 oz,Household,Cleaning,Laundry,Health & Household,Cleaning & Paper,Laundry,13.09
grocery,KRG,KRG,KRG-HE-57-1156,"Bounty Fabric Softener Laundry, 50 oz","Bounty Fabric Softener Laundry, 50 oz — Laundry",Bounty,False,50 oz,Household,Cleaning,Laundry,Health & Household,Cleaning & Paper,Laundry,12.13
grocery,KRG,KRG,KRG-HE-57-1157,"Bounty Liquid Detergent Laundry, 92 oz","Bounty Liquid Detergent Laundry, 92 oz — Laundry",Bounty,False,92 oz,Household,Cleaning,Laundry,Health & Household,Cleaning & Paper,Laundry,12.46
grocery,KRG,KRG,KRG-HE-57-1158,"Bounty Pods Laundry, 92 oz","Bounty Pods Laundry, 92 oz — Laundry",Bounty,False,92 oz,Household,Cleaning,Laundry,Health & Household,Cleaning & Paper,Laundry,13.18
grocery,KRG,KRG,KRG-HE-57-1159,"Bounty Fabric Softener Laundry, 92 oz","Bounty Fabric Softener Laundry, 92 oz — Laundry",Bounty,False,92 oz,Household,Cleaning,Laundry,Health & Household,Cleaning & Paper,Laundry,13.58
grocery,KRG,KRG,KRG-HE-57-1160,"Charmin Liquid Detergent Laundry, 50 oz","Charmin Liquid Detergent Laundry, 50 oz — Laundry",Charmin,False,50 oz,Household,Cleaning,Laundry,Health & Household,Cleaning & Paper,Laundry,13.14
grocery,KRG,KRG,KRG-HE-57-1161,"Charmin Pods Laundry, 50 oz","Charmin Pods Laundry, 50 oz — Laundry",Charmin,False,50 oz,Household,Cleaning,Laundry,Health & Household,Cleaning & Paper,Laundry,13.95
grocery,KRG,KRG,KRG-HE-57-1162,"Kroger Fabric Softener Laundry, 50 oz","Kroger Fabric Softener Laundry, 50 oz — Laundry",Kroger,True,50 oz,Household,Cleaning,Laundry,Health & Household,Cleaning & Paper,Laundry,10.7
grocery,KRG,KRG,KRG-HE-57-1163,"Kroger Liquid Detergent Laundry, 92 oz","Kroger Liquid Detergent Laundry, 92 oz — Laundry",Kroger,True,92 oz,Household,Cleaning,Laundry,Health & Household,Cleaning & Paper,Laundry,10.22
grocery,KRG,KRG,KRG-HE-57-1164,"Kroger Pods Laundry, 92 oz","Kroger Pods Laundry, 92 oz — Laundry",Kroger,True,92 oz,Household,Cleaning,Laundry,Health & Household,Cleaning & Paper,Laundry,10.21
grocery,KRG,KRG,KRG-HE-57-1165,"Kroger Fabric Softener Laundry, 92 oz","Kroger Fabric Softener Laundry, 92 oz — Laundry",Kroger,True,92 oz,Household,Cleaning,Laundry,Health & Household,Cleaning & Paper,Laundry,11.25
grocery,KRG,KRG,KRG-HE-57-1166,"Kroger Liquid Detergent Laundry, 50 oz","Kroger Liquid Detergent Laundry, 50 oz — Laundry",Kroger,True,50 oz,Household,Cleaning,Laundry,Health & Household,Cleaning & Paper,Laundry,11.58
grocery,KRG,KRG,KRG-HE-57-1167,"Kroger Pods Laundry, 50 oz","Kroger Pods Laundry, 50 oz — Laundry",Kroger,True,50 oz,Household,Cleaning,Laundry,Health & Household,Cleaning & Paper,Laundry,11.68
grocery,KRG,KRG,KRG-HE-58-1168,"Tide Storage Bags Storage, gallon","Tide Storage Bags Storage, gallon — Food Storage",Tide,False,gallon,Household,Cleaning,Food Storage,Health & Household,Cleaning & Paper,Food Storage,5.23
grocery,KRG,KRG,KRG-HE-58-1169,"Tide Trash Bags Storage, gallon","Tide Trash Bags Storage, gallon — Food Storage",Tide,False,gallon,Household,Cleaning,Food Storage,Health & Household,Cleaning & Paper,Food Storage,5.41
grocery,KRG,KRG,KRG-HE-58-1170,"Tide Foil Storage, gallon","Tide Foil Storage, gallon — Food Storage",Tide,False,gallon,Household,Cleaning,Food Storage,Health & Household,Cleaning & Paper,Food Storage,5.51
grocery,KRG,KRG,KRG-HE-58-1171,"Tide Storage Bags Storage, 13 gal","Tide Storage Bags Storage, 13 gal — Food Storage",Tide,False,13 gal,Household,Cleaning,Food Storage,Health & Household,Cleaning & Paper,Food Storage,5.36
grocery,KRG,KRG,KRG-HE-58-1172,"Tide Trash Bags Storage, 13 gal","Tide Trash Bags Storage, 13 gal — Food Storage",Tide,False,13 gal,Household,Cleaning,Food Storage,Health & Household,Cleaning & Paper,Food Storage,5.59
grocery,KRG,KRG,KRG-HE-58-1173,"Tide Plastic Wrap Storage, 13 gal","Tide Plastic Wrap Storage, 13 gal — Food Storage",Tide,False,13 gal,Household,Cleaning,Food Storage,Health & Household,Cleaning & Paper,Food Storage,5.76
grocery,KRG,KRG,KRG-HE-58-1174,"Tide Storage Bags Storage, 50 ct","Tide Storage Bags Storage, 50 ct — Food Storage",Tide,False,50 ct,Household,Cleaning,Food Storage,Health & Household,Cleaning & Paper,Food Storage,5.56
grocery,KRG,KRG,KRG-HE-58-1175,"Kroger Storage Bags Storage, gallon","Kroger Storage Bags Storage, gallon — Food Storage",Kroger,True,gallon,Household,Cleaning,Food Storage,Health & Household,Cleaning & Paper,Food Storage,4.84
grocery,KRG,KRG,KRG-HE-58-1176,"Kroger Foil Storage, gallon","Kroger Foil Storage, gallon — Food Storage",Kroger,True,gallon,Household,Cleaning,Food Storage,Health & Household,Cleaning & Paper,Food Storage,4.67
grocery,KRG,KRG,KRG-HE-58-1177,"Kroger Plastic Wrap Storage, gallon","Kroger Plastic Wrap Storage, gallon — Food Storage",Kroger,True,gallon,Household,Cleaning,Food Storage,Health & Household,Cleaning & Paper,Food Storage,5.06
grocery,KRG,KRG,KRG-HE-58-1178,"Kroger Storage Bags Storage, 13 gal","Kroger Storage Bags Storage, 13 gal — Food Storage",Kroger,True,13 gal,Household,Cleaning,Food Storage,Health & Household,Cleaning & Paper,Food Storage,5.1
grocery,KRG,KRG,KRG-HE-58-1179,"Kroger Trash Bags Storage, 13 gal","Kroger Trash Bags Storage, 13 gal — Food Storage",Kroger,True,13 gal,Household,Cleaning,Food Storage,Health & Household,Cleaning & Paper,Food Storage,5.15
grocery,KRG,KRG,KRG-HE-58-1180,"Kroger Foil Storage, 13 gal","Kroger Foil Storage, 13 gal — Food Storage",Kroger,True,13 gal,Household,Cleaning,Food Storage,Health & Household,Cleaning & Paper,Food Storage,4.96
grocery,KRG,KRG,KRG-HE-58-1181,"Kroger Plastic Wrap Storage, 13 gal","Kroger Plastic Wrap Storage, 13 gal — Food Storage",Kroger,True,13 gal,Household,Cleaning,Food Storage,Health & Household,Cleaning & Paper,Food Storage,5.35
grocery,KRG,KRG,KRG-HE-59-1182,"Tide Toothpaste Personal Care, single","Tide Toothpaste Personal Care, single — Oral & Body Care",Tide,False,single,Household,Health & Beauty,Oral & Body Care,Health & Household,Personal Care,Oral & Body Care,3.74
grocery,KRG,KRG,KRG-HE-59-1183,"Tide Body Wash Personal Care, single","Tide Body Wash Personal Care, single — Oral & Body Care",Tide,False,single,Household,Health & Beauty,Oral & Body Care,Health & Household,Personal Care,Oral & Body Care,3.98
grocery,KRG,KRG,KRG-HE-59-1184,"Tide Bar Soap Personal Care, single","Tide Bar Soap Personal Care, single — Oral & Body Care",Tide,False,single,Household,Health & Beauty,Oral & Body Care,Health & Household,Personal Care,Oral & Body Care,4.02
grocery,KRG,KRG,KRG-HE-59-1185,"Tide Deodorant Personal Care, single","Tide Deodorant Personal Care, single — Oral & Body Care",Tide,False,single,Household,Health & Beauty,Oral & Body Care,Health & Household,Personal Care,Oral & Body Care,4.12
grocery,KRG,KRG,KRG-HE-59-1186,"Tide Mouthwash Personal Care, single","Tide Mouthwash Personal Care, single — Oral & Body Care",Tide,False,single,Household,Health & Beauty,Oral & Body Care,Health & Household,Personal Care,Oral & Body Care,4.18
grocery,KRG,KRG,KRG-HE-59-1187,"Tide Toothpaste Personal Care, 2-pack","Tide Toothpaste Personal Care, 2-pack — Oral & Body Care",Tide,False,2-pack,Household,Health & Beauty,Oral & Body Care,Health & Household,Personal Care,Oral & Body Care,4.18
grocery,KRG,KRG,KRG-HE-59-1188,"Tide Body Wash Personal Care, 2-pack","Tide Body Wash Personal Care, 2-pack — Oral & Body Care",Tide,False,2-pack,Household,Health & Beauty,Oral & Body Care,Health & Household,Personal Care,Oral & Body Care,3.95
grocery,KRG,KRG,KRG-HE-59-1189,"Tide Bar Soap Personal Care, 2-pack","Tide Bar Soap Personal Care, 2-pack — Oral & Body Care",Tide,False,2-pack,Household,Health & Beauty,Oral & Body Care,Health & Household,Personal Care,Oral & Body Care,4.06
grocery,KRG,KRG,KRG-HE-59-1190,"Tide Deodorant Personal Care, 2-pack","Tide Deodorant Personal Care, 2-pack — Oral & Body Care",Tide,False,2-pack,Household,Health & Beauty,Oral & Body Care,Health & Household,Personal Care,Oral & Body Care,4.12
grocery,KRG,KRG,KRG-HE-59-1191,"Tide Mouthwash Personal Care, 2-pack","Tide Mouthwash Personal Care, 2-pack — Oral & Body Care",Tide,False,2-pack,Household,Health & Beauty,Oral & Body Care,Health & Household,Personal Care,Oral & Body Care,4.28
grocery,KRG,KRG,KRG-HE-59-1192,"Bounty Toothpaste Personal Care, single","Bounty Toothpaste Personal Care, single — Oral & Body Care",Bounty,False,single,Household,Health & Beauty,Oral & Body Care,Health & Household,Personal Care,Oral & Body Care,4.44
grocery,KRG,KRG,KRG-HE-59-1193,"Bounty Body Wash Personal Care, single","Bounty Body Wash Personal Care, single — Oral & Body Care",Bounty,False,single,Household,Health & Beauty,Oral & Body Care,Health & Household,Personal Care,Oral & Body Care,4.11
grocery,KRG,KRG,KRG-HE-59-1194,"Bounty Bar Soap Personal Care, single","Bounty Bar Soap Personal Care, single — Oral & Body Care",Bounty,False,single,Household,Health & Beauty,Oral & Body Care,Health & Household,Personal Care,Oral & Body Care,4.36
grocery,KRG,KRG,KRG-HE-59-1195,"Bounty Deodorant Personal Care, single","Bounty Deodorant Personal Care, single — Oral & Body Care",Bounty,False,single,Household,Health & Beauty,Oral & Body Care,Health & Household,Personal Care,Oral & Body Care,4.2
grocery,KRG,KRG,KRG-HE-59-1196,"Bounty Mouthwash Personal Care, single","Bounty Mouthwash Personal Care, single — Oral & Body Care",Bounty,False,single,Household,Health & Beauty,Oral & Body Care,Health & Household,Personal Care,Oral & Body Care,4.37
grocery,KRG,KRG,KRG-HE-59-1197,"Bounty Toothpaste Personal Care, 2-pack","Bounty Toothpaste Personal Care, 2-pack — Oral & Body Care",Bounty,False,2-pack,Household,Health & Beauty,Oral & Body Care,Health & Household,Personal Care,Oral & Body Care,4.59
grocery,KRG,KRG,KRG-HE-59-1198,"Bounty Body Wash Personal Care, 2-pack","Bounty Body Wash Personal Care, 2-pack — Oral & Body Care",Bounty,False,2-pack,Household,Health & Beauty,Oral & Body Care,Health & Household,Personal Care,Oral & Body Care,4.65
grocery,KRG,KRG,KRG-HE-59-1199,"Bounty Bar Soap Personal Care, 2-pack","Bounty Bar Soap Personal Care, 2-pack — Oral & Body Care",Bounty,False,2-pack,Household,Health & Beauty,Oral & Body Care,Health & Household,Personal Care,Oral & Body Care,4.5
grocery,KRG,KRG,KRG-HE-59-1200,"Bounty Deodorant Personal Care, 2-pack","Bounty Deodorant Personal Care, 2-pack — Oral & Body Care",Bounty,False,2-pack,Household,Health & Beauty,Oral & Body Care,Health & Household,Personal Care,Oral & Body Care,4.64
grocery,KRG,KRG,KRG-HE-59-1201,"Bounty Mouthwash Personal Care, 2-pack","Bounty Mouthwash Personal Care, 2-pack — Oral & Body Care",Bounty,False,2-pack,Household,Health & Beauty,Oral & Body Care,Health & Household,Personal Care,Oral & Body Care,4.93
grocery,KRG,KRG,KRG-HE-59-1202,"Charmin Toothpaste Personal Care, single","Charmin Toothpaste Personal Care, single — Oral & Body Care",Charmin,False,single,Household,Health & Beauty,Oral & Body Care,Health & Household,Personal Care,Oral & Body Care,4.91
grocery,KRG,KRG,KRG-HE-59-1203,"Charmin Body Wash Personal Care, single","Charmin Body Wash Personal Care, single — Oral & Body Care",Charmin,False,single,Household,Health & Beauty,Oral & Body Care,Health & Household,Personal Care,Oral & Body Care,4.79
grocery,KRG,KRG,KRG-HE-59-1204,"Kroger Bar Soap Personal Care, single","Kroger Bar Soap Personal Care, single — Oral & Body Care",Kroger,True,single,Household,Health & Beauty,Oral & Body Care,Health & Household,Personal Care,Oral & Body Care,3.47
grocery,KRG,KRG,KRG-HE-59-1205,"Kroger Deodorant Personal Care, single","Kroger Deodorant Personal Care, single — Oral & Body Care",Kroger,True,single,Household,Health & Beauty,Oral & Body Care,Health & Household,Personal Care,Oral & Body Care,3.75
grocery,KRG,KRG,KRG-HE-59-1206,"Kroger Mouthwash Personal Care, single","Kroger Mouthwash Personal Care, single — Oral & Body Care",Kroger,True,single,Household,Health & Beauty,Oral & Body Care,Health & Household,Personal Care,Oral & Body Care,3.56
grocery,KRG,KRG,KRG-HE-59-1207,"Kroger Toothpaste Personal Care, 2-pack","Kroger Toothpaste Personal Care, 2-pack — Oral & Body Care",Kroger,True,2-pack,Household,Health & Beauty,Oral & Body Care,Health & Household,Personal Care,Oral & Body Care,3.57
grocery,KRG,KRG,KRG-HE-59-1208,"Kroger Body Wash Personal Care, 2-pack","Kroger Body Wash Personal Care, 2-pack — Oral & Body Care",Kroger,True,2-pack,Household,Health & Beauty,Oral & Body Care,Health & Household,Personal Care,Oral & Body Care,3.83
grocery,KRG,KRG,KRG-HE-59-1209,"Kroger Bar Soap Personal Care, 2-pack","Kroger Bar Soap Personal Care, 2-pack — Oral & Body Care",Kroger,True,2-pack,Household,Health & Beauty,Oral & Body Care,Health & Household,Personal Care,Oral & Body Care,3.77
grocery,KRG,KRG,KRG-HE-59-1210,"Kroger Deodorant Personal Care, 2-pack","Kroger Deodorant Personal Care, 2-pack — Oral & Body Care",Kroger,True,2-pack,Household,Health & Beauty,Oral & Body Care,Health & Household,Personal Care,Oral & Body Care,3.81
grocery,KRG,KRG,KRG-HE-59-1211,"Kroger Mouthwash Personal Care, 2-pack","Kroger Mouthwash Personal Care, 2-pack — Oral & Body Care",Kroger,True,2-pack,Household,Health & Beauty,Oral & Body Care,Health & Household,Personal Care,Oral & Body Care,3.75
grocery,KRG,KRG,KRG-HE-60-1212,"Tide Shampoo Hair Care, 12 oz","Tide Shampoo Hair Care, 12 oz — Hair Care",Tide,False,12 oz,Household,Health & Beauty,Hair Care,Health & Household,Personal Care,Hair Care,5.61
grocery,KRG,KRG,KRG-HE-60-1213,"Tide Conditioner Hair Care, 12 oz","Tide Conditioner Hair Care, 12 oz — Hair Care",Tide,False,12 oz,Household,Health & Beauty,Hair Care,Health & Household,Personal Care,Hair Care,5.54
grocery,KRG,KRG,KRG-HE-60-1214,"Tide 2-in-1 Hair Care, 12 oz","Tide 2-in-1 Hair Care, 12 oz — Hair Care",Tide,False,12 oz,Household,Health & Beauty,Hair Care,Health & Household,Personal Care,Hair Care,5.58
grocery,KRG,KRG,KRG-HE-60-1215,"Tide Shampoo Hair Care, 20 oz","Tide Shampoo Hair Care, 20 oz — Hair Care",Tide,False,20 oz,Household,Health & Beauty,Hair Care,Health & Household,Personal Care,Hair Care,5.64
grocery,KRG,KRG,KRG-HE-60-1216,"Tide Conditioner Hair Care, 20 oz","Tide Conditioner Hair Care, 20 oz — Hair Care",Tide,False,20 oz,Household,Health & Beauty,Hair Care,Health & Household,Personal Care,Hair Care,6.11
grocery,KRG,KRG,KRG-HE-60-1217,"Tide 2-in-1 Hair Care, 20 oz","Tide 2-in-1 Hair Care, 20 oz — Hair Care",Tide,False,20 oz,Household,Health & Beauty,Hair Care,Health & Household,Personal Care,Hair Care,6.28
grocery,KRG,KRG,KRG-HE-60-1218,"Bounty Shampoo Hair Care, 12 oz","Bounty Shampoo Hair Care, 12 oz — Hair Care",Bounty,False,12 oz,Household,Health & Beauty,Hair Care,Health & Household,Personal Care,Hair Care,6.26
grocery,KRG,KRG,KRG-HE-60-1219,"Bounty Conditioner Hair Care, 12 oz","Bounty Conditioner Hair Care, 12 oz — Hair Care",Bounty,False,12 oz,Household,Health & Beauty,Hair Care,Health & Household,Personal Care,Hair Care,6.24
grocery,KRG,KRG,KRG-HE-60-1220,"Bounty 2-in-1 Hair Care, 12 oz","Bounty 2-in-1 Hair Care, 12 oz — Hair Care",Bounty,False,12 oz,Household,Health & Beauty,Hair Care,Health & Household,Personal Care,Hair Care,6.15
grocery,KRG,KRG,KRG-HE-60-1221,"Bounty Shampoo Hair Care, 20 oz","Bounty Shampoo Hair Care, 20 oz — Hair Care",Bounty,False,20 oz,Household,Health & Beauty,Hair Care,Health & Household,Personal Care,Hair Care,6.46
grocery,KRG,KRG,KRG-HE-60-1222,"Bounty Conditioner Hair Care, 20 oz","Bounty Conditioner Hair Care, 20 oz — Hair Care",Bounty,False,20 oz,Household,Health & Beauty,Hair Care,Health & Household,Personal Care,Hair Care,6.42
grocery,KRG,KRG,KRG-HE-60-1223,"Bounty 2-in-1 Hair Care, 20 oz","Bounty 2-in-1 Hair Care, 20 oz — Hair Care",Bounty,False,20 oz,Household,Health & Beauty,Hair Care,Health & Household,Personal Care,Hair Care,6.79
grocery,KRG,KRG,KRG-HE-60-1224,"Charmin Shampoo Hair Care, 12 oz","Charmin Shampoo Hair Care, 12 oz — Hair Care",Charmin,False,12 oz,Household,Health & Beauty,Hair Care,Health & Household,Personal Care,Hair Care,6.52
grocery,KRG,KRG,KRG-HE-60-1225,"Charmin Conditioner Hair Care, 12 oz","Charmin Conditioner Hair Care, 12 oz — Hair Care",Charmin,False,12 oz,Household,Health & Beauty,Hair Care,Health & Household,Personal Care,Hair Care,6.71
grocery,KRG,KRG,KRG-HE-60-1226,"Charmin 2-in-1 Hair Care, 12 oz","Charmin 2-in-1 Hair Care, 12 oz — Hair Care",Charmin,False,12 oz,Household,Health & Beauty,Hair Care,Health & Household,Personal Care,Hair Care,7.17
grocery,KRG,KRG,KRG-HE-60-1227,"Charmin Shampoo Hair Care, 20 oz","Charmin Shampoo Hair Care, 20 oz — Hair Care",Charmin,False,20 oz,Household,Health & Beauty,Hair Care,Health & Household,Personal Care,Hair Care,7.34
grocery,KRG,KRG,KRG-HE-60-1228,"Kroger Conditioner Hair Care, 20 oz","Kroger Conditioner Hair Care, 20 oz — Hair Care",Kroger,True,20 oz,Household,Health & Beauty,Hair Care,Health & Household,Personal Care,Hair Care,5.37
grocery,KRG,KRG,KRG-HE-60-1229,"Kroger 2-in-1 Hair Care, 20 oz","Kroger 2-in-1 Hair Care, 20 oz — Hair Care",Kroger,True,20 oz,Household,Health & Beauty,Hair Care,Health & Household,Personal Care,Hair Care,5.44
grocery,KRG,KRG,KRG-HE-60-1230,"Kroger Shampoo Hair Care, 12 oz","Kroger Shampoo Hair Care, 12 oz — Hair Care",Kroger,True,12 oz,Household,Health & Beauty,Hair Care,Health & Household,Personal Care,Hair Care,5.37
grocery,KRG,KRG,KRG-HE-60-1231,"Kroger Conditioner Hair Care, 12 oz","Kroger Conditioner Hair Care, 12 oz — Hair Care",Kroger,True,12 oz,Household,Health & Beauty,Hair Care,Health & Household,Personal Care,Hair Care,5.82
grocery,KRG,KRG,KRG-HE-61-1232,"Tide Multivitamin Vitamins, 60 ct","Tide Multivitamin Vitamins, 60 ct — Vitamins & Wellness",Tide,False,60 ct,Household,Health & Beauty,Vitamins & Wellness,Health & Household,Personal Care,Vitamins & Wellness,8.78
grocery,KRG,KRG,KRG-HE-61-1233,"Tide Probiotic Vitamins, 60 ct","Tide Probiotic Vitamins, 60 ct — Vitamins & Wellness",Tide,False,60 ct,Household,Health & Beauty,Vitamins & Wellness,Health & Household,Personal Care,Vitamins & Wellness,9.04
grocery,KRG,KRG,KRG-HE-61-1234,"Tide Pain Relief Vitamins, 60 ct","Tide Pain Relief Vitamins, 60 ct — Vitamins & Wellness",Tide,False,60 ct,Household,Health & Beauty,Vitamins & Wellness,Health & Household,Personal Care,Vitamins & Wellness,9.07
grocery,KRG,KRG,KRG-HE-61-1235,"Tide Vitamin D Vitamins, 100 ct","Tide Vitamin D Vitamins, 100 ct — Vitamins & Wellness",Tide,False,100 ct,Household,Health & Beauty,Vitamins & Wellness,Health & Household,Personal Care,Vitamins & Wellness,8.88
grocery,KRG,KRG,KRG-HE-61-1236,"Tide Probiotic Vitamins, 100 ct","Tide Probiotic Vitamins, 100 ct — Vitamins & Wellness",Tide,False,100 ct,Household,Health & Beauty,Vitamins & Wellness,Health & Household,Personal Care,Vitamins & Wellness,9.06
grocery,KRG,KRG,KRG-HE-61-1237,"Bounty Vitamin D Vitamins, 60 ct","Bounty Vitamin D Vitamins, 60 ct — Vitamins & Wellness",Bounty,False,60 ct,Household,Health & Beauty,Vitamins & Wellness,Health & Household,Personal Care,Vitamins & Wellness,9.68
grocery,KRG,KRG,KRG-HE-61-1238,"Bounty Pain Relief Vitamins, 60 ct","Bounty Pain Relief Vitamins, 60 ct — Vitamins & Wellness",Bounty,False,60 ct,Household,Health & Beauty,Vitamins & Wellness,Health & Household,Personal Care,Vitamins & Wellness,9.91
grocery,KRG,KRG,KRG-HE-61-1239,"Bounty Vitamin D Vitamins, 100 ct","Bounty Vitamin D Vitamins, 100 ct — Vitamins & Wellness",Bounty,False,100 ct,Household,Health & Beauty,Vitamins & Wellness,Health & Household,Personal Care,Vitamins & Wellness,10.29
grocery,KRG,KRG,KRG-HE-61-1240,"Kroger Probiotic Vitamins, 100 ct","Kroger Probiotic Vitamins, 100 ct — Vitamins & Wellness",Kroger,True,100 ct,Household,Health & Beauty,Vitamins & Wellness,Health & Household,Personal Care,Vitamins & Wellness,7.8
grocery,KRG,KRG,KRG-HE-61-1241,"Kroger Multivitamin Vitamins, 60 ct","Kroger Multivitamin Vitamins, 60 ct — Vitamins & Wellness",Kroger,True,60 ct,Household,Health & Beauty,Vitamins & Wellness,Health & Household,Personal Care,Vitamins & Wellness,8.34
grocery,KRG,KRG,KRG-HE-61-1242,"Kroger Vitamin D Vitamins, 60 ct","Kroger Vitamin D Vitamins, 60 ct — Vitamins & Wellness",Kroger,True,60 ct,Household,Health & Beauty,Vitamins & Wellness,Health & Household,Personal Care,Vitamins & Wellness,8.27
grocery,KRG,KRG,KRG-HE-61-1243,"Kroger Probiotic Vitamins, 60 ct","Kroger Probiotic Vitamins, 60 ct — Vitamins & Wellness",Kroger,True,60 ct,Household,Health & Beauty,Vitamins & Wellness,Health & Household,Personal Care,Vitamins & Wellness,7.97
grocery,KRG,KRG,KRG-HE-61-1244,"Kroger Multivitamin Vitamins, 100 ct","Kroger Multivitamin Vitamins, 100 ct — Vitamins & Wellness",Kroger,True,100 ct,Household,Health & Beauty,Vitamins & Wellness,Health & Household,Personal Care,Vitamins & Wellness,8.18
grocery,KRG,KRG,KRG-HE-61-1245,"Kroger Vitamin D Vitamins, 100 ct","Kroger Vitamin D Vitamins, 100 ct — Vitamins & Wellness",Kroger,True,100 ct,Household,Health & Beauty,Vitamins & Wellness,Health & Household,Personal Care,Vitamins & Wellness,8.98
grocery,KRG,KRG,KRG-ME-20-0356,"Tyson 80/20 Ground Ground Beef, 1 lb","Tyson 80/20 Ground Ground Beef, 1 lb — Ground Beef",Tyson,False,1 lb,Meat & Seafood,Beef,Ground Beef,Meat & Seafood,Beef,Ground Beef,5.01
grocery,KRG,KRG,KRG-ME-20-0357,"Tyson 93/7 Lean Ground Ground Beef, 1 lb","Tyson 93/7 Lean Ground Ground Beef, 1 lb — Ground Beef",Tyson,False,1 lb,Meat & Seafood,Beef,Ground Beef,Meat & Seafood,Beef,Ground Beef,4.93
grocery,KRG,KRG,KRG-ME-20-0358,"Tyson 80/20 Ground Ground Beef, 3 lb","Tyson 80/20 Ground Ground Beef, 3 lb — Ground Beef",Tyson,False,3 lb,Meat & Seafood,Beef,Ground Beef,Meat & Seafood,Beef,Ground Beef,5.46
grocery,KRG,KRG,KRG-ME-20-0359,"Tyson 93/7 Lean Ground Ground Beef, 3 lb","Tyson 93/7 Lean Ground Ground Beef, 3 lb — Ground Beef",Tyson,False,3 lb,Meat & Seafood,Beef,Ground Beef,Meat & Seafood,Beef,Ground Beef,5.41
grocery,KRG,KRG,KRG-ME-20-0360,"Perdue 80/20 Ground Ground Beef, 1 lb","Perdue 80/20 Ground Ground Beef, 1 lb — Ground Beef",Perdue,False,1 lb,Meat & Seafood,Beef,Ground Beef,Meat & Seafood,Beef,Ground Beef,5.52
grocery,KRG,KRG,KRG-ME-20-0361,"Perdue 93/7 Lean Ground Ground Beef, 1 lb","Perdue 93/7 Lean Ground Ground Beef, 1 lb — Ground Beef",Perdue,False,1 lb,Meat & Seafood,Beef,Ground Beef,Meat & Seafood,Beef,Ground Beef,5.52
grocery,KRG,KRG,KRG-ME-20-0362,"Perdue 80/20 Ground Ground Beef, 3 lb","Perdue 80/20 Ground Ground Beef, 3 lb — Ground Beef",Perdue,False,3 lb,Meat & Seafood,Beef,Ground Beef,Meat & Seafood,Beef,Ground Beef,5.79
grocery,KRG,KRG,KRG-ME-20-0363,"Perdue 93/7 Lean Ground Ground Beef, 3 lb","Perdue 93/7 Lean Ground Ground Beef, 3 lb — Ground Beef",Perdue,False,3 lb,Meat & Seafood,Beef,Ground Beef,Meat & Seafood,Beef,Ground Beef,5.75
grocery,KRG,KRG,KRG-ME-20-0364,"Oscar Mayer 80/20 Ground Ground Beef, 1 lb","Oscar Mayer 80/20 Ground Ground Beef, 1 lb — Ground Beef",Oscar Mayer,False,1 lb,Meat & Seafood,Beef,Ground Beef,Meat & Seafood,Beef,Ground Beef,6.0
grocery,KRG,KRG,KRG-ME-20-0365,"Oscar Mayer 93/7 Lean Ground Ground Beef, 1 lb","Oscar Mayer 93/7 Lean Ground Ground Beef, 1 lb — Ground Beef",Oscar Mayer,False,1 lb,Meat & Seafood,Beef,Ground Beef,Meat & Seafood,Beef,Ground Beef,5.94
grocery,KRG,KRG,KRG-ME-20-0366,"Oscar Mayer 80/20 Ground Ground Beef, 3 lb","Oscar Mayer 80/20 Ground Ground Beef, 3 lb — Ground Beef",Oscar Mayer,False,3 lb,Meat & Seafood,Beef,Ground Beef,Meat & Seafood,Beef,Ground Beef,6.47
grocery,KRG,KRG,KRG-ME-20-0367,"Kroger 93/7 Lean Ground Ground Beef, 3 lb","Kroger 93/7 Lean Ground Ground Beef, 3 lb — Ground Beef",Kroger,True,3 lb,Meat & Seafood,Beef,Ground Beef,Meat & Seafood,Beef,Ground Beef,4.75
grocery,KRG,KRG,KRG-ME-20-0368,"Kroger 80/20 Ground Ground Beef, 1 lb","Kroger 80/20 Ground Ground Beef, 1 lb — Ground Beef",Kroger,True,1 lb,Meat & Seafood,Beef,Ground Beef,Meat & Seafood,Beef,Ground Beef,5.05
grocery,KRG,KRG,KRG-ME-20-0369,"Kroger 93/7 Lean Ground Ground Beef, 1 lb","Kroger 93/7 Lean Ground Ground Beef, 1 lb — Ground Beef",Kroger,True,1 lb,Meat & Seafood,Beef,Ground Beef,Meat & Seafood,Beef,Ground Beef,4.83
grocery,KRG,KRG,KRG-ME-20-0370,"Kroger 80/20 Ground Ground Beef, 3 lb","Kroger 80/20 Ground Ground Beef, 3 lb — Ground Beef",Kroger,True,3 lb,Meat & Seafood,Beef,Ground Beef,Meat & Seafood,Beef,Ground Beef,5.29
grocery,KRG,KRG,KRG-ME-21-0371,"Tyson Filet Mignon Steak, per lb","Tyson Filet Mignon Steak, per lb — Beef Steaks",Tyson,False,per lb,Meat & Seafood,Beef,Beef Steaks,Meat & Seafood,Beef,Beef Steaks,10.14
grocery,KRG,KRG,KRG-ME-21-0372,"Perdue Ribeye Steak, per lb","Perdue Ribeye Steak, per lb — Beef Steaks",Perdue,False,per lb,Meat & Seafood,Beef,Beef Steaks,Meat & Seafood,Beef,Beef Steaks,9.73
grocery,KRG,KRG,KRG-ME-21-0373,"Perdue Sirloin Steak, per lb","Perdue Sirloin Steak, per lb — Beef Steaks",Perdue,False,per lb,Meat & Seafood,Beef,Beef Steaks,Meat & Seafood,Beef,Beef Steaks,10.19
grocery,KRG,KRG,KRG-ME-21-0374,"Perdue Filet Mignon Steak, per lb","Perdue Filet Mignon Steak, per lb — Beef Steaks",Perdue,False,per lb,Meat & Seafood,Beef,Beef Steaks,Meat & Seafood,Beef,Beef Steaks,10.38
grocery,KRG,KRG,KRG-ME-21-0375,"Oscar Mayer Ribeye Steak, per lb","Oscar Mayer Ribeye Steak, per lb — Beef Steaks",Oscar Mayer,False,per lb,Meat & Seafood,Beef,Beef Steaks,Meat & Seafood,Beef,Beef Steaks,11.36
grocery,KRG,KRG,KRG-ME-21-0376,"Hillshire Farm Ribeye Steak, per lb","Hillshire Farm Ribeye Steak, per lb — Beef Steaks",Hillshire Farm,False,per lb,Meat & Seafood,Beef,Beef Steaks,Meat & Seafood,Beef,Beef Steaks,12.06
grocery,KRG,KRG,KRG-ME-21-0377,"Hillshire Farm NY Strip Steak, per lb","Hillshire Farm NY Strip Steak, per lb — Beef Steaks",Hillshire Farm,False,per lb,Meat & Seafood,Beef,Beef Steaks,Meat & Seafood,Beef,Beef Steaks,11.36
grocery,KRG,KRG,KRG-ME-21-0378,"Hillshire Farm Sirloin Steak, per lb","Hillshire Farm Sirloin Steak, per lb — Beef Steaks",Hillshire Farm,False,per lb,Meat & Seafood,Beef,Beef Steaks,Meat & Seafood,Beef,Beef Steaks,12.4
grocery,KRG,KRG,KRG-ME-21-0379,"Applegate Ribeye Steak, per lb","Applegate Ribeye Steak, per lb — Beef Steaks",Applegate,False,per lb,Meat & Seafood,Beef,Beef Steaks,Meat & Seafood,Beef,Beef Steaks,11.61
grocery,KRG,KRG,KRG-ME-21-0380,"Applegate NY Strip Steak, per lb","Applegate NY Strip Steak, per lb — Beef Steaks",Applegate,False,per lb,Meat & Seafood,Beef,Beef Steaks,Meat & Seafood,Beef,Beef Steaks,11.93
grocery,KRG,KRG,KRG-ME-21-0381,"Applegate Sirloin Steak, per lb","Applegate Sirloin Steak, per lb — Beef Steaks",Applegate,False,per lb,Meat & Seafood,Beef,Beef Steaks,Meat & Seafood,Beef,Beef Steaks,12.28
grocery,KRG,KRG,KRG-ME-21-0382,"Applegate Filet Mignon Steak, per lb","Applegate Filet Mignon Steak, per lb — Beef Steaks",Applegate,False,per lb,Meat & Seafood,Beef,Beef Steaks,Meat & Seafood,Beef,Beef Steaks,12.9
grocery,KRG,KRG,KRG-ME-21-0383,"Kroger NY Strip Steak, per lb","Kroger NY Strip Steak, per lb — Beef Steaks",Kroger,True,per lb,Meat & Seafood,Beef,Beef Steaks,Meat & Seafood,Beef,Beef Steaks,9.99
grocery,KRG,KRG,KRG-ME-22-0384,"Tyson Boneless Skinless Breast Chicken, per lb","Tyson Boneless Skinless Breast Chicken, per lb — Chicken",Tyson,False,per lb,Meat & Seafood,Chicken,Chicken,Meat & Seafood,Poultry,Chicken,4.19
grocery,KRG,KRG,KRG-ME-22-0385,"Tyson Thighs Chicken, per lb","Tyson Thighs Chicken, per lb — Chicken",Tyson,False,per lb,Meat & Seafood,Chicken,Chicken,Meat & Seafood,Poultry,Chicken,4.44
grocery,KRG,KRG,KRG-ME-22-0386,"Tyson Drumsticks Chicken, per lb","Tyson Drumsticks Chicken, per lb — Chicken",Tyson,False,per lb,Meat & Seafood,Chicken,Chicken,Meat & Seafood,Poultry,Chicken,4.44
grocery,KRG,KRG,KRG-ME-22-0387,"Tyson Whole Chicken Chicken, per lb","Tyson Whole Chicken Chicken, per lb — Chicken",Tyson,False,per lb,Meat & Seafood,Chicken,Chicken,Meat & Seafood,Poultry,Chicken,4.26
grocery,KRG,KRG,KRG-ME-22-0388,"Tyson Boneless Skinless Breast Chicken, family pack","Tyson Boneless Skinless Breast Chicken, family pack — Chicken",Tyson,False,family pack,Meat & Seafood,Chicken,Chicken,Meat & Seafood,Poultry,Chicken,4.4
grocery,KRG,KRG,KRG-ME-22-0389,"Tyson Thighs Chicken, family pack","Tyson Thighs Chicken, family pack — Chicken",Tyson,False,family pack,Meat & Seafood,Chicken,Chicken,Meat & Seafood,Poultry,Chicken,4.64
grocery,KRG,KRG,KRG-ME-22-0390,"Tyson Drumsticks Chicken, family pack","Tyson Drumsticks Chicken, family pack — Chicken",Tyson,False,family pack,Meat & Seafood,Chicken,Chicken,Meat & Seafood,Poultry,Chicken,4.55
grocery,KRG,KRG,KRG-ME-22-0391,"Tyson Whole Chicken Chicken, family pack","Tyson Whole Chicken Chicken, family pack — Chicken",Tyson,False,family pack,Meat & Seafood,Chicken,Chicken,Meat & Seafood,Poultry,Chicken,4.73
grocery,KRG,KRG,KRG-ME-22-0392,"Perdue Boneless Skinless Breast Chicken, per lb","Perdue Boneless Skinless Breast Chicken, per lb — Chicken",Perdue,False,per lb,Meat & Seafood,Chicken,Chicken,Meat & Seafood,Poultry,Chicken,4.89
grocery,KRG,KRG,KRG-ME-22-0393,"Perdue Thighs Chicken, per lb","Perdue Thighs Chicken, per lb — Chicken",Perdue,False,per lb,Meat & Seafood,Chicken,Chicken,Meat & Seafood,Poultry,Chicken,4.81
grocery,KRG,KRG,KRG-ME-22-0394,"Perdue Drumsticks Chicken, per lb","Perdue Drumsticks Chicken, per lb — Chicken",Perdue,False,per lb,Meat & Seafood,Chicken,Chicken,Meat & Seafood,Poultry,Chicken,5.0
grocery,KRG,KRG,KRG-ME-22-0395,"Perdue Whole Chicken Chicken, per lb","Perdue Whole Chicken Chicken, per lb — Chicken",Perdue,False,per lb,Meat & Seafood,Chicken,Chicken,Meat & Seafood,Poultry,Chicken,5.01
grocery,KRG,KRG,KRG-ME-22-0396,"Perdue Boneless Skinless Breast Chicken, family pack","Perdue Boneless Skinless Breast Chicken, family pack — Chicken",Perdue,False,family pack,Meat & Seafood,Chicken,Chicken,Meat & Seafood,Poultry,Chicken,5.21
grocery,KRG,KRG,KRG-ME-22-0397,"Perdue Thighs Chicken, family pack","Perdue Thighs Chicken, family pack — Chicken",Perdue,False,family pack,Meat & Seafood,Chicken,Chicken,Meat & Seafood,Poultry,Chicken,5.16
grocery,KRG,KRG,KRG-ME-22-0398,"Perdue Drumsticks Chicken, family pack","Perdue Drumsticks Chicken, family pack — Chicken",Perdue,False,family pack,Meat & Seafood,Chicken,Chicken,Meat & Seafood,Poultry,Chicken,5.31
grocery,KRG,KRG,KRG-ME-22-0399,"Perdue Whole Chicken Chicken, family pack","Perdue Whole Chicken Chicken, family pack — Chicken",Perdue,False,family pack,Meat & Seafood,Chicken,Chicken,Meat & Seafood,Poultry,Chicken,5.02
grocery,KRG,KRG,KRG-ME-22-0400,"Kroger Boneless Skinless Breast Chicken, per lb","Kroger Boneless Skinless Breast Chicken, per lb — Chicken",Kroger,True,per lb,Meat & Seafood,Chicken,Chicken,Meat & Seafood,Poultry,Chicken,4.08
grocery,KRG,KRG,KRG-ME-22-0401,"Kroger Thighs Chicken, per lb","Kroger Thighs Chicken, per lb — Chicken",Kroger,True,per lb,Meat & Seafood,Chicken,Chicken,Meat & Seafood,Poultry,Chicken,4.19
grocery,KRG,KRG,KRG-ME-22-0402,"Kroger Drumsticks Chicken, per lb","Kroger Drumsticks Chicken, per lb — Chicken",Kroger,True,per lb,Meat & Seafood,Chicken,Chicken,Meat & Seafood,Poultry,Chicken,4.07
grocery,KRG,KRG,KRG-ME-22-0403,"Kroger Whole Chicken Chicken, per lb","Kroger Whole Chicken Chicken, per lb — Chicken",Kroger,True,per lb,Meat & Seafood,Chicken,Chicken,Meat & Seafood,Poultry,Chicken,4.26
grocery,KRG,KRG,KRG-ME-22-0404,"Kroger Boneless Skinless Breast Chicken, family pack","Kroger Boneless Skinless Breast Chicken, family pack — Chicken",Kroger,True,family pack,Meat & Seafood,Chicken,Chicken,Meat & Seafood,Poultry,Chicken,4.37
grocery,KRG,KRG,KRG-ME-22-0405,"Kroger Thighs Chicken, family pack","Kroger Thighs Chicken, family pack — Chicken",Kroger,True,family pack,Meat & Seafood,Chicken,Chicken,Meat & Seafood,Poultry,Chicken,4.1
grocery,KRG,KRG,KRG-ME-23-0406,"Tyson Chops Pork, per lb","Tyson Chops Pork, per lb — Pork Cuts",Tyson,False,per lb,Meat & Seafood,Pork,Pork Cuts,Meat & Seafood,Pork,Pork Cuts,3.77
grocery,KRG,KRG,KRG-ME-23-0407,"Tyson Tenderloin Pork, per lb","Tyson Tenderloin Pork, per lb — Pork Cuts",Tyson,False,per lb,Meat & Seafood,Pork,Pork Cuts,Meat & Seafood,Pork,Pork Cuts,3.73
grocery,KRG,KRG,KRG-ME-23-0408,"Tyson Ribs Pork, per lb","Tyson Ribs Pork, per lb — Pork Cuts",Tyson,False,per lb,Meat & Seafood,Pork,Pork Cuts,Meat & Seafood,Pork,Pork Cuts,3.93
grocery,KRG,KRG,KRG-ME-23-0409,"Perdue Chops Pork, per lb","Perdue Chops Pork, per lb — Pork Cuts",Perdue,False,per lb,Meat & Seafood,Pork,Pork Cuts,Meat & Seafood,Pork,Pork Cuts,4.01
grocery,KRG,KRG,KRG-ME-23-0410,"Perdue Tenderloin Pork, per lb","Perdue Tenderloin Pork, per lb — Pork Cuts",Perdue,False,per lb,Meat & Seafood,Pork,Pork Cuts,Meat & Seafood,Pork,Pork Cuts,4.16
grocery,KRG,KRG,KRG-ME-23-0411,"Perdue Ribs Pork, per lb","Perdue Ribs Pork, per lb — Pork Cuts",Perdue,False,per lb,Meat & Seafood,Pork,Pork Cuts,Meat & Seafood,Pork,Pork Cuts,3.99
grocery,KRG,KRG,KRG-ME-23-0412,"Oscar Mayer Chops Pork, per lb","Oscar Mayer Chops Pork, per lb — Pork Cuts",Oscar Mayer,False,per lb,Meat & Seafood,Pork,Pork Cuts,Meat & Seafood,Pork,Pork Cuts,4.04
grocery,KRG,KRG,KRG-ME-23-0413,"Oscar Mayer Tenderloin Pork, per lb","Oscar Mayer Tenderloin Pork, per lb — Pork Cuts",Oscar Mayer,False,per lb,Meat & Seafood,Pork,Pork Cuts,Meat & Seafood,Pork,Pork Cuts,4.25
grocery,KRG,KRG,KRG-ME-23-0414,"Oscar Mayer Ribs Pork, per lb","Oscar Mayer Ribs Pork, per lb — Pork Cuts",Oscar Mayer,False,per lb,Meat & Seafood,Pork,Pork Cuts,Meat & Seafood,Pork,Pork Cuts,4.42
grocery,KRG,KRG,KRG-ME-23-0415,"Hillshire Farm Chops Pork, per lb","Hillshire Farm Chops Pork, per lb — Pork Cuts",Hillshire Farm,False,per lb,Meat & Seafood,Pork,Pork Cuts,Meat & Seafood,Pork,Pork Cuts,4.4
grocery,KRG,KRG,KRG-ME-23-0416,"Hillshire Farm Tenderloin Pork, per lb","Hillshire Farm Tenderloin Pork, per lb — Pork Cuts",Hillshire Farm,False,per lb,Meat & Seafood,Pork,Pork Cuts,Meat & Seafood,Pork,Pork Cuts,4.8
grocery,KRG,KRG,KRG-ME-23-0417,"Hillshire Farm Ribs Pork, per lb","Hillshire Farm Ribs Pork, per lb — Pork Cuts",Hillshire Farm,False,per lb,Meat & Seafood,Pork,Pork Cuts,Meat & Seafood,Pork,Pork Cuts,4.54
grocery,KRG,KRG,KRG-ME-23-0418,"Kroger Chops Pork, per lb","Kroger Chops Pork, per lb — Pork Cuts",Kroger,True,per lb,Meat & Seafood,Pork,Pork Cuts,Meat & Seafood,Pork,Pork Cuts,3.68
grocery,KRG,KRG,KRG-ME-23-0419,"Kroger Tenderloin Pork, per lb","Kroger Tenderloin Pork, per lb — Pork Cuts",Kroger,True,per lb,Meat & Seafood,Pork,Pork Cuts,Meat & Seafood,Pork,Pork Cuts,3.75
grocery,KRG,KRG,KRG-ME-23-0420,"Kroger Ribs Pork, per lb","Kroger Ribs Pork, per lb — Pork Cuts",Kroger,True,per lb,Meat & Seafood,Pork,Pork Cuts,Meat & Seafood,Pork,Pork Cuts,3.72
grocery,KRG,KRG,KRG-ME-24-0421,"Tyson Bacon Bacon, 12 oz","Tyson Bacon Bacon, 12 oz — Bacon & Sausage",Tyson,False,12 oz,Meat & Seafood,Pork,Bacon & Sausage,Meat & Seafood,Pork,Bacon & Sausage,4.73
grocery,KRG,KRG,KRG-ME-24-0422,"Tyson Breakfast Sausage Bacon, 12 oz","Tyson Breakfast Sausage Bacon, 12 oz — Bacon & Sausage",Tyson,False,12 oz,Meat & Seafood,Pork,Bacon & Sausage,Meat & Seafood,Pork,Bacon & Sausage,5.14
grocery,KRG,KRG,KRG-ME-24-0423,"Tyson Italian Sausage Bacon, 12 oz","Tyson Italian Sausage Bacon, 12 oz — Bacon & Sausage",Tyson,False,12 oz,Meat & Seafood,Pork,Bacon & Sausage,Meat & Seafood,Pork,Bacon & Sausage,5.05
grocery,KRG,KRG,KRG-ME-24-0424,"Tyson Bacon Bacon, 16 oz","Tyson Bacon Bacon, 16 oz — Bacon & Sausage",Tyson,False,16 oz,Meat & Seafood,Pork,Bacon & Sausage,Meat & Seafood,Pork,Bacon & Sausage,5.3
grocery,KRG,KRG,KRG-ME-24-0425,"Tyson Breakfast Sausage Bacon, 16 oz","Tyson Breakfast Sausage Bacon, 16 oz — Bacon & Sausage",Tyson,False,16 oz,Meat & Seafood,Pork,Bacon & Sausage,Meat & Seafood,Pork,Bacon & Sausage,5.48
grocery,KRG,KRG,KRG-ME-24-0426,"Tyson Italian Sausage Bacon, 16 oz","Tyson Italian Sausage Bacon, 16 oz — Bacon & Sausage",Tyson,False,16 oz,Meat & Seafood,Pork,Bacon & Sausage,Meat & Seafood,Pork,Bacon & Sausage,5.16
grocery,KRG,KRG,KRG-ME-24-0427,"Perdue Bacon Bacon, 12 oz","Perdue Bacon Bacon, 12 oz — Bacon & Sausage",Perdue,False,12 oz,Meat & Seafood,Pork,Bacon & Sausage,Meat & Seafood,Pork,Bacon & Sausage,5.33
grocery,KRG,KRG,KRG-ME-24-0428,"Perdue Breakfast Sausage Bacon, 12 oz","Perdue Breakfast Sausage Bacon, 12 oz — Bacon & Sausage",Perdue,False,12 oz,Meat & Seafood,Pork,Bacon & Sausage,Meat & Seafood,Pork,Bacon & Sausage,5.55
grocery,KRG,KRG,KRG-ME-24-0429,"Perdue Italian Sausage Bacon, 12 oz","Perdue Italian Sausage Bacon, 12 oz — Bacon & Sausage",Perdue,False,12 oz,Meat & Seafood,Pork,Bacon & Sausage,Meat & Seafood,Pork,Bacon & Sausage,5.67
grocery,KRG,KRG,KRG-ME-24-0430,"Perdue Bacon Bacon, 16 oz","Perdue Bacon Bacon, 16 oz — Bacon & Sausage",Perdue,False,16 oz,Meat & Seafood,Pork,Bacon & Sausage,Meat & Seafood,Pork,Bacon & Sausage,5.94
grocery,KRG,KRG,KRG-ME-24-0431,"Perdue Breakfast Sausage Bacon, 16 oz","Perdue Breakfast Sausage Bacon, 16 oz — Bacon & Sausage",Perdue,False,16 oz,Meat & Seafood,Pork,Bacon & Sausage,Meat & Seafood,Pork,Bacon & Sausage,5.67
grocery,KRG,KRG,KRG-ME-24-0432,"Perdue Italian Sausage Bacon, 16 oz","Perdue Italian Sausage Bacon, 16 oz — Bacon & Sausage",Perdue,False,16 oz,Meat & Seafood,Pork,Bacon & Sausage,Meat & Seafood,Pork,Bacon & Sausage,5.75
grocery,KRG,KRG,KRG-ME-24-0433,"Oscar Mayer Bacon Bacon, 12 oz","Oscar Mayer Bacon Bacon, 12 oz — Bacon & Sausage",Oscar Mayer,False,12 oz,Meat & Seafood,Pork,Bacon & Sausage,Meat & Seafood,Pork,Bacon & Sausage,6.15
grocery,KRG,KRG,KRG-ME-24-0434,"Oscar Mayer Breakfast Sausage Bacon, 12 oz","Oscar Mayer Breakfast Sausage Bacon, 12 oz — Bacon & Sausage",Oscar Mayer,False,12 oz,Meat & Seafood,Pork,Bacon & Sausage,Meat & Seafood,Pork,Bacon & Sausage,5.89
grocery,KRG,KRG,KRG-ME-24-0435,"Kroger Italian Sausage Bacon, 12 oz","Kroger Italian Sausage Bacon, 12 oz — Bacon & Sausage",Kroger,True,12 oz,Meat & Seafood,Pork,Bacon & Sausage,Meat & Seafood,Pork,Bacon & Sausage,4.66
grocery,KRG,KRG,KRG-ME-24-0436,"Kroger Bacon Bacon, 16 oz","Kroger Bacon Bacon, 16 oz — Bacon & Sausage",Kroger,True,16 oz,Meat & Seafood,Pork,Bacon & Sausage,Meat & Seafood,Pork,Bacon & Sausage,4.73
grocery,KRG,KRG,KRG-ME-24-0437,"Kroger Breakfast Sausage Bacon, 16 oz","Kroger Breakfast Sausage Bacon, 16 oz — Bacon & Sausage",Kroger,True,16 oz,Meat & Seafood,Pork,Bacon & Sausage,Meat & Seafood,Pork,Bacon & Sausage,4.67
grocery,KRG,KRG,KRG-ME-24-0438,"Kroger Italian Sausage Bacon, 16 oz","Kroger Italian Sausage Bacon, 16 oz — Bacon & Sausage",Kroger,True,16 oz,Meat & Seafood,Pork,Bacon & Sausage,Meat & Seafood,Pork,Bacon & Sausage,4.59
grocery,KRG,KRG,KRG-ME-24-0439,"Kroger Bacon Bacon, 12 oz","Kroger Bacon Bacon, 12 oz — Bacon & Sausage",Kroger,True,12 oz,Meat & Seafood,Pork,Bacon & Sausage,Meat & Seafood,Pork,Bacon & Sausage,5.04
grocery,KRG,KRG,KRG-ME-24-0440,"Kroger Breakfast Sausage Bacon, 12 oz","Kroger Breakfast Sausage Bacon, 12 oz — Bacon & Sausage",Kroger,True,12 oz,Meat & Seafood,Pork,Bacon & Sausage,Meat & Seafood,Pork,Bacon & Sausage,4.94
grocery,KRG,KRG,KRG-ME-25-0441,"Tyson Salmon Fillet Seafood, per lb","Tyson Salmon Fillet Seafood, per lb — Fish & Shellfish",Tyson,False,per lb,Meat & Seafood,Seafood,Fish & Shellfish,Meat & Seafood,Seafood,Fish & Shellfish,8.11
grocery,KRG,KRG,KRG-ME-25-0442,"Tyson Shrimp Seafood, per lb","Tyson Shrimp Seafood, per lb — Fish & Shellfish",Tyson,False,per lb,Meat & Seafood,Seafood,Fish & Shellfish,Meat & Seafood,Seafood,Fish & Shellfish,8.43
grocery,KRG,KRG,KRG-ME-25-0443,"Tyson Tilapia Seafood, per lb","Tyson Tilapia Seafood, per lb — Fish & Shellfish",Tyson,False,per lb,Meat & Seafood,Seafood,Fish & Shellfish,Meat & Seafood,Seafood,Fish & Shellfish,8.48
grocery,KRG,KRG,KRG-ME-25-0444,"Tyson Cod Seafood, per lb","Tyson Cod Seafood, per lb — Fish & Shellfish",Tyson,False,per lb,Meat & Seafood,Seafood,Fish & Shellfish,Meat & Seafood,Seafood,Fish & Shellfish,8.47
grocery,KRG,KRG,KRG-ME-25-0445,"Tyson Salmon Fillet Seafood, 12 oz","Tyson Salmon Fillet Seafood, 12 oz — Fish & Shellfish",Tyson,False,12 oz,Meat & Seafood,Seafood,Fish & Shellfish,Meat & Seafood,Seafood,Fish & Shellfish,8.82
grocery,KRG,KRG,KRG-ME-25-0446,"Tyson Shrimp Seafood, 12 oz","Tyson Shrimp Seafood, 12 oz — Fish & Shellfish",Tyson,False,12 oz,Meat & Seafood,Seafood,Fish & Shellfish,Meat & Seafood,Seafood,Fish & Shellfish,8.32
grocery,KRG,KRG,KRG-ME-25-0447,"Tyson Cod Seafood, 12 oz","Tyson Cod Seafood, 12 oz — Fish & Shellfish",Tyson,False,12 oz,Meat & Seafood,Seafood,Fish & Shellfish,Meat & Seafood,Seafood,Fish & Shellfish,9.17
grocery,KRG,KRG,KRG-ME-25-0448,"Perdue Salmon Fillet Seafood, per lb","Perdue Salmon Fillet Seafood, per lb — Fish & Shellfish",Perdue,False,per lb,Meat & Seafood,Seafood,Fish & Shellfish,Meat & Seafood,Seafood,Fish & Shellfish,8.97
grocery,KRG,KRG,KRG-ME-25-0449,"Perdue Shrimp Seafood, per lb","Perdue Shrimp Seafood, per lb — Fish & Shellfish",Perdue,False,per lb,Meat & Seafood,Seafood,Fish & Shellfish,Meat & Seafood,Seafood,Fish & Shellfish,9.3
grocery,KRG,KRG,KRG-ME-25-0450,"Perdue Tilapia Seafood, per lb","Perdue Tilapia Seafood, per lb — Fish & Shellfish",Perdue,False,per lb,Meat & Seafood,Seafood,Fish & Shellfish,Meat & Seafood,Seafood,Fish & Shellfish,9.03
grocery,KRG,KRG,KRG-ME-25-0451,"Perdue Shrimp Seafood, 12 oz","Perdue Shrimp Seafood, 12 oz — Fish & Shellfish",Perdue,False,12 oz,Meat & Seafood,Seafood,Fish & Shellfish,Meat & Seafood,Seafood,Fish & Shellfish,9.94
grocery,KRG,KRG,KRG-ME-25-0452,"Perdue Cod Seafood, 12 oz","Perdue Cod Seafood, 12 oz — Fish & Shellfish",Perdue,False,12 oz,Meat & Seafood,Seafood,Fish & Shellfish,Meat & Seafood,Seafood,Fish & Shellfish,10.03
grocery,KRG,KRG,KRG-ME-25-0453,"Oscar Mayer Shrimp Seafood, per lb","Oscar Mayer Shrimp Seafood, per lb — Fish & Shellfish",Oscar Mayer,False,per lb,Meat & Seafood,Seafood,Fish & Shellfish,Meat & Seafood,Seafood,Fish & Shellfish,9.77
grocery,KRG,KRG,KRG-ME-25-0454,"Oscar Mayer Tilapia Seafood, per lb","Oscar Mayer Tilapia Seafood, per lb — Fish & Shellfish",Oscar Mayer,False,per lb,Meat & Seafood,Seafood,Fish & Shellfish,Meat & Seafood,Seafood,Fish & Shellfish,10.7
grocery,KRG,KRG,KRG-ME-25-0455,"Kroger Shrimp Seafood, 12 oz","Kroger Shrimp Seafood, 12 oz — Fish & Shellfish",Kroger,True,12 oz,Meat & Seafood,Seafood,Fish & Shellfish,Meat & Seafood,Seafood,Fish & Shellfish,7.95
grocery,KRG,KRG,KRG-ME-26-0456,"Tyson Turkey Lunch Meat, 9 oz","Tyson Turkey Lunch Meat, 9 oz — Lunch Meat",Tyson,False,9 oz,Meat & Seafood,Deli,Lunch Meat,Meat & Seafood,Deli,Lunch Meat,4.55
grocery,KRG,KRG,KRG-ME-26-0457,"Tyson Ham Lunch Meat, 9 oz","Tyson Ham Lunch Meat, 9 oz — Lunch Meat",Tyson,False,9 oz,Meat & Seafood,Deli,Lunch Meat,Meat & Seafood,Deli,Lunch Meat,4.73
grocery,KRG,KRG,KRG-ME-26-0458,"Tyson Roast Beef Lunch Meat, 9 oz","Tyson Roast Beef Lunch Meat, 9 oz — Lunch Meat",Tyson,False,9 oz,Meat & Seafood,Deli,Lunch Meat,Meat & Seafood,Deli,Lunch Meat,4.5
grocery,KRG,KRG,KRG-ME-26-0459,"Tyson Salami Lunch Meat, 9 oz","Tyson Salami Lunch Meat, 9 oz — Lunch Meat",Tyson,False,9 oz,Meat & Seafood,Deli,Lunch Meat,Meat & Seafood,Deli,Lunch Meat,4.69
grocery,KRG,KRG,KRG-ME-26-0460,"Tyson Turkey Lunch Meat, 16 oz","Tyson Turkey Lunch Meat, 16 oz — Lunch Meat",Tyson,False,16 oz,Meat & Seafood,Deli,Lunch Meat,Meat & Seafood,Deli,Lunch Meat,4.78
grocery,KRG,KRG,KRG-ME-26-0461,"Tyson Ham Lunch Meat, 16 oz","Tyson Ham Lunch Meat, 16 oz — Lunch Meat",Tyson,False,16 oz,Meat & Seafood,Deli,Lunch Meat,Meat & Seafood,Deli,Lunch Meat,5.12
grocery,KRG,KRG,KRG-ME-26-0462,"Tyson Roast Beef Lunch Meat, 16 oz","Tyson Roast Beef Lunch Meat, 16 oz — Lunch Meat",Tyson,False,16 oz,Meat & Seafood,Deli,Lunch Meat,Meat & Seafood,Deli,Lunch Meat,5.07
grocery,KRG,KRG,KRG-ME-26-0463,"Tyson Salami Lunch Meat, 16 oz","Tyson Salami Lunch Meat, 16 oz — Lunch Meat",Tyson,False,16 oz,Meat & Seafood,Deli,Lunch Meat,Meat & Seafood,Deli,Lunch Meat,4.9
grocery,KRG,KRG,KRG-ME-26-0464,"Perdue Turkey Lunch Meat, 9 oz","Perdue Turkey Lunch Meat, 9 oz — Lunch Meat",Perdue,False,9 oz,Meat & Seafood,Deli,Lunch Meat,Meat & Seafood,Deli,Lunch Meat,5.15
grocery,KRG,KRG,KRG-ME-26-0465,"Perdue Ham Lunch Meat, 9 oz","Perdue Ham Lunch Meat, 9 oz — Lunch Meat",Perdue,False,9 oz,Meat & Seafood,Deli,Lunch Meat,Meat & Seafood,Deli,Lunch Meat,5.01
grocery,KRG,KRG,KRG-ME-26-0466,"Perdue Roast Beef Lunch Meat, 9 oz","Perdue Roast Beef Lunch Meat, 9 oz — Lunch Meat",Perdue,False,9 oz,Meat & Seafood,Deli,Lunch Meat,Meat & Seafood,Deli,Lunch Meat,5.52
grocery,KRG,KRG,KRG-ME-26-0467,"Perdue Salami Lunch Meat, 9 oz","Perdue Salami Lunch Meat, 9 oz — Lunch Meat",Perdue,False,9 oz,Meat & Seafood,Deli,Lunch Meat,Meat & Seafood,Deli,Lunch Meat,5.2
grocery,KRG,KRG,KRG-ME-26-0468,"Perdue Turkey Lunch Meat, 16 oz","Perdue Turkey Lunch Meat, 16 oz — Lunch Meat",Perdue,False,16 oz,Meat & Seafood,Deli,Lunch Meat,Meat & Seafood,Deli,Lunch Meat,5.51
grocery,KRG,KRG,KRG-ME-26-0469,"Perdue Ham Lunch Meat, 16 oz","Perdue Ham Lunch Meat, 16 oz — Lunch Meat",Perdue,False,16 oz,Meat & Seafood,Deli,Lunch Meat,Meat & Seafood,Deli,Lunch Meat,5.51
grocery,KRG,KRG,KRG-ME-26-0470,"Kroger Roast Beef Lunch Meat, 16 oz","Kroger Roast Beef Lunch Meat, 16 oz — Lunch Meat",Kroger,True,16 oz,Meat & Seafood,Deli,Lunch Meat,Meat & Seafood,Deli,Lunch Meat,4.41
grocery,KRG,KRG,KRG-ME-26-0471,"Kroger Salami Lunch Meat, 16 oz","Kroger Salami Lunch Meat, 16 oz — Lunch Meat",Kroger,True,16 oz,Meat & Seafood,Deli,Lunch Meat,Meat & Seafood,Deli,Lunch Meat,4.22
grocery,KRG,KRG,KRG-ME-26-0472,"Kroger Turkey Lunch Meat, 9 oz","Kroger Turkey Lunch Meat, 9 oz — Lunch Meat",Kroger,True,9 oz,Meat & Seafood,Deli,Lunch Meat,Meat & Seafood,Deli,Lunch Meat,4.24
grocery,KRG,KRG,KRG-ME-26-0473,"Kroger Ham Lunch Meat, 9 oz","Kroger Ham Lunch Meat, 9 oz — Lunch Meat",Kroger,True,9 oz,Meat & Seafood,Deli,Lunch Meat,Meat & Seafood,Deli,Lunch Meat,4.33
grocery,KRG,KRG,KRG-ME-26-0474,"Kroger Roast Beef Lunch Meat, 9 oz","Kroger Roast Beef Lunch Meat, 9 oz — Lunch Meat",Kroger,True,9 oz,Meat & Seafood,Deli,Lunch Meat,Meat & Seafood,Deli,Lunch Meat,4.63
grocery,KRG,KRG,KRG-ME-26-0475,"Kroger Salami Lunch Meat, 9 oz","Kroger Salami Lunch Meat, 9 oz — Lunch Meat",Kroger,True,9 oz,Meat & Seafood,Deli,Lunch Meat,Meat & Seafood,Deli,Lunch Meat,4.37
grocery,KRG,KRG,KRG-PR-14-0234,"Dole Bananas Fruit, per lb","Dole Bananas Fruit, per lb — Bananas & Everyday Fruit",Dole,False,per lb,Produce,Fruit,Bananas & Everyday Fruit,Produce,Fresh Fruit,Bananas & Everyday Fruit,2.05
grocery,KRG,KRG,KRG-PR-14-0235,"Dole Apples Gala Fruit, per lb","Dole Apples Gala Fruit, per lb — Bananas & Everyday Fruit",Dole,False,per lb,Produce,Fruit,Bananas & Everyday Fruit,Produce,Fresh Fruit,Bananas & Everyday Fruit,2.07
grocery,KRG,KRG,KRG-PR-14-0236,"Dole Navel Oranges Fruit, per lb","Dole Navel Oranges Fruit, per lb — Bananas & Everyday Fruit",Dole,False,per lb,Produce,Fruit,Bananas & Everyday Fruit,Produce,Fresh Fruit,Bananas & Everyday Fruit,2.24
grocery,KRG,KRG,KRG-PR-14-0237,"Dole Grapes Fruit, per lb","Dole Grapes Fruit, per lb — Bananas & Everyday Fruit",Dole,False,per lb,Produce,Fruit,Bananas & Everyday Fruit,Produce,Fresh Fruit,Bananas & Everyday Fruit,2.11
grocery,KRG,KRG,KRG-PR-14-0238,"Dole Bananas Fruit, 3 lb bag","Dole Bananas Fruit, 3 lb bag — Bananas & Everyday Fruit",Dole,False,3 lb bag,Produce,Fruit,Bananas & Everyday Fruit,Produce,Fresh Fruit,Bananas & Everyday Fruit,2.33
grocery,KRG,KRG,KRG-PR-14-0239,"Dole Apples Gala Fruit, 3 lb bag","Dole Apples Gala Fruit, 3 lb bag — Bananas & Everyday Fruit",Dole,False,3 lb bag,Produce,Fruit,Bananas & Everyday Fruit,Produce,Fresh Fruit,Bananas & Everyday Fruit,2.19
grocery,KRG,KRG,KRG-PR-14-0240,"Dole Navel Oranges Fruit, 3 lb bag","Dole Navel Oranges Fruit, 3 lb bag — Bananas & Everyday Fruit",Dole,False,3 lb bag,Produce,Fruit,Bananas & Everyday Fruit,Produce,Fresh Fruit,Bananas & Everyday Fruit,2.27
grocery,KRG,KRG,KRG-PR-14-0241,"Dole Grapes Fruit, 3 lb bag","Dole Grapes Fruit, 3 lb bag — Bananas & Everyday Fruit",Dole,False,3 lb bag,Produce,Fruit,Bananas & Everyday Fruit,Produce,Fresh Fruit,Bananas & Everyday Fruit,2.38
grocery,KRG,KRG,KRG-PR-14-0242,"Driscoll's Bananas Fruit, per lb","Driscoll's Bananas Fruit, per lb — Bananas & Everyday Fruit",Driscoll's,False,per lb,Produce,Fruit,Bananas & Everyday Fruit,Produce,Fresh Fruit,Bananas & Everyday Fruit,2.38
grocery,KRG,KRG,KRG-PR-14-0243,"Driscoll's Apples Gala Fruit, per lb","Driscoll's Apples Gala Fruit, per lb — Bananas & Everyday Fruit",Driscoll's,False,per lb,Produce,Fruit,Bananas & Everyday Fruit,Produce,Fresh Fruit,Bananas & Everyday Fruit,2.47
grocery,KRG,KRG,KRG-PR-14-0244,"Driscoll's Navel Oranges Fruit, per lb","Driscoll's Navel Oranges Fruit, per lb — Bananas & Everyday Fruit",Driscoll's,False,per lb,Produce,Fruit,Bananas & Everyday Fruit,Produce,Fresh Fruit,Bananas & Everyday Fruit,2.54
grocery,KRG,KRG,KRG-PR-14-0245,"Driscoll's Grapes Fruit, per lb","Driscoll's Grapes Fruit, per lb — Bananas & Everyday Fruit",Driscoll's,False,per lb,Produce,Fruit,Bananas & Everyday Fruit,Produce,Fresh Fruit,Bananas & Everyday Fruit,2.46
grocery,KRG,KRG,KRG-PR-14-0246,"Driscoll's Bananas Fruit, 3 lb bag","Driscoll's Bananas Fruit, 3 lb bag — Bananas & Everyday Fruit",Driscoll's,False,3 lb bag,Produce,Fruit,Bananas & Everyday Fruit,Produce,Fresh Fruit,Bananas & Everyday Fruit,2.57
grocery,KRG,KRG,KRG-PR-14-0247,"Driscoll's Apples Gala Fruit, 3 lb bag","Driscoll's Apples Gala Fruit, 3 lb bag — Bananas & Everyday Fruit",Driscoll's,False,3 lb bag,Produce,Fruit,Bananas & Everyday Fruit,Produce,Fresh Fruit,Bananas & Everyday Fruit,2.55
grocery,KRG,KRG,KRG-PR-14-0248,"Driscoll's Navel Oranges Fruit, 3 lb bag","Driscoll's Navel Oranges Fruit, 3 lb bag — Bananas & Everyday Fruit",Driscoll's,False,3 lb bag,Produce,Fruit,Bananas & Everyday Fruit,Produce,Fresh Fruit,Bananas & Everyday Fruit,2.59
grocery,KRG,KRG,KRG-PR-14-0249,"Driscoll's Grapes Fruit, 3 lb bag","Driscoll's Grapes Fruit, 3 lb bag — Bananas & Everyday Fruit",Driscoll's,False,3 lb bag,Produce,Fruit,Bananas & Everyday Fruit,Produce,Fresh Fruit,Bananas & Everyday Fruit,2.71
grocery,KRG,KRG,KRG-PR-14-0250,"Fresh Express Bananas Fruit, per lb","Fresh Express Bananas Fruit, per lb — Bananas & Everyday Fruit",Fresh Express,False,per lb,Produce,Fruit,Bananas & Everyday Fruit,Produce,Fresh Fruit,Bananas & Everyday Fruit,2.56
grocery,KRG,KRG,KRG-PR-14-0251,"Fresh Express Apples Gala Fruit, per lb","Fresh Express Apples Gala Fruit, per lb — Bananas & Everyday Fruit",Fresh Express,False,per lb,Produce,Fruit,Bananas & Everyday Fruit,Produce,Fresh Fruit,Bananas & Everyday Fruit,2.76
grocery,KRG,KRG,KRG-PR-14-0252,"Fresh Express Navel Oranges Fruit, per lb","Fresh Express Navel Oranges Fruit, per lb — Bananas & Everyday Fruit",Fresh Express,False,per lb,Produce,Fruit,Bananas & Everyday Fruit,Produce,Fresh Fruit,Bananas & Everyday Fruit,2.71
grocery,KRG,KRG,KRG-PR-14-0253,"Fresh Express Grapes Fruit, per lb","Fresh Express Grapes Fruit, per lb — Bananas & Everyday Fruit",Fresh Express,False,per lb,Produce,Fruit,Bananas & Everyday Fruit,Produce,Fresh Fruit,Bananas & Everyday Fruit,2.78
grocery,KRG,KRG,KRG-PR-14-0254,"Fresh Express Bananas Fruit, 3 lb bag","Fresh Express Bananas Fruit, 3 lb bag — Bananas & Everyday Fruit",Fresh Express,False,3 lb bag,Produce,Fruit,Bananas & Everyday Fruit,Produce,Fresh Fruit,Bananas & Everyday Fruit,2.8
grocery,KRG,KRG,KRG-PR-14-0255,"Fresh Express Apples Gala Fruit, 3 lb bag","Fresh Express Apples Gala Fruit, 3 lb bag — Bananas & Everyday Fruit",Fresh Express,False,3 lb bag,Produce,Fruit,Bananas & Everyday Fruit,Produce,Fresh Fruit,Bananas & Everyday Fruit,2.72
grocery,KRG,KRG,KRG-PR-14-0256,"Fresh Express Navel Oranges Fruit, 3 lb bag","Fresh Express Navel Oranges Fruit, 3 lb bag — Bananas & Everyday Fruit",Fresh Express,False,3 lb bag,Produce,Fruit,Bananas & Everyday Fruit,Produce,Fresh Fruit,Bananas & Everyday Fruit,2.75
grocery,KRG,KRG,KRG-PR-14-0257,"Kroger Grapes Fruit, 3 lb bag","Kroger Grapes Fruit, 3 lb bag — Bananas & Everyday Fruit",Kroger,True,3 lb bag,Produce,Fruit,Bananas & Everyday Fruit,Produce,Fresh Fruit,Bananas & Everyday Fruit,2.14
grocery,KRG,KRG,KRG-PR-14-0258,"Kroger Bananas Fruit, per lb","Kroger Bananas Fruit, per lb — Bananas & Everyday Fruit",Kroger,True,per lb,Produce,Fruit,Bananas & Everyday Fruit,Produce,Fresh Fruit,Bananas & Everyday Fruit,2.13
grocery,KRG,KRG,KRG-PR-15-0259,"Dole Strawberries Berries, 1 pint","Dole Strawberries Berries, 1 pint — Berries",Dole,False,1 pint,Produce,Fruit,Berries,Produce,Fresh Fruit,Berries,3.49
grocery,KRG,KRG,KRG-PR-15-0260,"Dole Blueberries Berries, 1 pint","Dole Blueberries Berries, 1 pint — Berries",Dole,False,1 pint,Produce,Fruit,Berries,Produce,Fresh Fruit,Berries,3.42
grocery,KRG,KRG,KRG-PR-15-0261,"Dole Raspberries Berries, 1 pint","Dole Raspberries Berries, 1 pint — Berries",Dole,False,1 pint,Produce,Fruit,Berries,Produce,Fresh Fruit,Berries,3.56
grocery,KRG,KRG,KRG-PR-15-0262,"Dole Blackberries Berries, 1 pint","Dole Blackberries Berries, 1 pint — Berries",Dole,False,1 pint,Produce,Fruit,Berries,Produce,Fresh Fruit,Berries,3.48
grocery,KRG,KRG,KRG-PR-15-0263,"Dole Strawberries Berries, 2 lb","Dole Strawberries Berries, 2 lb — Berries",Dole,False,2 lb,Produce,Fruit,Berries,Produce,Fresh Fruit,Berries,3.59
grocery,KRG,KRG,KRG-PR-15-0264,"Dole Blueberries Berries, 2 lb","Dole Blueberries Berries, 2 lb — Berries",Dole,False,2 lb,Produce,Fruit,Berries,Produce,Fresh Fruit,Berries,3.7
grocery,KRG,KRG,KRG-PR-15-0265,"Dole Raspberries Berries, 2 lb","Dole Raspberries Berries, 2 lb — Berries",Dole,False,2 lb,Produce,Fruit,Berries,Produce,Fresh Fruit,Berries,3.94
grocery,KRG,KRG,KRG-PR-15-0266,"Dole Blackberries Berries, 2 lb","Dole Blackberries Berries, 2 lb — Berries",Dole,False,2 lb,Produce,Fruit,Berries,Produce,Fresh Fruit,Berries,3.76
grocery,KRG,KRG,KRG-PR-15-0267,"Driscoll's Strawberries Berries, 1 pint","Driscoll's Strawberries Berries, 1 pint — Berries",Driscoll's,False,1 pint,Produce,Fruit,Berries,Produce,Fresh Fruit,Berries,3.78
grocery,KRG,KRG,KRG-PR-15-0268,"Driscoll's Blueberries Berries, 1 pint","Driscoll's Blueberries Berries, 1 pint — Berries",Driscoll's,False,1 pint,Produce,Fruit,Berries,Produce,Fresh Fruit,Berries,3.89
grocery,KRG,KRG,KRG-PR-15-0269,"Driscoll's Raspberries Berries, 1 pint","Driscoll's Raspberries Berries, 1 pint — Berries",Driscoll's,False,1 pint,Produce,Fruit,Berries,Produce,Fresh Fruit,Berries,3.92
grocery,KRG,KRG,KRG-PR-15-0270,"Driscoll's Blackberries Berries, 1 pint","Driscoll's Blackberries Berries, 1 pint — Berries",Driscoll's,False,1 pint,Produce,Fruit,Berries,Produce,Fresh Fruit,Berries,4.12
grocery,KRG,KRG,KRG-PR-15-0271,"Driscoll's Strawberries Berries, 2 lb","Driscoll's Strawberries Berries, 2 lb — Berries",Driscoll's,False,2 lb,Produce,Fruit,Berries,Produce,Fresh Fruit,Berries,4.16
grocery,KRG,KRG,KRG-PR-15-0272,"Driscoll's Blueberries Berries, 2 lb","Driscoll's Blueberries Berries, 2 lb — Berries",Driscoll's,False,2 lb,Produce,Fruit,Berries,Produce,Fresh Fruit,Berries,4.18
grocery,KRG,KRG,KRG-PR-15-0273,"Driscoll's Raspberries Berries, 2 lb","Driscoll's Raspberries Berries, 2 lb — Berries",Driscoll's,False,2 lb,Produce,Fruit,Berries,Produce,Fresh Fruit,Berries,4.23
grocery,KRG,KRG,KRG-PR-15-0274,"Driscoll's Blackberries Berries, 2 lb","Driscoll's Blackberries Berries, 2 lb — Berries",Driscoll's,False,2 lb,Produce,Fruit,Berries,Produce,Fresh Fruit,Berries,4.49
grocery,KRG,KRG,KRG-PR-15-0275,"Fresh Express Strawberries Berries, 1 pint","Fresh Express Strawberries Berries, 1 pint — Berries",Fresh Express,False,1 pint,Produce,Fruit,Berries,Produce,Fresh Fruit,Berries,4.44
grocery,KRG,KRG,KRG-PR-15-0276,"Fresh Express Blueberries Berries, 1 pint","Fresh Express Blueberries Berries, 1 pint — Berries",Fresh Express,False,1 pint,Produce,Fruit,Berries,Produce,Fresh Fruit,Berries,4.45
grocery,KRG,KRG,KRG-PR-15-0277,"Kroger Raspberries Berries, 1 pint","Kroger Raspberries Berries, 1 pint — Berries",Kroger,True,1 pint,Produce,Fruit,Berries,Produce,Fresh Fruit,Berries,3.27
grocery,KRG,KRG,KRG-PR-15-0278,"Kroger Blackberries Berries, 1 pint","Kroger Blackberries Berries, 1 pint — Berries",Kroger,True,1 pint,Produce,Fruit,Berries,Produce,Fresh Fruit,Berries,3.35
grocery,KRG,KRG,KRG-PR-16-0279,"Dole Organic Apples Fruit, each","Dole Organic Apples Fruit, each — Organic & Specialty Fruit",Dole,False,each,Produce,Fruit,Organic & Specialty Fruit,Produce,Fresh Fruit,Organic & Specialty Fruit,4.36
grocery,KRG,KRG,KRG-PR-16-0280,"Dole Pineapple Fruit, each","Dole Pineapple Fruit, each — Organic & Specialty Fruit",Dole,False,each,Produce,Fruit,Organic & Specialty Fruit,Produce,Fresh Fruit,Organic & Specialty Fruit,4.71
grocery,KRG,KRG,KRG-PR-16-0281,"Dole Organic Apples Fruit, per lb","Dole Organic Apples Fruit, per lb — Organic & Specialty Fruit",Dole,False,per lb,Produce,Fruit,Organic & Specialty Fruit,Produce,Fresh Fruit,Organic & Specialty Fruit,4.64
grocery,KRG,KRG,KRG-PR-16-0282,"Dole Avocado Fruit, per lb","Dole Avocado Fruit, per lb — Organic & Specialty Fruit",Dole,False,per lb,Produce,Fruit,Organic & Specialty Fruit,Produce,Fresh Fruit,Organic & Specialty Fruit,4.63
grocery,KRG,KRG,KRG-PR-16-0283,"Dole Mango Fruit, per lb","Dole Mango Fruit, per lb — Organic & Specialty Fruit",Dole,False,per lb,Produce,Fruit,Organic & Specialty Fruit,Produce,Fresh Fruit,Organic & Specialty Fruit,4.7
grocery,KRG,KRG,KRG-PR-16-0284,"Driscoll's Avocado Fruit, each","Driscoll's Avocado Fruit, each — Organic & Specialty Fruit",Driscoll's,False,each,Produce,Fruit,Organic & Specialty Fruit,Produce,Fresh Fruit,Organic & Specialty Fruit,4.93
grocery,KRG,KRG,KRG-PR-16-0285,"Driscoll's Mango Fruit, each","Driscoll's Mango Fruit, each — Organic & Specialty Fruit",Driscoll's,False,each,Produce,Fruit,Organic & Specialty Fruit,Produce,Fresh Fruit,Organic & Specialty Fruit,4.74
grocery,KRG,KRG,KRG-PR-16-0286,"Driscoll's Pineapple Fruit, each","Driscoll's Pineapple Fruit, each — Organic & Specialty Fruit",Driscoll's,False,each,Produce,Fruit,Organic & Specialty Fruit,Produce,Fresh Fruit,Organic & Specialty Fruit,5.09
grocery,KRG,KRG,KRG-PR-16-0287,"Driscoll's Avocado Fruit, per lb","Driscoll's Avocado Fruit, per lb — Organic & Specialty Fruit",Driscoll's,False,per lb,Produce,Fruit,Organic & Specialty Fruit,Produce,Fresh Fruit,Organic & Specialty Fruit,5.28
grocery,KRG,KRG,KRG-PR-16-0288,"Driscoll's Mango Fruit, per lb","Driscoll's Mango Fruit, per lb — Organic & Specialty Fruit",Driscoll's,False,per lb,Produce,Fruit,Organic & Specialty Fruit,Produce,Fresh Fruit,Organic & Specialty Fruit,5.21
grocery,KRG,KRG,KRG-PR-16-0289,"Fresh Express Organic Apples Fruit, each","Fresh Express Organic Apples Fruit, each — Organic & Specialty Fruit",Fresh Express,False,each,Produce,Fruit,Organic & Specialty Fruit,Produce,Fresh Fruit,Organic & Specialty Fruit,5.28
grocery,KRG,KRG,KRG-PR-16-0290,"Fresh Express Mango Fruit, each","Fresh Express Mango Fruit, each — Organic & Specialty Fruit",Fresh Express,False,each,Produce,Fruit,Organic & Specialty Fruit,Produce,Fresh Fruit,Organic & Specialty Fruit,5.51
grocery,KRG,KRG,KRG-PR-16-0291,"Fresh Express Pineapple Fruit, each","Fresh Express Pineapple Fruit, each — Organic & Specialty Fruit",Fresh Express,False,each,Produce,Fruit,Organic & Specialty Fruit,Produce,Fresh Fruit,Organic & Specialty Fruit,5.56
grocery,KRG,KRG,KRG-PR-16-0292,"Kroger Avocado Fruit, per lb","Kroger Avocado Fruit, per lb — Organic & Specialty Fruit",Kroger,True,per lb,Produce,Fruit,Organic & Specialty Fruit,Produce,Fresh Fruit,Organic & Specialty Fruit,4.09
grocery,KRG,KRG,KRG-PR-16-0293,"Kroger Pineapple Fruit, per lb","Kroger Pineapple Fruit, per lb — Organic & Specialty Fruit",Kroger,True,per lb,Produce,Fruit,Organic & Specialty Fruit,Produce,Fresh Fruit,Organic & Specialty Fruit,4.38
grocery,KRG,KRG,KRG-PR-16-0294,"Kroger Organic Apples Fruit, each","Kroger Organic Apples Fruit, each — Organic & Specialty Fruit",Kroger,True,each,Produce,Fruit,Organic & Specialty Fruit,Produce,Fresh Fruit,Organic & Specialty Fruit,4.3
grocery,KRG,KRG,KRG-PR-17-0295,"Dole Roma Tomatoes Vegetables, per lb","Dole Roma Tomatoes Vegetables, per lb — Everyday Vegetables",Dole,False,per lb,Produce,Vegetables,Everyday Vegetables,Produce,Fresh Vegetables,Everyday Vegetables,1.96
grocery,KRG,KRG,KRG-PR-17-0296,"Dole Yellow Onions Vegetables, per lb","Dole Yellow Onions Vegetables, per lb — Everyday Vegetables",Dole,False,per lb,Produce,Vegetables,Everyday Vegetables,Produce,Fresh Vegetables,Everyday Vegetables,2.06
grocery,KRG,KRG,KRG-PR-17-0297,"Dole Russet Potatoes Vegetables, per lb","Dole Russet Potatoes Vegetables, per lb — Everyday Vegetables",Dole,False,per lb,Produce,Vegetables,Everyday Vegetables,Produce,Fresh Vegetables,Everyday Vegetables,2.1
grocery,KRG,KRG,KRG-PR-17-0298,"Dole Carrots Vegetables, per lb","Dole Carrots Vegetables, per lb — Everyday Vegetables",Dole,False,per lb,Produce,Vegetables,Everyday Vegetables,Produce,Fresh Vegetables,Everyday Vegetables,2.1
grocery,KRG,KRG,KRG-PR-17-0299,"Dole Celery Vegetables, per lb","Dole Celery Vegetables, per lb — Everyday Vegetables",Dole,False,per lb,Produce,Vegetables,Everyday Vegetables,Produce,Fresh Vegetables,Everyday Vegetables,2.11
grocery,KRG,KRG,KRG-PR-17-0300,"Dole Roma Tomatoes Vegetables, 2 lb bag","Dole Roma Tomatoes Vegetables, 2 lb bag — Everyday Vegetables",Dole,False,2 lb bag,Produce,Vegetables,Everyday Vegetables,Produce,Fresh Vegetables,Everyday Vegetables,2.16
grocery,KRG,KRG,KRG-PR-17-0301,"Dole Yellow Onions Vegetables, 2 lb bag","Dole Yellow Onions Vegetables, 2 lb bag — Everyday Vegetables",Dole,False,2 lb bag,Produce,Vegetables,Everyday Vegetables,Produce,Fresh Vegetables,Everyday Vegetables,2.12
grocery,KRG,KRG,KRG-PR-17-0302,"Dole Russet Potatoes Vegetables, 2 lb bag","Dole Russet Potatoes Vegetables, 2 lb bag — Everyday Vegetables",Dole,False,2 lb bag,Produce,Vegetables,Everyday Vegetables,Produce,Fresh Vegetables,Everyday Vegetables,2.19
grocery,KRG,KRG,KRG-PR-17-0303,"Dole Carrots Vegetables, 2 lb bag","Dole Carrots Vegetables, 2 lb bag — Everyday Vegetables",Dole,False,2 lb bag,Produce,Vegetables,Everyday Vegetables,Produce,Fresh Vegetables,Everyday Vegetables,2.2
grocery,KRG,KRG,KRG-PR-17-0304,"Dole Celery Vegetables, 2 lb bag","Dole Celery Vegetables, 2 lb bag — Everyday Vegetables",Dole,False,2 lb bag,Produce,Vegetables,Everyday Vegetables,Produce,Fresh Vegetables,Everyday Vegetables,2.12
grocery,KRG,KRG,KRG-PR-17-0305,"Driscoll's Roma Tomatoes Vegetables, per lb","Driscoll's Roma Tomatoes Vegetables, per lb — Everyday Vegetables",Driscoll's,False,per lb,Produce,Vegetables,Everyday Vegetables,Produce,Fresh Vegetables,Everyday Vegetables,2.24
grocery,KRG,KRG,KRG-PR-17-0306,"Driscoll's Yellow Onions Vegetables, per lb","Driscoll's Yellow Onions Vegetables, per lb — Everyday Vegetables",Driscoll's,False,per lb,Produce,Vegetables,Everyday Vegetables,Produce,Fresh Vegetables,Everyday Vegetables,2.15
grocery,KRG,KRG,KRG-PR-17-0307,"Driscoll's Russet Potatoes Vegetables, per lb","Driscoll's Russet Potatoes Vegetables, per lb — Everyday Vegetables",Driscoll's,False,per lb,Produce,Vegetables,Everyday Vegetables,Produce,Fresh Vegetables,Everyday Vegetables,2.15
grocery,KRG,KRG,KRG-PR-17-0308,"Driscoll's Carrots Vegetables, per lb","Driscoll's Carrots Vegetables, per lb — Everyday Vegetables",Driscoll's,False,per lb,Produce,Vegetables,Everyday Vegetables,Produce,Fresh Vegetables,Everyday Vegetables,2.21
grocery,KRG,KRG,KRG-PR-17-0309,"Driscoll's Celery Vegetables, per lb","Driscoll's Celery Vegetables, per lb — Everyday Vegetables",Driscoll's,False,per lb,Produce,Vegetables,Everyday Vegetables,Produce,Fresh Vegetables,Everyday Vegetables,2.34
grocery,KRG,KRG,KRG-PR-17-0310,"Driscoll's Roma Tomatoes Vegetables, 2 lb bag","Driscoll's Roma Tomatoes Vegetables, 2 lb bag — Everyday Vegetables",Driscoll's,False,2 lb bag,Produce,Vegetables,Everyday Vegetables,Produce,Fresh Vegetables,Everyday Vegetables,2.32
grocery,KRG,KRG,KRG-PR-17-0311,"Driscoll's Yellow Onions Vegetables, 2 lb bag","Driscoll's Yellow Onions Vegetables, 2 lb bag — Everyday Vegetables",Driscoll's,False,2 lb bag,Produce,Vegetables,Everyday Vegetables,Produce,Fresh Vegetables,Everyday Vegetables,2.37
grocery,KRG,KRG,KRG-PR-17-0312,"Driscoll's Russet Potatoes Vegetables, 2 lb bag","Driscoll's Russet Potatoes Vegetables, 2 lb bag — Everyday Vegetables",Driscoll's,False,2 lb bag,Produce,Vegetables,Everyday Vegetables,Produce,Fresh Vegetables,Everyday Vegetables,2.35
grocery,KRG,KRG,KRG-PR-17-0313,"Driscoll's Carrots Vegetables, 2 lb bag","Driscoll's Carrots Vegetables, 2 lb bag — Everyday Vegetables",Driscoll's,False,2 lb bag,Produce,Vegetables,Everyday Vegetables,Produce,Fresh Vegetables,Everyday Vegetables,2.27
grocery,KRG,KRG,KRG-PR-17-0314,"Driscoll's Celery Vegetables, 2 lb bag","Driscoll's Celery Vegetables, 2 lb bag — Everyday Vegetables",Driscoll's,False,2 lb bag,Produce,Vegetables,Everyday Vegetables,Produce,Fresh Vegetables,Everyday Vegetables,2.39
grocery,KRG,KRG,KRG-PR-17-0315,"Fresh Express Roma Tomatoes Vegetables, per lb","Fresh Express Roma Tomatoes Vegetables, per lb — Everyday Vegetables",Fresh Express,False,per lb,Produce,Vegetables,Everyday Vegetables,Produce,Fresh Vegetables,Everyday Vegetables,2.37
grocery,KRG,KRG,KRG-PR-17-0316,"Fresh Express Yellow Onions Vegetables, per lb","Fresh Express Yellow Onions Vegetables, per lb — Everyday Vegetables",Fresh Express,False,per lb,Produce,Vegetables,Everyday Vegetables,Produce,Fresh Vegetables,Everyday Vegetables,2.57
grocery,KRG,KRG,KRG-PR-17-0317,"Fresh Express Russet Potatoes Vegetables, per lb","Fresh Express Russet Potatoes Vegetables, per lb — Everyday Vegetables",Fresh Express,False,per lb,Produce,Vegetables,Everyday Vegetables,Produce,Fresh Vegetables,Everyday Vegetables,2.51
grocery,KRG,KRG,KRG-PR-17-0318,"Fresh Express Carrots Vegetables, per lb","Fresh Express Carrots Vegetables, per lb — Everyday Vegetables",Fresh Express,False,per lb,Produce,Vegetables,Everyday Vegetables,Produce,Fresh Vegetables,Everyday Vegetables,2.41
grocery,KRG,KRG,KRG-PR-17-0319,"Fresh Express Celery Vegetables, per lb","Fresh Express Celery Vegetables, per lb — Everyday Vegetables",Fresh Express,False,per lb,Produce,Vegetables,Everyday Vegetables,Produce,Fresh Vegetables,Everyday Vegetables,2.45
grocery,KRG,KRG,KRG-PR-17-0320,"Fresh Express Roma Tomatoes Vegetables, 2 lb bag","Fresh Express Roma Tomatoes Vegetables, 2 lb bag — Everyday Vegetables",Fresh Express,False,2 lb bag,Produce,Vegetables,Everyday Vegetables,Produce,Fresh Vegetables,Everyday Vegetables,2.54
grocery,KRG,KRG,KRG-PR-17-0321,"Fresh Express Yellow Onions Vegetables, 2 lb bag","Fresh Express Yellow Onions Vegetables, 2 lb bag — Everyday Vegetables",Fresh Express,False,2 lb bag,Produce,Vegetables,Everyday Vegetables,Produce,Fresh Vegetables,Everyday Vegetables,2.47
grocery,KRG,KRG,KRG-PR-17-0322,"Kroger Russet Potatoes Vegetables, 2 lb bag","Kroger Russet Potatoes Vegetables, 2 lb bag — Everyday Vegetables",Kroger,True,2 lb bag,Produce,Vegetables,Everyday Vegetables,Produce,Fresh Vegetables,Everyday Vegetables,1.87
grocery,KRG,KRG,KRG-PR-17-0323,"Kroger Carrots Vegetables, 2 lb bag","Kroger Carrots Vegetables, 2 lb bag — Everyday Vegetables",Kroger,True,2 lb bag,Produce,Vegetables,Everyday Vegetables,Produce,Fresh Vegetables,Everyday Vegetables,1.96
grocery,KRG,KRG,KRG-PR-17-0324,"Kroger Celery Vegetables, 2 lb bag","Kroger Celery Vegetables, 2 lb bag — Everyday Vegetables",Kroger,True,2 lb bag,Produce,Vegetables,Everyday Vegetables,Produce,Fresh Vegetables,Everyday Vegetables,1.93
grocery,KRG,KRG,KRG-PR-18-0325,"Dole Romaine Salad, 5 oz","Dole Romaine Salad, 5 oz — Salad & Greens",Dole,False,5 oz,Produce,Vegetables,Salad & Greens,Produce,Fresh Vegetables,Salad & Greens,2.89
grocery,KRG,KRG,KRG-PR-18-0326,"Dole Spring Mix Salad, 5 oz","Dole Spring Mix Salad, 5 oz — Salad & Greens",Dole,False,5 oz,Produce,Vegetables,Salad & Greens,Produce,Fresh Vegetables,Salad & Greens,3.18
grocery,KRG,KRG,KRG-PR-18-0327,"Dole Caesar Kit Salad, 5 oz","Dole Caesar Kit Salad, 5 oz — Salad & Greens",Dole,False,5 oz,Produce,Vegetables,Salad & Greens,Produce,Fresh Vegetables,Salad & Greens,2.98
grocery,KRG,KRG,KRG-PR-18-0328,"Dole Spinach Salad, 5 oz","Dole Spinach Salad, 5 oz — Salad & Greens",Dole,False,5 oz,Produce,Vegetables,Salad & Greens,Produce,Fresh Vegetables,Salad & Greens,3.28
grocery,KRG,KRG,KRG-PR-18-0329,"Dole Romaine Salad, 12 oz","Dole Romaine Salad, 12 oz — Salad & Greens",Dole,False,12 oz,Produce,Vegetables,Salad & Greens,Produce,Fresh Vegetables,Salad & Greens,3.14
grocery,KRG,KRG,KRG-PR-18-0330,"Dole Spring Mix Salad, 12 oz","Dole Spring Mix Salad, 12 oz — Salad & Greens",Dole,False,12 oz,Produce,Vegetables,Salad & Greens,Produce,Fresh Vegetables,Salad & Greens,3.35
grocery,KRG,KRG,KRG-PR-18-0331,"Dole Caesar Kit Salad, 12 oz","Dole Caesar Kit Salad, 12 oz — Salad & Greens",Dole,False,12 oz,Produce,Vegetables,Salad & Greens,Produce,Fresh Vegetables,Salad & Greens,3.27
grocery,KRG,KRG,KRG-PR-18-0332,"Dole Spinach Salad, 12 oz","Dole Spinach Salad, 12 oz — Salad & Greens",Dole,False,12 oz,Produce,Vegetables,Salad & Greens,Produce,Fresh Vegetables,Salad & Greens,3.24
grocery,KRG,KRG,KRG-PR-18-0333,"Driscoll's Romaine Salad, 5 oz","Driscoll's Romaine Salad, 5 oz — Salad & Greens",Driscoll's,False,5 oz,Produce,Vegetables,Salad & Greens,Produce,Fresh Vegetables,Salad & Greens,3.55
grocery,KRG,KRG,KRG-PR-18-0334,"Driscoll's Spring Mix Salad, 5 oz","Driscoll's Spring Mix Salad, 5 oz — Salad & Greens",Driscoll's,False,5 oz,Produce,Vegetables,Salad & Greens,Produce,Fresh Vegetables,Salad & Greens,3.38
grocery,KRG,KRG,KRG-PR-18-0335,"Driscoll's Caesar Kit Salad, 5 oz","Driscoll's Caesar Kit Salad, 5 oz — Salad & Greens",Driscoll's,False,5 oz,Produce,Vegetables,Salad & Greens,Produce,Fresh Vegetables,Salad & Greens,3.54
grocery,KRG,KRG,KRG-PR-18-0336,"Driscoll's Spinach Salad, 5 oz","Driscoll's Spinach Salad, 5 oz — Salad & Greens",Driscoll's,False,5 oz,Produce,Vegetables,Salad & Greens,Produce,Fresh Vegetables,Salad & Greens,3.67
grocery,KRG,KRG,KRG-PR-18-0337,"Driscoll's Romaine Salad, 12 oz","Driscoll's Romaine Salad, 12 oz — Salad & Greens",Driscoll's,False,12 oz,Produce,Vegetables,Salad & Greens,Produce,Fresh Vegetables,Salad & Greens,3.49
grocery,KRG,KRG,KRG-PR-18-0338,"Driscoll's Spring Mix Salad, 12 oz","Driscoll's Spring Mix Salad, 12 oz — Salad & Greens",Driscoll's,False,12 oz,Produce,Vegetables,Salad & Greens,Produce,Fresh Vegetables,Salad & Greens,3.71
grocery,KRG,KRG,KRG-PR-18-0339,"Driscoll's Caesar Kit Salad, 12 oz","Driscoll's Caesar Kit Salad, 12 oz — Salad & Greens",Driscoll's,False,12 oz,Produce,Vegetables,Salad & Greens,Produce,Fresh Vegetables,Salad & Greens,3.67
grocery,KRG,KRG,KRG-PR-18-0340,"Driscoll's Spinach Salad, 12 oz","Driscoll's Spinach Salad, 12 oz — Salad & Greens",Driscoll's,False,12 oz,Produce,Vegetables,Salad & Greens,Produce,Fresh Vegetables,Salad & Greens,3.9
grocery,KRG,KRG,KRG-PR-18-0341,"Fresh Express Romaine Salad, 5 oz","Fresh Express Romaine Salad, 5 oz — Salad & Greens",Fresh Express,False,5 oz,Produce,Vegetables,Salad & Greens,Produce,Fresh Vegetables,Salad & Greens,3.8
grocery,KRG,KRG,KRG-PR-18-0342,"Fresh Express Spring Mix Salad, 5 oz","Fresh Express Spring Mix Salad, 5 oz — Salad & Greens",Fresh Express,False,5 oz,Produce,Vegetables,Salad & Greens,Produce,Fresh Vegetables,Salad & Greens,3.95
grocery,KRG,KRG,KRG-PR-18-0343,"Kroger Caesar Kit Salad, 5 oz","Kroger Caesar Kit Salad, 5 oz — Salad & Greens",Kroger,True,5 oz,Produce,Vegetables,Salad & Greens,Produce,Fresh Vegetables,Salad & Greens,2.89
grocery,KRG,KRG,KRG-PR-18-0344,"Kroger Spinach Salad, 5 oz","Kroger Spinach Salad, 5 oz — Salad & Greens",Kroger,True,5 oz,Produce,Vegetables,Salad & Greens,Produce,Fresh Vegetables,Salad & Greens,2.83
grocery,KRG,KRG,KRG-PR-18-0345,"Kroger Romaine Salad, 12 oz","Kroger Romaine Salad, 12 oz — Salad & Greens",Kroger,True,12 oz,Produce,Vegetables,Salad & Greens,Produce,Fresh Vegetables,Salad & Greens,2.94
grocery,KRG,KRG,KRG-PR-18-0346,"Kroger Spring Mix Salad, 12 oz","Kroger Spring Mix Salad, 12 oz — Salad & Greens",Kroger,True,12 oz,Produce,Vegetables,Salad & Greens,Produce,Fresh Vegetables,Salad & Greens,3.18
grocery,KRG,KRG,KRG-PR-19-0347,"Dole Organic Peppers Vegetables, per lb","Dole Organic Peppers Vegetables, per lb — Organic Vegetables",Dole,False,per lb,Produce,Vegetables,Organic Vegetables,Produce,Fresh Vegetables,Organic Vegetables,3.52
grocery,KRG,KRG,KRG-PR-19-0348,"Dole Organic Kale Vegetables, bunch","Dole Organic Kale Vegetables, bunch — Organic Vegetables",Dole,False,bunch,Produce,Vegetables,Organic Vegetables,Produce,Fresh Vegetables,Organic Vegetables,3.74
grocery,KRG,KRG,KRG-PR-19-0349,"Driscoll's Organic Broccoli Vegetables, per lb","Driscoll's Organic Broccoli Vegetables, per lb — Organic Vegetables",Driscoll's,False,per lb,Produce,Vegetables,Organic Vegetables,Produce,Fresh Vegetables,Organic Vegetables,3.96
grocery,KRG,KRG,KRG-PR-19-0350,"Driscoll's Organic Peppers Vegetables, per lb","Driscoll's Organic Peppers Vegetables, per lb — Organic Vegetables",Driscoll's,False,per lb,Produce,Vegetables,Organic Vegetables,Produce,Fresh Vegetables,Organic Vegetables,4.03
grocery,KRG,KRG,KRG-PR-19-0351,"Driscoll's Organic Kale Vegetables, bunch","Driscoll's Organic Kale Vegetables, bunch — Organic Vegetables",Driscoll's,False,bunch,Produce,Vegetables,Organic Vegetables,Produce,Fresh Vegetables,Organic Vegetables,3.86
grocery,KRG,KRG,KRG-PR-19-0352,"Driscoll's Organic Broccoli Vegetables, bunch","Driscoll's Organic Broccoli Vegetables, bunch — Organic Vegetables",Driscoll's,False,bunch,Produce,Vegetables,Organic Vegetables,Produce,Fresh Vegetables,Organic Vegetables,4.19
grocery,KRG,KRG,KRG-PR-19-0353,"Fresh Express Organic Broccoli Vegetables, per lb","Fresh Express Organic Broccoli Vegetables, per lb — Organic Vegetables",Fresh Express,False,per lb,Produce,Vegetables,Organic Vegetables,Produce,Fresh Vegetables,Organic Vegetables,4.4
grocery,KRG,KRG,KRG-PR-19-0354,"Kroger Organic Kale Vegetables, per lb","Kroger Organic Kale Vegetables, per lb — Organic Vegetables",Kroger,True,per lb,Produce,Vegetables,Organic Vegetables,Produce,Fresh Vegetables,Organic Vegetables,3.57
grocery,KRG,KRG,KRG-PR-19-0355,"Kroger Organic Broccoli Vegetables, per lb","Kroger Organic Broccoli Vegetables, per lb — Organic Vegetables",Kroger,True,per lb,Produce,Vegetables,Organic Vegetables,Produce,Fresh Vegetables,Organic Vegetables,3.38
grocery,KRG,KRG,KRG-SN-37-0723,"Lay's Potato Chips Chips, 8 oz","Lay's Potato Chips Chips, 8 oz — Potato & Tortilla Chips",Lay's,False,8 oz,Snacks,Chips & Snacks,Potato & Tortilla Chips,Snacks & Candy,Salty Snacks,Potato & Tortilla Chips,3.66
grocery,KRG,KRG,KRG-SN-37-0724,"Lay's Tortilla Chips Chips, 8 oz","Lay's Tortilla Chips Chips, 8 oz — Potato & Tortilla Chips",Lay's,False,8 oz,Snacks,Chips & Snacks,Potato & Tortilla Chips,Snacks & Candy,Salty Snacks,Potato & Tortilla Chips,3.91
grocery,KRG,KRG,KRG-SN-37-0725,"Lay's Kettle Chips Chips, 8 oz","Lay's Kettle Chips Chips, 8 oz — Potato & Tortilla Chips",Lay's,False,8 oz,Snacks,Chips & Snacks,Potato & Tortilla Chips,Snacks & Candy,Salty Snacks,Potato & Tortilla Chips,4.07
grocery,KRG,KRG,KRG-SN-37-0726,"Lay's Ruffles Chips, 8 oz","Lay's Ruffles Chips, 8 oz — Potato & Tortilla Chips",Lay's,False,8 oz,Snacks,Chips & Snacks,Potato & Tortilla Chips,Snacks & Candy,Salty Snacks,Potato & Tortilla Chips,3.78
grocery,KRG,KRG,KRG-SN-37-0727,"Lay's Potato Chips Chips, 13 oz","Lay's Potato Chips Chips, 13 oz — Potato & Tortilla Chips",Lay's,False,13 oz,Snacks,Chips & Snacks,Potato & Tortilla Chips,Snacks & Candy,Salty Snacks,Potato & Tortilla Chips,4.11
grocery,KRG,KRG,KRG-SN-37-0728,"Lay's Tortilla Chips Chips, 13 oz","Lay's Tortilla Chips Chips, 13 oz — Potato & Tortilla Chips",Lay's,False,13 oz,Snacks,Chips & Snacks,Potato & Tortilla Chips,Snacks & Candy,Salty Snacks,Potato & Tortilla Chips,4.14
grocery,KRG,KRG,KRG-SN-37-0729,"Lay's Kettle Chips Chips, 13 oz","Lay's Kettle Chips Chips, 13 oz — Potato & Tortilla Chips",Lay's,False,13 oz,Snacks,Chips & Snacks,Potato & Tortilla Chips,Snacks & Candy,Salty Snacks,Potato & Tortilla Chips,4.0
grocery,KRG,KRG,KRG-SN-37-0730,"Lay's Ruffles Chips, 13 oz","Lay's Ruffles Chips, 13 oz — Potato & Tortilla Chips",Lay's,False,13 oz,Snacks,Chips & Snacks,Potato & Tortilla Chips,Snacks & Candy,Salty Snacks,Potato & Tortilla Chips,3.94
grocery,KRG,KRG,KRG-SN-37-0731,"Doritos Potato Chips Chips, 8 oz","Doritos Potato Chips Chips, 8 oz — Potato & Tortilla Chips",Doritos,False,8 oz,Snacks,Chips & Snacks,Potato & Tortilla Chips,Snacks & Candy,Salty Snacks,Potato & Tortilla Chips,4.34
grocery,KRG,KRG,KRG-SN-37-0732,"Doritos Tortilla Chips Chips, 8 oz","Doritos Tortilla Chips Chips, 8 oz — Potato & Tortilla Chips",Doritos,False,8 oz,Snacks,Chips & Snacks,Potato & Tortilla Chips,Snacks & Candy,Salty Snacks,Potato & Tortilla Chips,4.09
grocery,KRG,KRG,KRG-SN-37-0733,"Doritos Kettle Chips Chips, 8 oz","Doritos Kettle Chips Chips, 8 oz — Potato & Tortilla Chips",Doritos,False,8 oz,Snacks,Chips & Snacks,Potato & Tortilla Chips,Snacks & Candy,Salty Snacks,Potato & Tortilla Chips,4.39
grocery,KRG,KRG,KRG-SN-37-0734,"Doritos Ruffles Chips, 8 oz","Doritos Ruffles Chips, 8 oz — Potato & Tortilla Chips",Doritos,False,8 oz,Snacks,Chips & Snacks,Potato & Tortilla Chips,Snacks & Candy,Salty Snacks,Potato & Tortilla Chips,4.14
grocery,KRG,KRG,KRG-SN-37-0735,"Doritos Potato Chips Chips, 13 oz","Doritos Potato Chips Chips, 13 oz — Potato & Tortilla Chips",Doritos,False,13 oz,Snacks,Chips & Snacks,Potato & Tortilla Chips,Snacks & Candy,Salty Snacks,Potato & Tortilla Chips,4.25
grocery,KRG,KRG,KRG-SN-37-0736,"Doritos Tortilla Chips Chips, 13 oz","Doritos Tortilla Chips Chips, 13 oz — Potato & Tortilla Chips",Doritos,False,13 oz,Snacks,Chips & Snacks,Potato & Tortilla Chips,Snacks & Candy,Salty Snacks,Potato & Tortilla Chips,4.48
grocery,KRG,KRG,KRG-SN-37-0737,"Doritos Kettle Chips Chips, 13 oz","Doritos Kettle Chips Chips, 13 oz — Potato & Tortilla Chips",Doritos,False,13 oz,Snacks,Chips & Snacks,Potato & Tortilla Chips,Snacks & Candy,Salty Snacks,Potato & Tortilla Chips,4.62
grocery,KRG,KRG,KRG-SN-37-0738,"Doritos Ruffles Chips, 13 oz","Doritos Ruffles Chips, 13 oz — Potato & Tortilla Chips",Doritos,False,13 oz,Snacks,Chips & Snacks,Potato & Tortilla Chips,Snacks & Candy,Salty Snacks,Potato & Tortilla Chips,4.4
grocery,KRG,KRG,KRG-SN-37-0739,"Tostitos Potato Chips Chips, 8 oz","Tostitos Potato Chips Chips, 8 oz — Potato & Tortilla Chips",Tostitos,False,8 oz,Snacks,Chips & Snacks,Potato & Tortilla Chips,Snacks & Candy,Salty Snacks,Potato & Tortilla Chips,4.6
grocery,KRG,KRG,KRG-SN-37-0740,"Tostitos Tortilla Chips Chips, 8 oz","Tostitos Tortilla Chips Chips, 8 oz — Potato & Tortilla Chips",Tostitos,False,8 oz,Snacks,Chips & Snacks,Potato & Tortilla Chips,Snacks & Candy,Salty Snacks,Potato & Tortilla Chips,4.56
grocery,KRG,KRG,KRG-SN-37-0741,"Tostitos Kettle Chips Chips, 8 oz","Tostitos Kettle Chips Chips, 8 oz — Potato & Tortilla Chips",Tostitos,False,8 oz,Snacks,Chips & Snacks,Potato & Tortilla Chips,Snacks & Candy,Salty Snacks,Potato & Tortilla Chips,4.52
grocery,KRG,KRG,KRG-SN-37-0742,"Tostitos Ruffles Chips, 8 oz","Tostitos Ruffles Chips, 8 oz — Potato & Tortilla Chips",Tostitos,False,8 oz,Snacks,Chips & Snacks,Potato & Tortilla Chips,Snacks & Candy,Salty Snacks,Potato & Tortilla Chips,4.87
grocery,KRG,KRG,KRG-SN-37-0743,"Tostitos Potato Chips Chips, 13 oz","Tostitos Potato Chips Chips, 13 oz — Potato & Tortilla Chips",Tostitos,False,13 oz,Snacks,Chips & Snacks,Potato & Tortilla Chips,Snacks & Candy,Salty Snacks,Potato & Tortilla Chips,4.64
grocery,KRG,KRG,KRG-SN-37-0744,"Tostitos Tortilla Chips Chips, 13 oz","Tostitos Tortilla Chips Chips, 13 oz — Potato & Tortilla Chips",Tostitos,False,13 oz,Snacks,Chips & Snacks,Potato & Tortilla Chips,Snacks & Candy,Salty Snacks,Potato & Tortilla Chips,4.62
grocery,KRG,KRG,KRG-SN-37-0745,"Kroger Kettle Chips Chips, 13 oz","Kroger Kettle Chips Chips, 13 oz — Potato & Tortilla Chips",Kroger,True,13 oz,Snacks,Chips & Snacks,Potato & Tortilla Chips,Snacks & Candy,Salty Snacks,Potato & Tortilla Chips,3.79
grocery,KRG,KRG,KRG-SN-37-0746,"Kroger Ruffles Chips, 13 oz","Kroger Ruffles Chips, 13 oz — Potato & Tortilla Chips",Kroger,True,13 oz,Snacks,Chips & Snacks,Potato & Tortilla Chips,Snacks & Candy,Salty Snacks,Potato & Tortilla Chips,3.48
grocery,KRG,KRG,KRG-SN-37-0747,"Kroger Potato Chips Chips, 8 oz","Kroger Potato Chips Chips, 8 oz — Potato & Tortilla Chips",Kroger,True,8 oz,Snacks,Chips & Snacks,Potato & Tortilla Chips,Snacks & Candy,Salty Snacks,Potato & Tortilla Chips,3.88
grocery,KRG,KRG,KRG-SN-37-0748,"Kroger Tortilla Chips Chips, 8 oz","Kroger Tortilla Chips Chips, 8 oz — Potato & Tortilla Chips",Kroger,True,8 oz,Snacks,Chips & Snacks,Potato & Tortilla Chips,Snacks & Candy,Salty Snacks,Potato & Tortilla Chips,3.89
grocery,KRG,KRG,KRG-SN-37-0749,"Kroger Kettle Chips Chips, 8 oz","Kroger Kettle Chips Chips, 8 oz — Potato & Tortilla Chips",Kroger,True,8 oz,Snacks,Chips & Snacks,Potato & Tortilla Chips,Snacks & Candy,Salty Snacks,Potato & Tortilla Chips,3.87
grocery,KRG,KRG,KRG-SN-37-0750,"Kroger Ruffles Chips, 8 oz","Kroger Ruffles Chips, 8 oz — Potato & Tortilla Chips",Kroger,True,8 oz,Snacks,Chips & Snacks,Potato & Tortilla Chips,Snacks & Candy,Salty Snacks,Potato & Tortilla Chips,3.75
grocery,KRG,KRG,KRG-SN-37-0751,"Kroger Potato Chips Chips, 13 oz","Kroger Potato Chips Chips, 13 oz — Potato & Tortilla Chips",Kroger,True,13 oz,Snacks,Chips & Snacks,Potato & Tortilla Chips,Snacks & Candy,Salty Snacks,Potato & Tortilla Chips,3.94
grocery,KRG,KRG,KRG-SN-37-0752,"Kroger Tortilla Chips Chips, 13 oz","Kroger Tortilla Chips Chips, 13 oz — Potato & Tortilla Chips",Kroger,True,13 oz,Snacks,Chips & Snacks,Potato & Tortilla Chips,Snacks & Candy,Salty Snacks,Potato & Tortilla Chips,3.9
grocery,KRG,KRG,KRG-SN-38-0753,"Lay's Saltines Crackers, 12 oz","Lay's Saltines Crackers, 12 oz — Crackers",Lay's,False,12 oz,Snacks,Chips & Snacks,Crackers,Snacks & Candy,Salty Snacks,Crackers,3.0
grocery,KRG,KRG,KRG-SN-38-0754,"Lay's Butter Crackers Crackers, 12 oz","Lay's Butter Crackers Crackers, 12 oz — Crackers",Lay's,False,12 oz,Snacks,Chips & Snacks,Crackers,Snacks & Candy,Salty Snacks,Crackers,2.94
grocery,KRG,KRG,KRG-SN-38-0755,"Lay's Cheese Crackers Crackers, 12 oz","Lay's Cheese Crackers Crackers, 12 oz — Crackers",Lay's,False,12 oz,Snacks,Chips & Snacks,Crackers,Snacks & Candy,Salty Snacks,Crackers,2.98
grocery,KRG,KRG,KRG-SN-38-0756,"Lay's Graham Crackers, 12 oz","Lay's Graham Crackers, 12 oz — Crackers",Lay's,False,12 oz,Snacks,Chips & Snacks,Crackers,Snacks & Candy,Salty Snacks,Crackers,3.15
grocery,KRG,KRG,KRG-SN-38-0757,"Lay's Saltines Crackers, 16 oz","Lay's Saltines Crackers, 16 oz — Crackers",Lay's,False,16 oz,Snacks,Chips & Snacks,Crackers,Snacks & Candy,Salty Snacks,Crackers,3.12
grocery,KRG,KRG,KRG-SN-38-0758,"Lay's Butter Crackers Crackers, 16 oz","Lay's Butter Crackers Crackers, 16 oz — Crackers",Lay's,False,16 oz,Snacks,Chips & Snacks,Crackers,Snacks & Candy,Salty Snacks,Crackers,3.15
grocery,KRG,KRG,KRG-SN-38-0759,"Lay's Cheese Crackers Crackers, 16 oz","Lay's Cheese Crackers Crackers, 16 oz — Crackers",Lay's,False,16 oz,Snacks,Chips & Snacks,Crackers,Snacks & Candy,Salty Snacks,Crackers,3.19
grocery,KRG,KRG,KRG-SN-38-0760,"Lay's Graham Crackers, 16 oz","Lay's Graham Crackers, 16 oz — Crackers",Lay's,False,16 oz,Snacks,Chips & Snacks,Crackers,Snacks & Candy,Salty Snacks,Crackers,3.28
grocery,KRG,KRG,KRG-SN-38-0761,"Doritos Saltines Crackers, 12 oz","Doritos Saltines Crackers, 12 oz — Crackers",Doritos,False,12 oz,Snacks,Chips & Snacks,Crackers,Snacks & Candy,Salty Snacks,Crackers,3.25
grocery,KRG,KRG,KRG-SN-38-0762,"Doritos Butter Crackers Crackers, 12 oz","Doritos Butter Crackers Crackers, 12 oz — Crackers",Doritos,False,12 oz,Snacks,Chips & Snacks,Crackers,Snacks & Candy,Salty Snacks,Crackers,3.29
grocery,KRG,KRG,KRG-SN-38-0763,"Doritos Cheese Crackers Crackers, 12 oz","Doritos Cheese Crackers Crackers, 12 oz — Crackers",Doritos,False,12 oz,Snacks,Chips & Snacks,Crackers,Snacks & Candy,Salty Snacks,Crackers,3.6
grocery,KRG,KRG,KRG-SN-38-0764,"Doritos Graham Crackers, 12 oz","Doritos Graham Crackers, 12 oz — Crackers",Doritos,False,12 oz,Snacks,Chips & Snacks,Crackers,Snacks & Candy,Salty Snacks,Crackers,3.62
grocery,KRG,KRG,KRG-SN-38-0765,"Doritos Saltines Crackers, 16 oz","Doritos Saltines Crackers, 16 oz — Crackers",Doritos,False,16 oz,Snacks,Chips & Snacks,Crackers,Snacks & Candy,Salty Snacks,Crackers,3.67
grocery,KRG,KRG,KRG-SN-38-0766,"Doritos Butter Crackers Crackers, 16 oz","Doritos Butter Crackers Crackers, 16 oz — Crackers",Doritos,False,16 oz,Snacks,Chips & Snacks,Crackers,Snacks & Candy,Salty Snacks,Crackers,3.63
grocery,KRG,KRG,KRG-SN-38-0767,"Kroger Cheese Crackers Crackers, 16 oz","Kroger Cheese Crackers Crackers, 16 oz — Crackers",Kroger,True,16 oz,Snacks,Chips & Snacks,Crackers,Snacks & Candy,Salty Snacks,Crackers,2.76
grocery,KRG,KRG,KRG-SN-38-0768,"Kroger Graham Crackers, 16 oz","Kroger Graham Crackers, 16 oz — Crackers",Kroger,True,16 oz,Snacks,Chips & Snacks,Crackers,Snacks & Candy,Salty Snacks,Crackers,2.65
grocery,KRG,KRG,KRG-SN-38-0769,"Kroger Saltines Crackers, 12 oz","Kroger Saltines Crackers, 12 oz — Crackers",Kroger,True,12 oz,Snacks,Chips & Snacks,Crackers,Snacks & Candy,Salty Snacks,Crackers,2.84
grocery,KRG,KRG,KRG-SN-38-0770,"Kroger Butter Crackers Crackers, 12 oz","Kroger Butter Crackers Crackers, 12 oz — Crackers",Kroger,True,12 oz,Snacks,Chips & Snacks,Crackers,Snacks & Candy,Salty Snacks,Crackers,2.83
grocery,KRG,KRG,KRG-SN-38-0771,"Kroger Cheese Crackers Crackers, 12 oz","Kroger Cheese Crackers Crackers, 12 oz — Crackers",Kroger,True,12 oz,Snacks,Chips & Snacks,Crackers,Snacks & Candy,Salty Snacks,Crackers,2.93
grocery,KRG,KRG,KRG-SN-38-0772,"Kroger Graham Crackers, 12 oz","Kroger Graham Crackers, 12 oz — Crackers",Kroger,True,12 oz,Snacks,Chips & Snacks,Crackers,Snacks & Candy,Salty Snacks,Crackers,3.05
grocery,KRG,KRG,KRG-SN-38-0773,"Kroger Saltines Crackers, 16 oz","Kroger Saltines Crackers, 16 oz — Crackers",Kroger,True,16 oz,Snacks,Chips & Snacks,Crackers,Snacks & Candy,Salty Snacks,Crackers,2.92
grocery,KRG,KRG,KRG-SN-38-0774,"Kroger Butter Crackers Crackers, 16 oz","Kroger Butter Crackers Crackers, 16 oz — Crackers",Kroger,True,16 oz,Snacks,Chips & Snacks,Crackers,Snacks & Candy,Salty Snacks,Crackers,3.13
grocery,KRG,KRG,KRG-SN-39-0775,"Lay's Mild Salsa Salsa, 16 oz","Lay's Mild Salsa Salsa, 16 oz — Salsa & Dips",Lay's,False,16 oz,Snacks,Chips & Snacks,Salsa & Dips,Snacks & Candy,Salty Snacks,Salsa & Dips,3.55
grocery,KRG,KRG,KRG-SN-39-0776,"Lay's Medium Salsa Salsa, 16 oz","Lay's Medium Salsa Salsa, 16 oz — Salsa & Dips",Lay's,False,16 oz,Snacks,Chips & Snacks,Salsa & Dips,Snacks & Candy,Salty Snacks,Salsa & Dips,3.31
grocery,KRG,KRG,KRG-SN-39-0777,"Lay's Queso Salsa, 16 oz","Lay's Queso Salsa, 16 oz — Salsa & Dips",Lay's,False,16 oz,Snacks,Chips & Snacks,Salsa & Dips,Snacks & Candy,Salty Snacks,Salsa & Dips,3.4
grocery,KRG,KRG,KRG-SN-39-0778,"Lay's Guacamole Salsa, 16 oz","Lay's Guacamole Salsa, 16 oz — Salsa & Dips",Lay's,False,16 oz,Snacks,Chips & Snacks,Salsa & Dips,Snacks & Candy,Salty Snacks,Salsa & Dips,3.61
grocery,KRG,KRG,KRG-SN-39-0779,"Doritos Mild Salsa Salsa, 16 oz","Doritos Mild Salsa Salsa, 16 oz — Salsa & Dips",Doritos,False,16 oz,Snacks,Chips & Snacks,Salsa & Dips,Snacks & Candy,Salty Snacks,Salsa & Dips,3.79
grocery,KRG,KRG,KRG-SN-39-0780,"Doritos Medium Salsa Salsa, 16 oz","Doritos Medium Salsa Salsa, 16 oz — Salsa & Dips",Doritos,False,16 oz,Snacks,Chips & Snacks,Salsa & Dips,Snacks & Candy,Salty Snacks,Salsa & Dips,3.55
grocery,KRG,KRG,KRG-SN-39-0781,"Doritos Queso Salsa, 16 oz","Doritos Queso Salsa, 16 oz — Salsa & Dips",Doritos,False,16 oz,Snacks,Chips & Snacks,Salsa & Dips,Snacks & Candy,Salty Snacks,Salsa & Dips,3.91
grocery,KRG,KRG,KRG-SN-39-0782,"Doritos Guacamole Salsa, 16 oz","Doritos Guacamole Salsa, 16 oz — Salsa & Dips",Doritos,False,16 oz,Snacks,Chips & Snacks,Salsa & Dips,Snacks & Candy,Salty Snacks,Salsa & Dips,4.02
grocery,KRG,KRG,KRG-SN-39-0783,"Tostitos Mild Salsa Salsa, 16 oz","Tostitos Mild Salsa Salsa, 16 oz — Salsa & Dips",Tostitos,False,16 oz,Snacks,Chips & Snacks,Salsa & Dips,Snacks & Candy,Salty Snacks,Salsa & Dips,3.88
grocery,KRG,KRG,KRG-SN-39-0784,"Tostitos Medium Salsa Salsa, 16 oz","Tostitos Medium Salsa Salsa, 16 oz — Salsa & Dips",Tostitos,False,16 oz,Snacks,Chips & Snacks,Salsa & Dips,Snacks & Candy,Salty Snacks,Salsa & Dips,3.97
grocery,KRG,KRG,KRG-SN-39-0785,"Tostitos Queso Salsa, 16 oz","Tostitos Queso Salsa, 16 oz — Salsa & Dips",Tostitos,False,16 oz,Snacks,Chips & Snacks,Salsa & Dips,Snacks & Candy,Salty Snacks,Salsa & Dips,4.08
grocery,KRG,KRG,KRG-SN-39-0786,"Tostitos Guacamole Salsa, 16 oz","Tostitos Guacamole Salsa, 16 oz — Salsa & Dips",Tostitos,False,16 oz,Snacks,Chips & Snacks,Salsa & Dips,Snacks & Candy,Salty Snacks,Salsa & Dips,4.24
grocery,KRG,KRG,KRG-SN-39-0787,"Oreo Mild Salsa Salsa, 16 oz","Oreo Mild Salsa Salsa, 16 oz — Salsa & Dips",Oreo,False,16 oz,Snacks,Chips & Snacks,Salsa & Dips,Snacks & Candy,Salty Snacks,Salsa & Dips,4.25
grocery,KRG,KRG,KRG-SN-39-0788,"Oreo Medium Salsa Salsa, 16 oz","Oreo Medium Salsa Salsa, 16 oz — Salsa & Dips",Oreo,False,16 oz,Snacks,Chips & Snacks,Salsa & Dips,Snacks & Candy,Salty Snacks,Salsa & Dips,4.17
grocery,KRG,KRG,KRG-SN-39-0789,"Kroger Queso Salsa, 16 oz","Kroger Queso Salsa, 16 oz — Salsa & Dips",Kroger,True,16 oz,Snacks,Chips & Snacks,Salsa & Dips,Snacks & Candy,Salty Snacks,Salsa & Dips,3.3
grocery,KRG,KRG,KRG-SN-39-0790,"Kroger Guacamole Salsa, 16 oz","Kroger Guacamole Salsa, 16 oz — Salsa & Dips",Kroger,True,16 oz,Snacks,Chips & Snacks,Salsa & Dips,Snacks & Candy,Salty Snacks,Salsa & Dips,3.17
grocery,KRG,KRG,KRG-SN-39-0791,"Kroger Mild Salsa Salsa, 16 oz","Kroger Mild Salsa Salsa, 16 oz — Salsa & Dips",Kroger,True,16 oz,Snacks,Chips & Snacks,Salsa & Dips,Snacks & Candy,Salty Snacks,Salsa & Dips,3.21
grocery,KRG,KRG,KRG-SN-39-0792,"Kroger Medium Salsa Salsa, 16 oz","Kroger Medium Salsa Salsa, 16 oz — Salsa & Dips",Kroger,True,16 oz,Snacks,Chips & Snacks,Salsa & Dips,Snacks & Candy,Salty Snacks,Salsa & Dips,3.19
grocery,KRG,KRG,KRG-SN-39-0793,"Kroger Queso Salsa, 16 oz","Kroger Queso Salsa, 16 oz — Salsa & Dips",Kroger,True,16 oz,Snacks,Chips & Snacks,Salsa & Dips,Snacks & Candy,Salty Snacks,Salsa & Dips,3.52
grocery,KRG,KRG,KRG-SN-39-0794,"Kroger Guacamole Salsa, 16 oz","Kroger Guacamole Salsa, 16 oz — Salsa & Dips",Kroger,True,16 oz,Snacks,Chips & Snacks,Salsa & Dips,Snacks & Candy,Salty Snacks,Salsa & Dips,3.31
grocery,KRG,KRG,KRG-SN-40-0795,"Lay's Mixed Nuts Nuts, 10 oz","Lay's Mixed Nuts Nuts, 10 oz — Nuts & Trail Mix",Lay's,False,10 oz,Snacks,Chips & Snacks,Nuts & Trail Mix,Snacks & Candy,Salty Snacks,Nuts & Trail Mix,5.95
grocery,KRG,KRG,KRG-SN-40-0796,"Lay's Almonds Nuts, 10 oz","Lay's Almonds Nuts, 10 oz — Nuts & Trail Mix",Lay's,False,10 oz,Snacks,Chips & Snacks,Nuts & Trail Mix,Snacks & Candy,Salty Snacks,Nuts & Trail Mix,6.3
grocery,KRG,KRG,KRG-SN-40-0797,"Lay's Cashews Nuts, 10 oz","Lay's Cashews Nuts, 10 oz — Nuts & Trail Mix",Lay's,False,10 oz,Snacks,Chips & Snacks,Nuts & Trail Mix,Snacks & Candy,Salty Snacks,Nuts & Trail Mix,6.45
grocery,KRG,KRG,KRG-SN-40-0798,"Lay's Mixed Nuts Nuts, 16 oz","Lay's Mixed Nuts Nuts, 16 oz — Nuts & Trail Mix",Lay's,False,16 oz,Snacks,Chips & Snacks,Nuts & Trail Mix,Snacks & Candy,Salty Snacks,Nuts & Trail Mix,6.61
grocery,KRG,KRG,KRG-SN-40-0799,"Lay's Cashews Nuts, 16 oz","Lay's Cashews Nuts, 16 oz — Nuts & Trail Mix",Lay's,False,16 oz,Snacks,Chips & Snacks,Nuts & Trail Mix,Snacks & Candy,Salty Snacks,Nuts & Trail Mix,6.74
grocery,KRG,KRG,KRG-SN-40-0800,"Doritos Mixed Nuts Nuts, 10 oz","Doritos Mixed Nuts Nuts, 10 oz — Nuts & Trail Mix",Doritos,False,10 oz,Snacks,Chips & Snacks,Nuts & Trail Mix,Snacks & Candy,Salty Snacks,Nuts & Trail Mix,7.05
grocery,KRG,KRG,KRG-SN-40-0801,"Doritos Almonds Nuts, 10 oz","Doritos Almonds Nuts, 10 oz — Nuts & Trail Mix",Doritos,False,10 oz,Snacks,Chips & Snacks,Nuts & Trail Mix,Snacks & Candy,Salty Snacks,Nuts & Trail Mix,6.65
grocery,KRG,KRG,KRG-SN-40-0802,"Doritos Cashews Nuts, 10 oz","Doritos Cashews Nuts, 10 oz — Nuts & Trail Mix",Doritos,False,10 oz,Snacks,Chips & Snacks,Nuts & Trail Mix,Snacks & Candy,Salty Snacks,Nuts & Trail Mix,6.75
grocery,KRG,KRG,KRG-SN-40-0803,"Doritos Almonds Nuts, 16 oz","Doritos Almonds Nuts, 16 oz — Nuts & Trail Mix",Doritos,False,16 oz,Snacks,Chips & Snacks,Nuts & Trail Mix,Snacks & Candy,Salty Snacks,Nuts & Trail Mix,7.4
grocery,KRG,KRG,KRG-SN-40-0804,"Kroger Cashews Nuts, 16 oz","Kroger Cashews Nuts, 16 oz — Nuts & Trail Mix",Kroger,True,16 oz,Snacks,Chips & Snacks,Nuts & Trail Mix,Snacks & Candy,Salty Snacks,Nuts & Trail Mix,5.37
grocery,KRG,KRG,KRG-SN-40-0805,"Kroger Almonds Nuts, 10 oz","Kroger Almonds Nuts, 10 oz — Nuts & Trail Mix",Kroger,True,10 oz,Snacks,Chips & Snacks,Nuts & Trail Mix,Snacks & Candy,Salty Snacks,Nuts & Trail Mix,5.87
grocery,KRG,KRG,KRG-SN-41-0806,"Lay's Chocolate Chip Cookies, 13 oz","Lay's Chocolate Chip Cookies, 13 oz — Cookies",Lay's,False,13 oz,Snacks,Cookies & Candy,Cookies,Snacks & Candy,Cookies & Candy,Cookies,3.55
grocery,KRG,KRG,KRG-SN-41-0807,"Lay's Sandwich Cookies Cookies, 13 oz","Lay's Sandwich Cookies Cookies, 13 oz — Cookies",Lay's,False,13 oz,Snacks,Cookies & Candy,Cookies,Snacks & Candy,Cookies & Candy,Cookies,3.61
grocery,KRG,KRG,KRG-SN-41-0808,"Lay's Vanilla Wafers Cookies, 13 oz","Lay's Vanilla Wafers Cookies, 13 oz — Cookies",Lay's,False,13 oz,Snacks,Cookies & Candy,Cookies,Snacks & Candy,Cookies & Candy,Cookies,3.38
grocery,KRG,KRG,KRG-SN-41-0809,"Lay's Chocolate Chip Cookies, 18 oz","Lay's Chocolate Chip Cookies, 18 oz — Cookies",Lay's,False,18 oz,Snacks,Cookies & Candy,Cookies,Snacks & Candy,Cookies & Candy,Cookies,3.68
grocery,KRG,KRG,KRG-SN-41-0810,"Lay's Sandwich Cookies Cookies, 18 oz","Lay's Sandwich Cookies Cookies, 18 oz — Cookies",Lay's,False,18 oz,Snacks,Cookies & Candy,Cookies,Snacks & Candy,Cookies & Candy,Cookies,3.79
grocery,KRG,KRG,KRG-SN-41-0811,"Lay's Vanilla Wafers Cookies, 18 oz","Lay's Vanilla Wafers Cookies, 18 oz — Cookies",Lay's,False,18 oz,Snacks,Cookies & Candy,Cookies,Snacks & Candy,Cookies & Candy,Cookies,3.5
grocery,KRG,KRG,KRG-SN-41-0812,"Doritos Chocolate Chip Cookies, 13 oz","Doritos Chocolate Chip Cookies, 13 oz — Cookies",Doritos,False,13 oz,Snacks,Cookies & Candy,Cookies,Snacks & Candy,Cookies & Candy,Cookies,3.69
grocery,KRG,KRG,KRG-SN-41-0813,"Doritos Sandwich Cookies Cookies, 13 oz","Doritos Sandwich Cookies Cookies, 13 oz — Cookies",Doritos,False,13 oz,Snacks,Cookies & Candy,Cookies,Snacks & Candy,Cookies & Candy,Cookies,3.94
grocery,KRG,KRG,KRG-SN-41-0814,"Doritos Vanilla Wafers Cookies, 13 oz","Doritos Vanilla Wafers Cookies, 13 oz — Cookies",Doritos,False,13 oz,Snacks,Cookies & Candy,Cookies,Snacks & Candy,Cookies & Candy,Cookies,3.96
grocery,KRG,KRG,KRG-SN-41-0815,"Doritos Chocolate Chip Cookies, 18 oz","Doritos Chocolate Chip Cookies, 18 oz — Cookies",Doritos,False,18 oz,Snacks,Cookies & Candy,Cookies,Snacks & Candy,Cookies & Candy,Cookies,3.89
grocery,KRG,KRG,KRG-SN-41-0816,"Doritos Sandwich Cookies Cookies, 18 oz","Doritos Sandwich Cookies Cookies, 18 oz — Cookies",Doritos,False,18 oz,Snacks,Cookies & Candy,Cookies,Snacks & Candy,Cookies & Candy,Cookies,3.92
grocery,KRG,KRG,KRG-SN-41-0817,"Doritos Vanilla Wafers Cookies, 18 oz","Doritos Vanilla Wafers Cookies, 18 oz — Cookies",Doritos,False,18 oz,Snacks,Cookies & Candy,Cookies,Snacks & Candy,Cookies & Candy,Cookies,4.01
grocery,KRG,KRG,KRG-SN-41-0818,"Tostitos Chocolate Chip Cookies, 13 oz","Tostitos Chocolate Chip Cookies, 13 oz — Cookies",Tostitos,False,13 oz,Snacks,Cookies & Candy,Cookies,Snacks & Candy,Cookies & Candy,Cookies,3.98
grocery,KRG,KRG,KRG-SN-41-0819,"Tostitos Sandwich Cookies Cookies, 13 oz","Tostitos Sandwich Cookies Cookies, 13 oz — Cookies",Tostitos,False,13 oz,Snacks,Cookies & Candy,Cookies,Snacks & Candy,Cookies & Candy,Cookies,4.14
grocery,KRG,KRG,KRG-SN-41-0820,"Kroger Vanilla Wafers Cookies, 13 oz","Kroger Vanilla Wafers Cookies, 13 oz — Cookies",Kroger,True,13 oz,Snacks,Cookies & Candy,Cookies,Snacks & Candy,Cookies & Candy,Cookies,3.24
grocery,KRG,KRG,KRG-SN-41-0821,"Kroger Chocolate Chip Cookies, 18 oz","Kroger Chocolate Chip Cookies, 18 oz — Cookies",Kroger,True,18 oz,Snacks,Cookies & Candy,Cookies,Snacks & Candy,Cookies & Candy,Cookies,3.28
grocery,KRG,KRG,KRG-SN-41-0822,"Kroger Sandwich Cookies Cookies, 18 oz","Kroger Sandwich Cookies Cookies, 18 oz — Cookies",Kroger,True,18 oz,Snacks,Cookies & Candy,Cookies,Snacks & Candy,Cookies & Candy,Cookies,3.27
grocery,KRG,KRG,KRG-SN-41-0823,"Kroger Vanilla Wafers Cookies, 18 oz","Kroger Vanilla Wafers Cookies, 18 oz — Cookies",Kroger,True,18 oz,Snacks,Cookies & Candy,Cookies,Snacks & Candy,Cookies & Candy,Cookies,3.26
grocery,KRG,KRG,KRG-SN-41-0824,"Kroger Chocolate Chip Cookies, 13 oz","Kroger Chocolate Chip Cookies, 13 oz — Cookies",Kroger,True,13 oz,Snacks,Cookies & Candy,Cookies,Snacks & Candy,Cookies & Candy,Cookies,3.36
grocery,KRG,KRG,KRG-SN-41-0825,"Kroger Sandwich Cookies Cookies, 13 oz","Kroger Sandwich Cookies Cookies, 13 oz — Cookies",Kroger,True,13 oz,Snacks,Cookies & Candy,Cookies,Snacks & Candy,Cookies & Candy,Cookies,3.32
grocery,KRG,KRG,KRG-SN-41-0826,"Kroger Vanilla Wafers Cookies, 13 oz","Kroger Vanilla Wafers Cookies, 13 oz — Cookies",Kroger,True,13 oz,Snacks,Cookies & Candy,Cookies,Snacks & Candy,Cookies & Candy,Cookies,3.52
grocery,KRG,KRG,KRG-SN-41-0827,"Kroger Chocolate Chip Cookies, 18 oz","Kroger Chocolate Chip Cookies, 18 oz — Cookies",Kroger,True,18 oz,Snacks,Cookies & Candy,Cookies,Snacks & Candy,Cookies & Candy,Cookies,3.29
grocery,KRG,KRG,KRG-SN-42-0828,"Lay's Chocolate Bars Candy, 10 oz","Lay's Chocolate Bars Candy, 10 oz — Candy & Chocolate",Lay's,False,10 oz,Snacks,Cookies & Candy,Candy & Chocolate,Snacks & Candy,Cookies & Candy,Candy & Chocolate,2.9
grocery,KRG,KRG,KRG-SN-42-0829,"Lay's Gummy Candy Candy, 10 oz","Lay's Gummy Candy Candy, 10 oz — Candy & Chocolate",Lay's,False,10 oz,Snacks,Cookies & Candy,Candy & Chocolate,Snacks & Candy,Cookies & Candy,Candy & Chocolate,3.05
grocery,KRG,KRG,KRG-SN-42-0830,"Lay's Fun Size Mix Candy, 10 oz","Lay's Fun Size Mix Candy, 10 oz — Candy & Chocolate",Lay's,False,10 oz,Snacks,Cookies & Candy,Candy & Chocolate,Snacks & Candy,Cookies & Candy,Candy & Chocolate,3.11
grocery,KRG,KRG,KRG-SN-42-0831,"Lay's Hard Candy Candy, 10 oz","Lay's Hard Candy Candy, 10 oz — Candy & Chocolate",Lay's,False,10 oz,Snacks,Cookies & Candy,Candy & Chocolate,Snacks & Candy,Cookies & Candy,Candy & Chocolate,2.99
grocery,KRG,KRG,KRG-SN-42-0832,"Lay's Chocolate Bars Candy, 18 oz","Lay's Chocolate Bars Candy, 18 oz — Candy & Chocolate",Lay's,False,18 oz,Snacks,Cookies & Candy,Candy & Chocolate,Snacks & Candy,Cookies & Candy,Candy & Chocolate,3.27
grocery,KRG,KRG,KRG-SN-42-0833,"Lay's Gummy Candy Candy, 18 oz","Lay's Gummy Candy Candy, 18 oz — Candy & Chocolate",Lay's,False,18 oz,Snacks,Cookies & Candy,Candy & Chocolate,Snacks & Candy,Cookies & Candy,Candy & Chocolate,3.18
grocery,KRG,KRG,KRG-SN-42-0834,"Lay's Fun Size Mix Candy, 18 oz","Lay's Fun Size Mix Candy, 18 oz — Candy & Chocolate",Lay's,False,18 oz,Snacks,Cookies & Candy,Candy & Chocolate,Snacks & Candy,Cookies & Candy,Candy & Chocolate,3.13
grocery,KRG,KRG,KRG-SN-42-0835,"Lay's Hard Candy Candy, 18 oz","Lay's Hard Candy Candy, 18 oz — Candy & Chocolate",Lay's,False,18 oz,Snacks,Cookies & Candy,Candy & Chocolate,Snacks & Candy,Cookies & Candy,Candy & Chocolate,3.11
grocery,KRG,KRG,KRG-SN-42-0836,"Doritos Chocolate Bars Candy, 10 oz","Doritos Chocolate Bars Candy, 10 oz — Candy & Chocolate",Doritos,False,10 oz,Snacks,Cookies & Candy,Candy & Chocolate,Snacks & Candy,Cookies & Candy,Candy & Chocolate,3.45
grocery,KRG,KRG,KRG-SN-42-0837,"Doritos Gummy Candy Candy, 10 oz","Doritos Gummy Candy Candy, 10 oz — Candy & Chocolate",Doritos,False,10 oz,Snacks,Cookies & Candy,Candy & Chocolate,Snacks & Candy,Cookies & Candy,Candy & Chocolate,3.32
grocery,KRG,KRG,KRG-SN-42-0838,"Doritos Fun Size Mix Candy, 10 oz","Doritos Fun Size Mix Candy, 10 oz — Candy & Chocolate",Doritos,False,10 oz,Snacks,Cookies & Candy,Candy & Chocolate,Snacks & Candy,Cookies & Candy,Candy & Chocolate,3.42
grocery,KRG,KRG,KRG-SN-42-0839,"Doritos Hard Candy Candy, 10 oz","Doritos Hard Candy Candy, 10 oz — Candy & Chocolate",Doritos,False,10 oz,Snacks,Cookies & Candy,Candy & Chocolate,Snacks & Candy,Cookies & Candy,Candy & Chocolate,3.42
grocery,KRG,KRG,KRG-SN-42-0840,"Doritos Chocolate Bars Candy, 18 oz","Doritos Chocolate Bars Candy, 18 oz — Candy & Chocolate",Doritos,False,18 oz,Snacks,Cookies & Candy,Candy & Chocolate,Snacks & Candy,Cookies & Candy,Candy & Chocolate,3.39
grocery,KRG,KRG,KRG-SN-42-0841,"Doritos Gummy Candy Candy, 18 oz","Doritos Gummy Candy Candy, 18 oz — Candy & Chocolate",Doritos,False,18 oz,Snacks,Cookies & Candy,Candy & Chocolate,Snacks & Candy,Cookies & Candy,Candy & Chocolate,3.56
grocery,KRG,KRG,KRG-SN-42-0842,"Doritos Fun Size Mix Candy, 18 oz","Doritos Fun Size Mix Candy, 18 oz — Candy & Chocolate",Doritos,False,18 oz,Snacks,Cookies & Candy,Candy & Chocolate,Snacks & Candy,Cookies & Candy,Candy & Chocolate,3.75
grocery,KRG,KRG,KRG-SN-42-0843,"Doritos Hard Candy Candy, 18 oz","Doritos Hard Candy Candy, 18 oz — Candy & Chocolate",Doritos,False,18 oz,Snacks,Cookies & Candy,Candy & Chocolate,Snacks & Candy,Cookies & Candy,Candy & Chocolate,3.67
grocery,KRG,KRG,KRG-SN-42-0844,"Tostitos Chocolate Bars Candy, 10 oz","Tostitos Chocolate Bars Candy, 10 oz — Candy & Chocolate",Tostitos,False,10 oz,Snacks,Cookies & Candy,Candy & Chocolate,Snacks & Candy,Cookies & Candy,Candy & Chocolate,3.57
grocery,KRG,KRG,KRG-SN-42-0845,"Tostitos Gummy Candy Candy, 10 oz","Tostitos Gummy Candy Candy, 10 oz — Candy & Chocolate",Tostitos,False,10 oz,Snacks,Cookies & Candy,Candy & Chocolate,Snacks & Candy,Cookies & Candy,Candy & Chocolate,3.75
grocery,KRG,KRG,KRG-SN-42-0846,"Tostitos Fun Size Mix Candy, 10 oz","Tostitos Fun Size Mix Candy, 10 oz — Candy & Chocolate",Tostitos,False,10 oz,Snacks,Cookies & Candy,Candy & Chocolate,Snacks & Candy,Cookies & Candy,Candy & Chocolate,3.71
grocery,KRG,KRG,KRG-SN-42-0847,"Tostitos Hard Candy Candy, 10 oz","Tostitos Hard Candy Candy, 10 oz — Candy & Chocolate",Tostitos,False,10 oz,Snacks,Cookies & Candy,Candy & Chocolate,Snacks & Candy,Cookies & Candy,Candy & Chocolate,3.61
grocery,KRG,KRG,KRG-SN-42-0848,"Tostitos Chocolate Bars Candy, 18 oz","Tostitos Chocolate Bars Candy, 18 oz — Candy & Chocolate",Tostitos,False,18 oz,Snacks,Cookies & Candy,Candy & Chocolate,Snacks & Candy,Cookies & Candy,Candy & Chocolate,3.94
grocery,KRG,KRG,KRG-SN-42-0849,"Kroger Gummy Candy Candy, 18 oz","Kroger Gummy Candy Candy, 18 oz — Candy & Chocolate",Kroger,True,18 oz,Snacks,Cookies & Candy,Candy & Chocolate,Snacks & Candy,Cookies & Candy,Candy & Chocolate,3.05
grocery,KRG,KRG,KRG-SN-42-0850,"Kroger Fun Size Mix Candy, 18 oz","Kroger Fun Size Mix Candy, 18 oz — Candy & Chocolate",Kroger,True,18 oz,Snacks,Cookies & Candy,Candy & Chocolate,Snacks & Candy,Cookies & Candy,Candy & Chocolate,2.85
grocery,KRG,KRG,KRG-SN-42-0851,"Kroger Hard Candy Candy, 18 oz","Kroger Hard Candy Candy, 18 oz — Candy & Chocolate",Kroger,True,18 oz,Snacks,Cookies & Candy,Candy & Chocolate,Snacks & Candy,Cookies & Candy,Candy & Chocolate,2.99
grocery,KRG,KRG,KRG-SN-42-0852,"Kroger Chocolate Bars Candy, 10 oz","Kroger Chocolate Bars Candy, 10 oz — Candy & Chocolate",Kroger,True,10 oz,Snacks,Cookies & Candy,Candy & Chocolate,Snacks & Candy,Cookies & Candy,Candy & Chocolate,3.15
grocery,WDX,WDX,WDX100837,"SE Grocers Black Beans Canned, 15 oz","SE Grocers Black Beans Canned, 15 oz — Canned Vegetables & Beans",SE Grocers,True,15 oz,Grocery,Canned Goods,Canned Vegetables & Beans,Dry Grocery,Canned & Packaged,Canned Vegetables & Beans,0.92
grocery,WDX,WDX,WDX100998,"Barilla Spaghetti Pasta, 16 oz","Barilla Spaghetti Pasta, 16 oz — Pasta",Barilla,False,16 oz,Grocery,Pasta,Pasta,Dry Grocery,Pasta & Sauce,Pasta,1.73
grocery,WDX,WDX,WDX101409,"Pepsi Sports Drink Variety Sports Drink, 12-pack","Pepsi Sports Drink Variety Sports Drink, 12-pack — Sports & Energy Drinks",Pepsi,False,12-pack,Beverages,Water,Sports & Energy Drinks,Beverages,Water & Sports,Sports & Energy Drinks,6.12
grocery,WDX,WDX,WDX102678,"SE Grocers Cake Mix Baking, 4 lb","SE Grocers Cake Mix Baking, 4 lb — Baking Staples",SE Grocers,True,4 lb,Grocery,Baking,Baking Staples,Dry Grocery,Baking,Baking Staples,2.27
grocery,WDX,WDX,WDX102865,"Hillshire Farm Tenderloin Pork, per lb","Hillshire Farm Tenderloin Pork, per lb — Pork Cuts",Hillshire Farm,False,per lb,Meat,Pork,Pork Cuts,Meat & Seafood,Pork,Pork Cuts,4.9
grocery,WDX,WDX,WDX103455,"Dole Organic Apples Fruit, per lb","Dole Organic Apples Fruit, per lb — Organic & Specialty Fruit",Dole,False,per lb,Produce,Fruit,Organic & Specialty Fruit,Produce,Fresh Fruit,Organic & Specialty Fruit,4.81
grocery,WDX,WDX,WDX103628,"Coca-Cola Spring Water Water, 24-pack","Coca-Cola Spring Water Water, 24-pack — Water",Coca-Cola,False,24-pack,Beverages,Water,Water,Beverages,Water & Sports,Water,3.92
grocery,WDX,WDX,WDX104041,"SE Grocers Raisin Bran Cereal, 18 oz","SE Grocers Raisin Bran Cereal, 18 oz — Cereal",SE Grocers,True,18 oz,Grocery,Cereal,Cereal,Dry Grocery,Breakfast & Cereal,Cereal,2.9
grocery,WDX,WDX,WDX105553,"SE Grocers Tomato Basil Sauce, 24 oz","SE Grocers Tomato Basil Sauce, 24 oz — Pasta Sauce",SE Grocers,True,24 oz,Grocery,Pasta,Pasta Sauce,Dry Grocery,Pasta & Sauce,Pasta Sauce,2.47
grocery,WDX,WDX,WDX107272,"SE Grocers Broccoli Frozen Vegetables, 16 oz","SE Grocers Broccoli Frozen Vegetables, 16 oz — Frozen Vegetables",SE Grocers,True,16 oz,Frozen,Frozen Veg,Frozen Vegetables,Frozen,Frozen Vegetables & Fruit,Frozen Vegetables,1.69
grocery,WDX,WDX,WDX108599,"SE Grocers Provolone Sliced Cheese, 8 oz","SE Grocers Provolone Sliced Cheese, 8 oz — Sliced Cheese",SE Grocers,True,8 oz,Refrigerated,Dairy Cheese,Sliced Cheese,Dairy & Eggs,Cheese,Sliced Cheese,2.52
grocery,WDX,WDX,WDX109707,"Barilla Elbow Macaroni Pasta, 16 oz","Barilla Elbow Macaroni Pasta, 16 oz — Pasta",Barilla,False,16 oz,Grocery,Pasta,Pasta,Dry Grocery,Pasta & Sauce,Pasta,1.74
grocery,WDX,WDX,WDX109969,"Tide Trash Bags Storage, 13 gal","Tide Trash Bags Storage, 13 gal — Food Storage",Tide,False,13 gal,Household,Cleaning,Food Storage,Health & Household,Cleaning & Paper,Food Storage,5.52
grocery,WDX,WDX,WDX110205,"Barilla Ketchup Condiment, 16 oz","Barilla Ketchup Condiment, 16 oz — Condiments & Dressings",Barilla,False,16 oz,Grocery,Condiments,Condiments & Dressings,Dry Grocery,Condiments,Condiments & Dressings,3.01
grocery,WDX,WDX,WDX110416,"Tide Facial Tissue Paper, double roll","Tide Facial Tissue Paper, double roll — Paper Products",Tide,False,double roll,Household,Cleaning,Paper Products,Health & Household,Cleaning & Paper,Paper Products,11.3
grocery,WDX,WDX,WDX110564,"SE Grocers Mixed Vegetables Frozen Vegetables, 16 oz","SE Grocers Mixed Vegetables Frozen Vegetables, 16 oz — Frozen Vegetables",SE Grocers,True,16 oz,Frozen,Frozen Veg,Frozen Vegetables,Frozen,Frozen Vegetables & Fruit,Frozen Vegetables,1.56
grocery,WDX,WDX,WDX111383,"Lay's Fun Size Mix Candy, 18 oz","Lay's Fun Size Mix Candy, 18 oz — Candy & Chocolate",Lay's,False,18 oz,Snacks,Candy,Candy & Chocolate,Snacks & Candy,Cookies & Candy,Candy & Chocolate,3.1
grocery,WDX,WDX,WDX112501,"SE Grocers Mozzarella Shredded Cheese, 16 oz","SE Grocers Mozzarella Shredded Cheese, 16 oz — Shredded Cheese",SE Grocers,True,16 oz,Refrigerated,Dairy Cheese,Shredded Cheese,Dairy & Eggs,Cheese,Shredded Cheese,2.97
grocery,WDX,WDX,WDX112707,"Pepsi Orange Juice Juice, 52 oz","Pepsi Orange Juice Juice, 52 oz — Juice",Pepsi,False,52 oz,Beverages,Juice,Juice,Beverages,Juice & Tea,Juice,4.14
grocery,WDX,WDX,WDX114292,"Horizon Salted Butter, 16 oz","Horizon Salted Butter, 16 oz — Butter",Horizon,False,16 oz,Refrigerated,Butter,Butter,Dairy & Eggs,Butter & Margarine,Butter,3.94
grocery,WDX,WDX,WDX115149,"SE Grocers Large Grade A Eggs, Dozen","SE Grocers Large Grade A Eggs, Dozen — Grade A Eggs",SE Grocers,True,Dozen,Refrigerated,Eggs,Grade A Eggs,Dairy & Eggs,Eggs,Grade A Eggs,2.37
grocery,WDX,WDX,WDX116366,"Fairlife American Sliced Cheese, 12 oz","Fairlife American Sliced Cheese, 12 oz — Sliced Cheese",Fairlife,False,12 oz,Refrigerated,Dairy Cheese,Sliced Cheese,Dairy & Eggs,Cheese,Sliced Cheese,3.67
grocery,WDX,WDX,WDX116582,"Perdue 93/7 Lean Ground Ground Beef, 3 lb","Perdue 93/7 Lean Ground Ground Beef, 3 lb — Ground Beef",Perdue,False,3 lb,Meat,Fresh Beef,Ground Beef,Meat & Seafood,Beef,Ground Beef,5.9
grocery,WDX,WDX,WDX119111,"SE Grocers Cheese Crackers Crackers, 12 oz","SE Grocers Cheese Crackers Crackers, 12 oz — Crackers",SE Grocers,True,12 oz,Snacks,Chips,Crackers,Snacks & Candy,Salty Snacks,Crackers,2.43
grocery,WDX,WDX,WDX119112,"SE Grocers Vitamin D Whole Milk, Half Gallon","SE Grocers Vitamin D Whole Milk, Half Gallon — Whole Milk",SE Grocers,True,Half Gallon,Refrigerated,Milk,Whole Milk,Dairy & Eggs,Milk,Whole Milk,2.56
grocery,WDX,WDX,WDX119656,"SE Grocers Diapers Size 3 Baby, box","SE Grocers Diapers Size 3 Baby, box — Diapers & Wipes",SE Grocers,True,box,Baby & Pet,Baby,Diapers & Wipes,Baby & Pet,Baby,Diapers & Wipes,18.85
grocery,WDX,WDX,WDX120612,"Progresso Corn Flakes Cereal, 12 oz","Progresso Corn Flakes Cereal, 12 oz — Cereal",Progresso,False,12 oz,Grocery,Cereal,Cereal,Dry Grocery,Breakfast & Cereal,Cereal,4.39
grocery,WDX,WDX,WDX121522,"SE Grocers Quinoa Rice, 5 lb","SE Grocers Quinoa Rice, 5 lb — Rice & Grains",SE Grocers,True,5 lb,Grocery,Rice & Beans,Rice & Grains,Dry Grocery,Rice & Grains,Rice & Grains,2.35
grocery,WDX,WDX,WDX122411,"Tyson Boneless Skinless Breast Chicken, family pack","Tyson Boneless Skinless Breast Chicken, family pack — Chicken",Tyson,False,family pack,Meat,Chicken,Chicken,Meat & Seafood,Poultry,Chicken,4.44
grocery,WDX,WDX,WDX123347,"Stouffer's Cheese Pizza, 2-pack","Stouffer's Cheese Pizza, 2-pack — Frozen Pizza",Stouffer's,False,2-pack,Frozen,Frozen Dinners,Frozen Pizza,Frozen,Frozen Meals,Frozen Pizza,5.6
grocery,WDX,WDX,WDX123404,"DiGiorno Pepperoni Pizza, single","DiGiorno Pepperoni Pizza, single — Frozen Pizza",DiGiorno,False,single,Frozen,Frozen Dinners,Frozen Pizza,Frozen,Frozen Meals,Frozen Pizza,5.78
grocery,WDX,WDX,WDX125453,"Perdue 80/20 Ground Ground Beef, 1 lb","Perdue 80/20 Ground Ground Beef, 1 lb — Ground Beef",Perdue,False,1 lb,Meat,Fresh Beef,Ground Beef,Meat & Seafood,Beef,Ground Beef,5.68
grocery,WDX,WDX,WDX127475,"Barilla Brown Sugar Baking, 2 lb","Barilla Brown Sugar Baking, 2 lb — Baking Staples",Barilla,False,2 lb,Grocery,Baking,Baking Staples,Dry Grocery,Baking,Baking Staples,2.86
grocery,WDX,WDX,WDX128057,"SE Grocers Trash Bags Storage, 13 gal","SE Grocers Trash Bags Storage, 13 gal — Food Storage",SE Grocers,True,13 gal,Household,Cleaning,Food Storage,Health & Household,Cleaning & Paper,Food Storage,4.0
grocery,WDX,WDX,WDX129127,"Fairlife Swiss Sliced Cheese, 8 oz","Fairlife Swiss Sliced Cheese, 8 oz — Sliced Cheese",Fairlife,False,8 oz,Refrigerated,Dairy Cheese,Sliced Cheese,Dairy & Eggs,Cheese,Sliced Cheese,3.63
grocery,WDX,WDX,WDX130281,"SE Grocers Vanilla Wafers Cookies, 18 oz","SE Grocers Vanilla Wafers Cookies, 18 oz — Cookies",SE Grocers,True,18 oz,Snacks,Candy,Cookies,Snacks & Candy,Cookies & Candy,Cookies,2.64
grocery,WDX,WDX,WDX131813,"Pepsi Ginger Ale Soda, 2 Liter","Pepsi Ginger Ale Soda, 2 Liter — Soda",Pepsi,False,2 Liter,Beverages,Soda,Soda,Beverages,Soft Drinks,Soda,6.03
grocery,WDX,WDX,WDX134191,"Tide Conditioner Hair Care, 12 oz","Tide Conditioner Hair Care, 12 oz — Hair Care",Tide,False,12 oz,Household,Health & Beauty,Hair Care,Health & Household,Personal Care,Hair Care,5.43
grocery,WDX,WDX,WDX134613,"Horizon Plain Greek Yogurt, 5.3 oz","Horizon Plain Greek Yogurt, 5.3 oz — Greek Yogurt",Horizon,False,5.3 oz,Refrigerated,Yogurt,Greek Yogurt,Dairy & Eggs,Yogurt,Greek Yogurt,1.06
grocery,WDX,WDX,WDX134865,"Horizon Light Spread, 45 oz","Horizon Light Spread, 45 oz — Margarine & Spreads",Horizon,False,45 oz,Refrigerated,Butter,Margarine & Spreads,Dairy & Eggs,Butter & Margarine,Margarine & Spreads,2.89
grocery,WDX,WDX,WDX135095,"Doritos Ruffles Chips, 8 oz","Doritos Ruffles Chips, 8 oz — Potato & Tortilla Chips",Doritos,False,8 oz,Snacks,Chips,Potato & Tortilla Chips,Snacks & Candy,Salty Snacks,Potato & Tortilla Chips,4.1
grocery,WDX,WDX,WDX135385,"Barilla Meat Sauce Sauce, 24 oz","Barilla Meat Sauce Sauce, 24 oz — Pasta Sauce",Barilla,False,24 oz,Grocery,Pasta,Pasta Sauce,Dry Grocery,Pasta & Sauce,Pasta Sauce,2.99
grocery,WDX,WDX,WDX137401,"Doritos Tortilla Chips Chips, 13 oz","Doritos Tortilla Chips Chips, 13 oz — Potato & Tortilla Chips",Doritos,False,13 oz,Snacks,Chips,Potato & Tortilla Chips,Snacks & Candy,Salty Snacks,Potato & Tortilla Chips,4.32
grocery,WDX,WDX,WDX138046,"Dole Russet Potatoes Vegetables, per lb","Dole Russet Potatoes Vegetables, per lb — Everyday Vegetables",Dole,False,per lb,Produce,Vegetables,Everyday Vegetables,Produce,Fresh Vegetables,Everyday Vegetables,2.08
grocery,WDX,WDX,WDX139119,"SE Grocers Hot Dog Buns Rolls, 8 ct","SE Grocers Hot Dog Buns Rolls, 8 ct — Buns & Rolls",SE Grocers,True,8 ct,Bakery,Bread,Buns & Rolls,Bakery,Bread,Buns & Rolls,2.3
grocery,WDX,WDX,WDX139827,"Dole Organic Apples Fruit, each","Dole Organic Apples Fruit, each — Organic & Specialty Fruit",Dole,False,each,Produce,Fruit,Organic & Specialty Fruit,Produce,Fresh Fruit,Organic & Specialty Fruit,4.56
grocery,WDX,WDX,WDX141483,"Tyson Roast Beef Lunch Meat, 16 oz","Tyson Roast Beef Lunch Meat, 16 oz — Lunch Meat",Tyson,False,16 oz,Meat,Deli,Lunch Meat,Meat & Seafood,Deli,Lunch Meat,5.26
grocery,WDX,WDX,WDX141697,"SE Grocers Liquid Detergent Laundry, 92 oz","SE Grocers Liquid Detergent Laundry, 92 oz — Laundry",SE Grocers,True,92 oz,Household,Cleaning,Laundry,Health & Household,Cleaning & Paper,Laundry,8.78
grocery,WDX,WDX,WDX142671,"SE Grocers Wet Cat Food Pet Food, 12-pack","SE Grocers Wet Cat Food Pet Food, 12-pack — Pet Food",SE Grocers,True,12-pack,Baby & Pet,Pet,Pet Food,Baby & Pet,Pet,Pet Food,12.92
grocery,WDX,WDX,WDX143413,"Lay's Chocolate Bars Candy, 10 oz","Lay's Chocolate Bars Candy, 10 oz — Candy & Chocolate",Lay's,False,10 oz,Snacks,Candy,Candy & Chocolate,Snacks & Candy,Cookies & Candy,Candy & Chocolate,2.79
grocery,WDX,WDX,WDX143501,"Pampers Dry Cat Food Pet Food, 3.5 lb","Pampers Dry Cat Food Pet Food, 3.5 lb — Pet Food",Pampers,False,3.5 lb,Baby & Pet,Pet,Pet Food,Baby & Pet,Pet,Pet Food,17.35
grocery,WDX,WDX,WDX143883,"Perdue Chops Pork, per lb","Perdue Chops Pork, per lb — Pork Cuts",Perdue,False,per lb,Meat,Pork,Pork Cuts,Meat & Seafood,Pork,Pork Cuts,3.92
grocery,WDX,WDX,WDX144078,"Tostitos Potato Chips Chips, 8 oz","Tostitos Potato Chips Chips, 8 oz — Potato & Tortilla Chips",Tostitos,False,8 oz,Snacks,Chips,Potato & Tortilla Chips,Snacks & Candy,Salty Snacks,Potato & Tortilla Chips,4.5
grocery,WDX,WDX,WDX144714,"Tyson Cod Seafood, per lb","Tyson Cod Seafood, per lb — Fish & Shellfish",Tyson,False,per lb,Meat,Seafood,Fish & Shellfish,Meat & Seafood,Seafood,Fish & Shellfish,8.37
grocery,WDX,WDX,WDX145065,"Tide Fabric Softener Laundry, 50 oz","Tide Fabric Softener Laundry, 50 oz — Laundry",Tide,False,50 oz,Household,Cleaning,Laundry,Health & Household,Cleaning & Paper,Laundry,10.6
grocery,WDX,WDX,WDX145244,"Coca-Cola Lemonade Tea, 59 oz","Coca-Cola Lemonade Tea, 59 oz — Tea & Mixers",Coca-Cola,False,59 oz,Beverages,Juice,Tea & Mixers,Beverages,Juice & Tea,Tea & Mixers,3.35
grocery,WDX,WDX,WDX145772,"Fairlife Vitamin D Whole Milk, Half Gallon","Fairlife Vitamin D Whole Milk, Half Gallon — Whole Milk",Fairlife,False,Half Gallon,Refrigerated,Milk,Whole Milk,Dairy & Eggs,Milk,Whole Milk,3.74
grocery,WDX,WDX,WDX146389,"Coca-Cola Cranberry Juice, 64 oz","Coca-Cola Cranberry Juice, 64 oz — Juice",Coca-Cola,False,64 oz,Beverages,Juice,Juice,Beverages,Juice & Tea,Juice,3.97
grocery,WDX,WDX,WDX146646,"Pampers Dry Dog Food Pet Food, 12-pack","Pampers Dry Dog Food Pet Food, 12-pack — Pet Food",Pampers,False,12-pack,Baby & Pet,Pet,Pet Food,Baby & Pet,Pet,Pet Food,15.85
grocery,WDX,WDX,WDX147499,"Tyson Thighs Chicken, family pack","Tyson Thighs Chicken, family pack — Chicken",Tyson,False,family pack,Meat,Chicken,Chicken,Meat & Seafood,Poultry,Chicken,4.42
grocery,WDX,WDX,WDX147999,"Dole Apples Gala Fruit, 3 lb bag","Dole Apples Gala Fruit, 3 lb bag — Bananas & Everyday Fruit",Dole,False,3 lb bag,Produce,Fruit,Bananas & Everyday Fruit,Produce,Fresh Fruit,Bananas & Everyday Fruit,2.25
grocery,WDX,WDX,WDX150173,"Tide Napkins Paper, 12 roll","Tide Napkins Paper, 12 roll — Paper Products",Tide,False,12 roll,Household,Cleaning,Paper Products,Health & Household,Cleaning & Paper,Paper Products,10.6
grocery,WDX,WDX,WDX150215,"Prego Instant Oatmeal Oatmeal, 18 oz","Prego Instant Oatmeal Oatmeal, 18 oz — Oatmeal & Hot Cereal",Prego,False,18 oz,Grocery,Cereal,Oatmeal & Hot Cereal,Dry Grocery,Breakfast & Cereal,Oatmeal & Hot Cereal,4.24
grocery,WDX,WDX,WDX150493,"SE Grocers Baby Cereal Baby Food, 4-pack","SE Grocers Baby Cereal Baby Food, 4-pack — Formula & Baby Food",SE Grocers,True,4-pack,Baby & Pet,Baby,Formula & Baby Food,Baby & Pet,Baby,Formula & Baby Food,11.08
grocery,WDX,WDX,WDX151208,"Tide Dish Soap Cleaner, 24 oz","Tide Dish Soap Cleaner, 24 oz — Cleaning Supplies",Tide,False,24 oz,Household,Cleaning,Cleaning Supplies,Health & Household,Cleaning & Paper,Cleaning Supplies,4.27
grocery,WDX,WDX,WDX152279,"Prego Ketchup Condiment, 16 oz","Prego Ketchup Condiment, 16 oz — Condiments & Dressings",Prego,False,16 oz,Grocery,Condiments,Condiments & Dressings,Dry Grocery,Condiments,Condiments & Dressings,3.21
grocery,WDX,WDX,WDX152381,"Dole Blueberries Berries, 1 pint","Dole Blueberries Berries, 1 pint — Berries",Dole,False,1 pint,Produce,Fruit,Berries,Produce,Fresh Fruit,Berries,3.52
grocery,WDX,WDX,WDX153180,"Tyson NY Strip Steak, per lb","Tyson NY Strip Steak, per lb — Beef Steaks",Tyson,False,per lb,Meat,Fresh Beef,Beef Steaks,Meat & Seafood,Beef,Beef Steaks,10.4
grocery,WDX,WDX,WDX153829,"Oreo Mild Salsa Salsa, 16 oz","Oreo Mild Salsa Salsa, 16 oz — Salsa & Dips",Oreo,False,16 oz,Snacks,Chips,Salsa & Dips,Snacks & Candy,Salty Snacks,Salsa & Dips,3.87
grocery,WDX,WDX,WDX154563,"SE Grocers Cage-Free Large Eggs, 18 ct","SE Grocers Cage-Free Large Eggs, 18 ct — Grade A Eggs",SE Grocers,True,18 ct,Refrigerated,Eggs,Grade A Eggs,Dairy & Eggs,Eggs,Grade A Eggs,2.49
grocery,WDX,WDX,WDX154890,"Tostitos Chocolate Chip Cookies, 13 oz","Tostitos Chocolate Chip Cookies, 13 oz — Cookies",Tostitos,False,13 oz,Snacks,Candy,Cookies,Snacks & Candy,Cookies & Candy,Cookies,4.1
grocery,WDX,WDX,WDX154946,"Barilla Cake Mix Baking, 4 lb","Barilla Cake Mix Baking, 4 lb — Baking Staples",Barilla,False,4 lb,Grocery,Baking,Baking Staples,Dry Grocery,Baking,Baking Staples,3.01
grocery,WDX,WDX,WDX155027,"Tide Bath Tissue Paper, 12 roll","Tide Bath Tissue Paper, 12 roll — Paper Products",Tide,False,12 roll,Household,Cleaning,Paper Products,Health & Household,Cleaning & Paper,Paper Products,10.89
grocery,WDX,WDX,WDX155137,"Coca-Cola Lemon-Lime Soda, 2 Liter","Coca-Cola Lemon-Lime Soda, 2 Liter — Soda",Coca-Cola,False,2 Liter,Beverages,Soda,Soda,Beverages,Soft Drinks,Soda,5.39
grocery,WDX,WDX,WDX155708,"Bounty Pain Relief Vitamins, 60 ct","Bounty Pain Relief Vitamins, 60 ct — Vitamins & Wellness",Bounty,False,60 ct,Household,Health & Beauty,Vitamins & Wellness,Health & Household,Personal Care,Vitamins & Wellness,9.34
grocery,WDX,WDX,WDX156285,"SE Grocers Original Spread, 15 oz","SE Grocers Original Spread, 15 oz — Margarine & Spreads",SE Grocers,True,15 oz,Refrigerated,Butter,Margarine & Spreads,Dairy & Eggs,Butter & Margarine,Margarine & Spreads,2.3
grocery,WDX,WDX,WDX156634,"SE Grocers Olive Oil Spread, 15 oz","SE Grocers Olive Oil Spread, 15 oz — Margarine & Spreads",SE Grocers,True,15 oz,Refrigerated,Butter,Margarine & Spreads,Dairy & Eggs,Butter & Margarine,Margarine & Spreads,2.16
grocery,WDX,WDX,WDX157852,"SE Grocers Ginger Ale Soda, 2 Liter","SE Grocers Ginger Ale Soda, 2 Liter — Soda",SE Grocers,True,2 Liter,Beverages,Soda,Soda,Beverages,Soft Drinks,Soda,4.22
grocery,WDX,WDX,WDX159563,"Charmin All-Purpose Cleaner Cleaner, 24 oz","Charmin All-Purpose Cleaner Cleaner, 24 oz — Cleaning Supplies",Charmin,False,24 oz,Household,Cleaning,Cleaning Supplies,Health & Household,Cleaning & Paper,Cleaning Supplies,5.09
grocery,WDX,WDX,WDX160601,"Stouffer's Lasagna Frozen Meal, family size","Stouffer's Lasagna Frozen Meal, family size — Frozen Entrees",Stouffer's,False,family size,Frozen,Frozen Dinners,Frozen Entrees,Frozen,Frozen Meals,Frozen Entrees,3.89
grocery,WDX,WDX,WDX161348,"SE Grocers Foil Storage, gallon","SE Grocers Foil Storage, gallon — Food Storage",SE Grocers,True,gallon,Household,Cleaning,Food Storage,Health & Household,Cleaning & Paper,Food Storage,3.97
grocery,WDX,WDX,WDX161412,"SE Grocers Lasagna Pasta, 16 oz","SE Grocers Lasagna Pasta, 16 oz — Pasta",SE Grocers,True,16 oz,Grocery,Pasta,Pasta,Dry Grocery,Pasta & Sauce,Pasta,1.34
grocery,WDX,WDX,WDX161501,"SE Grocers Disinfecting Wipes Cleaner, 32 oz","SE Grocers Disinfecting Wipes Cleaner, 32 oz — Cleaning Supplies",SE Grocers,True,32 oz,Household,Cleaning,Cleaning Supplies,Health & Household,Cleaning & Paper,Cleaning Supplies,3.48
grocery,WDX,WDX,WDX163401,"Dole Grapes Fruit, 3 lb bag","Dole Grapes Fruit, 3 lb bag — Bananas & Everyday Fruit",Dole,False,3 lb bag,Produce,Fruit,Bananas & Everyday Fruit,Produce,Fresh Fruit,Bananas & Everyday Fruit,2.46
grocery,WDX,WDX,WDX165053,"SE Grocers Green Beans Canned, 15 oz","SE Grocers Green Beans Canned, 15 oz — Canned Vegetables & Beans",SE Grocers,True,15 oz,Grocery,Canned Goods,Canned Vegetables & Beans,Dry Grocery,Canned & Packaged,Canned Vegetables & Beans,0.8
grocery,WDX,WDX,WDX166431,"SE Grocers Root Beer Soda, 2 Liter","SE Grocers Root Beer Soda, 2 Liter — Soda",SE Grocers,True,2 Liter,Beverages,Soda,Soda,Beverages,Soft Drinks,Soda,4.03
grocery,WDX,WDX,WDX167340,"SE Grocers Baking Soda Baking, 1 lb","SE Grocers Baking Soda Baking, 1 lb — Baking Staples",SE Grocers,True,1 lb,Grocery,Baking,Baking Staples,Dry Grocery,Baking,Baking Staples,2.45
grocery,WDX,WDX,WDX168026,"SE Grocers Energy Drink Sports Drink, 12-pack","SE Grocers Energy Drink Sports Drink, 12-pack — Sports & Energy Drinks",SE Grocers,True,12-pack,Beverages,Water,Sports & Energy Drinks,Beverages,Water & Sports,Sports & Energy Drinks,4.71
grocery,WDX,WDX,WDX168277,"Charmin Shampoo Hair Care, 12 oz","Charmin Shampoo Hair Care, 12 oz — Hair Care",Charmin,False,12 oz,Household,Health & Beauty,Hair Care,Health & Household,Personal Care,Hair Care,6.47
grocery,WDX,WDX,WDX168672,"SE Grocers Broccoli Frozen Vegetables, 12 oz","SE Grocers Broccoli Frozen Vegetables, 12 oz — Frozen Vegetables",SE Grocers,True,12 oz,Frozen,Frozen Veg,Frozen Vegetables,Frozen,Frozen Vegetables & Fruit,Frozen Vegetables,1.74
grocery,WDX,WDX,WDX169503,"SE Grocers Hamburger Buns Rolls, 8 ct","SE Grocers Hamburger Buns Rolls, 8 ct — Buns & Rolls",SE Grocers,True,8 ct,Bakery,Bread,Buns & Rolls,Bakery,Bread,Buns & Rolls,2.23
grocery,WDX,WDX,WDX170311,"Dole Bananas Fruit, per lb","Dole Bananas Fruit, per lb — Bananas & Everyday Fruit",Dole,False,per lb,Produce,Fruit,Bananas & Everyday Fruit,Produce,Fresh Fruit,Bananas & Everyday Fruit,2.16
grocery,WDX,WDX,WDX170898,"SE Grocers Corn Flakes Cereal, 18 oz","SE Grocers Corn Flakes Cereal, 18 oz — Cereal",SE Grocers,True,18 oz,Grocery,Cereal,Cereal,Dry Grocery,Breakfast & Cereal,Cereal,2.99
grocery,WDX,WDX,WDX171318,"Huggies Diapers Size 1 Baby, box","Huggies Diapers Size 1 Baby, box — Diapers & Wipes",Huggies,False,box,Baby & Pet,Baby,Diapers & Wipes,Baby & Pet,Baby,Diapers & Wipes,25.09
grocery,WDX,WDX,WDX171777,"Pampers Wet Cat Food Pet Food, 12-pack","Pampers Wet Cat Food Pet Food, 12-pack — Pet Food",Pampers,False,12-pack,Baby & Pet,Pet,Pet Food,Baby & Pet,Pet,Pet Food,16.93
grocery,WDX,WDX,WDX173067,"Coca-Cola Lemon-Lime Soda, 12-pack cans","Coca-Cola Lemon-Lime Soda, 12-pack cans — Soda",Coca-Cola,False,12-pack cans,Beverages,Soda,Soda,Beverages,Soft Drinks,Soda,5.09
grocery,WDX,WDX,WDX173268,"Horizon Vanilla Greek Yogurt, 5.3 oz","Horizon Vanilla Greek Yogurt, 5.3 oz — Greek Yogurt",Horizon,False,5.3 oz,Refrigerated,Yogurt,Greek Yogurt,Dairy & Eggs,Yogurt,Greek Yogurt,1.08
grocery,WDX,WDX,WDX173282,"Coca-Cola Energy Drink Sports Drink, 12-pack","Coca-Cola Energy Drink Sports Drink, 12-pack — Sports & Energy Drinks",Coca-Cola,False,12-pack,Beverages,Water,Sports & Energy Drinks,Beverages,Water & Sports,Sports & Energy Drinks,5.82
grocery,WDX,WDX,WDX175648,"Stouffer's Stir Fry Blend Frozen Vegetables, 16 oz","Stouffer's Stir Fry Blend Frozen Vegetables, 16 oz — Frozen Vegetables",Stouffer's,False,16 oz,Frozen,Frozen Veg,Frozen Vegetables,Frozen,Frozen Vegetables & Fruit,Frozen Vegetables,2.21
grocery,WDX,WDX,WDX176160,"Doritos Kettle Chips Chips, 8 oz","Doritos Kettle Chips Chips, 8 oz — Potato & Tortilla Chips",Doritos,False,8 oz,Snacks,Chips,Potato & Tortilla Chips,Snacks & Candy,Salty Snacks,Potato & Tortilla Chips,4.29
grocery,WDX,WDX,WDX177570,"Horizon Vanilla Yogurt, 6 oz","Horizon Vanilla Yogurt, 6 oz — Regular Yogurt",Horizon,False,6 oz,Refrigerated,Yogurt,Regular Yogurt,Dairy & Eggs,Yogurt,Regular Yogurt,0.71
grocery,WDX,WDX,WDX177944,"Coca-Cola Cola Soda, 12-pack cans","Coca-Cola Cola Soda, 12-pack cans — Soda",Coca-Cola,False,12-pack cans,Beverages,Soda,Soda,Beverages,Soft Drinks,Soda,5.06
grocery,WDX,WDX,WDX179235,"SE Grocers Cream of Mushroom Soup, 10.5 oz","SE Grocers Cream of Mushroom Soup, 10.5 oz — Canned Soup",SE Grocers,True,10.5 oz,Grocery,Canned Goods,Canned Soup,Dry Grocery,Canned & Packaged,Canned Soup,1.7
grocery,WDX,WDX,WDX181101,"Tide Facial Tissue Paper, 12 roll","Tide Facial Tissue Paper, 12 roll — Paper Products",Tide,False,12 roll,Household,Cleaning,Paper Products,Health & Household,Cleaning & Paper,Paper Products,10.46
grocery,WDX,WDX,WDX181813,"SE Grocers Cola Soda, 12-pack cans","SE Grocers Cola Soda, 12-pack cans — Soda",SE Grocers,True,12-pack cans,Beverages,Soda,Soda,Beverages,Soft Drinks,Soda,4.11
grocery,WDX,WDX,WDX182054,"Progresso Rotini Pasta, 16 oz","Progresso Rotini Pasta, 16 oz — Pasta",Progresso,False,16 oz,Grocery,Pasta,Pasta,Dry Grocery,Pasta & Sauce,Pasta,1.91
grocery,WDX,WDX,WDX182422,"SE Grocers Green Beans Canned, 15 oz","SE Grocers Green Beans Canned, 15 oz — Canned Vegetables & Beans",SE Grocers,True,15 oz,Grocery,Canned Goods,Canned Vegetables & Beans,Dry Grocery,Canned & Packaged,Canned Vegetables & Beans,0.91
grocery,WDX,WDX,WDX183495,"Lay's Gummy Candy Candy, 10 oz","Lay's Gummy Candy Candy, 10 oz — Candy & Chocolate",Lay's,False,10 oz,Snacks,Candy,Candy & Chocolate,Snacks & Candy,Cookies & Candy,Candy & Chocolate,2.89
grocery,WDX,WDX,WDX183622,"SE Grocers White Bread, 20 oz loaf","SE Grocers White Bread, 20 oz loaf — Sandwich Bread",SE Grocers,True,20 oz loaf,Bakery,Bread,Sandwich Bread,Bakery,Bread,Sandwich Bread,2.17
grocery,WDX,WDX,WDX186503,"SE Grocers Graham Crackers, 16 oz","SE Grocers Graham Crackers, 16 oz — Crackers",SE Grocers,True,16 oz,Snacks,Chips,Crackers,Snacks & Candy,Salty Snacks,Crackers,2.31
grocery,WDX,WDX,WDX188919,"DiGiorno Mixed Vegetables Frozen Vegetables, 12 oz","DiGiorno Mixed Vegetables Frozen Vegetables, 12 oz — Frozen Vegetables",DiGiorno,False,12 oz,Frozen,Frozen Veg,Frozen Vegetables,Frozen,Frozen Vegetables & Fruit,Frozen Vegetables,2.32
grocery,WDX,WDX,WDX188970,"SE Grocers Cheese Pizza, 2-pack","SE Grocers Cheese Pizza, 2-pack — Frozen Pizza",SE Grocers,True,2-pack,Frozen,Frozen Dinners,Frozen Pizza,Frozen,Frozen Meals,Frozen Pizza,4.74
grocery,WDX,WDX,WDX189388,"SE Grocers 2% Reduced Fat Milk, Half Gallon","SE Grocers 2% Reduced Fat Milk, Half Gallon — 2% Reduced-Fat Milk",SE Grocers,True,Half Gallon,Refrigerated,Milk,2% Reduced-Fat Milk,Dairy & Eggs,Milk,2% Reduced-Fat Milk,2.57
grocery,WDX,WDX,WDX191649,"Perdue Drumsticks Chicken, per lb","Perdue Drumsticks Chicken, per lb — Chicken",Perdue,False,per lb,Meat,Chicken,Chicken,Meat & Seafood,Poultry,Chicken,5.03
grocery,WDX,WDX,WDX192378,"Barilla Mayonnaise Condiment, 16 oz","Barilla Mayonnaise Condiment, 16 oz — Condiments & Dressings",Barilla,False,16 oz,Grocery,Condiments,Condiments & Dressings,Dry Grocery,Condiments,Condiments & Dressings,3.02
grocery,WDX,WDX,WDX193267,"Lay's Potato Chips Chips, 8 oz","Lay's Potato Chips Chips, 8 oz — Potato & Tortilla Chips",Lay's,False,8 oz,Snacks,Chips,Potato & Tortilla Chips,Snacks & Candy,Salty Snacks,Potato & Tortilla Chips,3.67
grocery,WDX,WDX,WDX193876,"Lay's Hard Candy Candy, 18 oz","Lay's Hard Candy Candy, 18 oz — Candy & Chocolate",Lay's,False,18 oz,Snacks,Candy,Candy & Chocolate,Snacks & Candy,Cookies & Candy,Candy & Chocolate,3.29
grocery,WDX,WDX,WDX194588,"Perdue Whole Chicken Chicken, per lb","Perdue Whole Chicken Chicken, per lb — Chicken",Perdue,False,per lb,Meat,Chicken,Chicken,Meat & Seafood,Poultry,Chicken,5.05
grocery,WDX,WDX,WDX194597,"SE Grocers Bar Soap Personal Care, single","SE Grocers Bar Soap Personal Care, single — Oral & Body Care",SE Grocers,True,single,Household,Health & Beauty,Oral & Body Care,Health & Household,Personal Care,Oral & Body Care,2.86
grocery,WDX,WDX,WDX196396,"SE Grocers Spring Water Water, 24-pack","SE Grocers Spring Water Water, 24-pack — Water",SE Grocers,True,24-pack,Beverages,Water,Water,Beverages,Water & Sports,Water,3.03
grocery,WDX,WDX,WDX197166,"Lay's Graham Crackers, 12 oz","Lay's Graham Crackers, 12 oz — Crackers",Lay's,False,12 oz,Snacks,Chips,Crackers,Snacks & Candy,Salty Snacks,Crackers,3.09
grocery,WDX,WDX,WDX197581,"Bounty Bleach Cleaner, 24 oz","Bounty Bleach Cleaner, 24 oz — Cleaning Supplies",Bounty,False,24 oz,Household,Cleaning,Cleaning Supplies,Health & Household,Cleaning & Paper,Cleaning Supplies,4.71
grocery,WDX,WDX,WDX197839,"Barilla Baking Soda Baking, 4 lb","Barilla Baking Soda Baking, 4 lb — Baking Staples",Barilla,False,4 lb,Grocery,Baking,Baking Staples,Dry Grocery,Baking,Baking Staples,2.81
grocery,WDX,WDX,WDX198061,"Prego Mayonnaise Condiment, 16 oz","Prego Mayonnaise Condiment, 16 oz — Condiments & Dressings",Prego,False,16 oz,Grocery,Condiments,Condiments & Dressings,Dry Grocery,Condiments,Condiments & Dressings,3.3
grocery,WDX,WDX,WDX198787,"Doritos Mild Salsa Salsa, 16 oz","Doritos Mild Salsa Salsa, 16 oz — Salsa & Dips",Doritos,False,16 oz,Snacks,Chips,Salsa & Dips,Snacks & Candy,Salty Snacks,Salsa & Dips,3.43
grocery,WDX,WDX,WDX199651,"Doritos Hard Candy Candy, 18 oz","Doritos Hard Candy Candy, 18 oz — Candy & Chocolate",Doritos,False,18 oz,Snacks,Candy,Candy & Chocolate,Snacks & Candy,Cookies & Candy,Candy & Chocolate,3.36
grocery,WDX,WDX,WDX200607,"Horizon Cheddar Shredded Cheese, 8 oz","Horizon Cheddar Shredded Cheese, 8 oz — Shredded Cheese",Horizon,False,8 oz,Refrigerated,Dairy Cheese,Shredded Cheese,Dairy & Eggs,Cheese,Shredded Cheese,3.43
grocery,WDX,WDX,WDX201421,"Oscar Mayer Bacon Bacon, 12 oz","Oscar Mayer Bacon Bacon, 12 oz — Bacon & Sausage",Oscar Mayer,False,12 oz,Meat,Pork,Bacon & Sausage,Meat & Seafood,Pork,Bacon & Sausage,6.39
grocery,WDX,WDX,WDX202651,"SE Grocers 1% Lowfat Milk, Half Gallon","SE Grocers 1% Lowfat Milk, Half Gallon — Skim & Low-Fat Milk",SE Grocers,True,Half Gallon,Refrigerated,Milk,Skim & Low-Fat Milk,Dairy & Eggs,Milk,Skim & Low-Fat Milk,2.67
grocery,WDX,WDX,WDX204385,"Prego White Rice Rice, 2 lb","Prego White Rice Rice, 2 lb — Rice & Grains",Prego,False,2 lb,Grocery,Rice & Beans,Rice & Grains,Dry Grocery,Rice & Grains,Rice & Grains,3.39
grocery,WDX,WDX,WDX206030,"SE Grocers Rotini Pasta, 16 oz","SE Grocers Rotini Pasta, 16 oz — Pasta",SE Grocers,True,16 oz,Grocery,Pasta,Pasta,Dry Grocery,Pasta & Sauce,Pasta,1.33
grocery,WDX,WDX,WDX206051,"SE Grocers Dish Soap Cleaner, 24 oz","SE Grocers Dish Soap Cleaner, 24 oz — Cleaning Supplies",SE Grocers,True,24 oz,Household,Cleaning,Cleaning Supplies,Health & Household,Cleaning & Paper,Cleaning Supplies,3.47
grocery,WDX,WDX,WDX208094,"SE Grocers Jasmine Rice Rice, 5 lb","SE Grocers Jasmine Rice Rice, 5 lb — Rice & Grains",SE Grocers,True,5 lb,Grocery,Rice & Beans,Rice & Grains,Dry Grocery,Rice & Grains,Rice & Grains,2.37
grocery,WDX,WDX,WDX208122,"Fairlife Mixed Berry Greek Yogurt, 5.3 oz","Fairlife Mixed Berry Greek Yogurt, 5.3 oz — Greek Yogurt",Fairlife,False,5.3 oz,Refrigerated,Yogurt,Greek Yogurt,Dairy & Eggs,Yogurt,Greek Yogurt,1.24
grocery,WDX,WDX,WDX208978,"Coca-Cola Ginger Ale Soda, 12-pack cans","Coca-Cola Ginger Ale Soda, 12-pack cans — Soda",Coca-Cola,False,12-pack cans,Beverages,Soda,Soda,Beverages,Soft Drinks,Soda,5.29
grocery,WDX,WDX,WDX209726,"Stouffer's Lasagna Frozen Meal, 10 oz","Stouffer's Lasagna Frozen Meal, 10 oz — Frozen Entrees",Stouffer's,False,10 oz,Frozen,Frozen Dinners,Frozen Entrees,Frozen,Frozen Meals,Frozen Entrees,3.61
grocery,WDX,WDX,WDX210277,"SE Grocers Pot Pie Frozen Meal, 10 oz","SE Grocers Pot Pie Frozen Meal, 10 oz — Frozen Entrees",SE Grocers,True,10 oz,Frozen,Frozen Dinners,Frozen Entrees,Frozen,Frozen Meals,Frozen Entrees,3.12
grocery,WDX,WDX,WDX212158,"SE Grocers Breakfast Sausage Bacon, 16 oz","SE Grocers Breakfast Sausage Bacon, 16 oz — Bacon & Sausage",SE Grocers,True,16 oz,Meat,Pork,Bacon & Sausage,Meat & Seafood,Pork,Bacon & Sausage,4.41
grocery,WDX,WDX,WDX213000,"Dole Yellow Onions Vegetables, 2 lb bag","Dole Yellow Onions Vegetables, 2 lb bag — Everyday Vegetables",Dole,False,2 lb bag,Produce,Vegetables,Everyday Vegetables,Produce,Fresh Vegetables,Everyday Vegetables,2.15
grocery,WDX,WDX,WDX213753,"Lay's Kettle Chips Chips, 13 oz","Lay's Kettle Chips Chips, 13 oz — Potato & Tortilla Chips",Lay's,False,13 oz,Snacks,Chips,Potato & Tortilla Chips,Snacks & Candy,Salty Snacks,Potato & Tortilla Chips,4.21
grocery,WDX,WDX,WDX215178,"SE Grocers Chickpeas Canned, 15 oz","SE Grocers Chickpeas Canned, 15 oz — Canned Vegetables & Beans",SE Grocers,True,15 oz,Grocery,Canned Goods,Canned Vegetables & Beans,Dry Grocery,Canned & Packaged,Canned Vegetables & Beans,0.84
grocery,WDX,WDX,WDX216293,"Coca-Cola Iced Tea Tea, gallon","Coca-Cola Iced Tea Tea, gallon — Tea & Mixers",Coca-Cola,False,gallon,Beverages,Juice,Tea & Mixers,Beverages,Juice & Tea,Tea & Mixers,3.47
grocery,WDX,WDX,WDX217376,"Sara Lee Dinner Rolls Rolls, 8 ct","Sara Lee Dinner Rolls Rolls, 8 ct — Buns & Rolls",Sara Lee,False,8 ct,Bakery,Bread,Buns & Rolls,Bakery,Bread,Buns & Rolls,2.8
grocery,WDX,WDX,WDX218152,"Dole Spinach Salad, 12 oz","Dole Spinach Salad, 12 oz — Salad & Greens",Dole,False,12 oz,Produce,Vegetables,Salad & Greens,Produce,Fresh Vegetables,Salad & Greens,3.29
grocery,WDX,WDX,WDX218847,"SE Grocers American Sliced Cheese, 8 oz","SE Grocers American Sliced Cheese, 8 oz — Sliced Cheese",SE Grocers,True,8 oz,Refrigerated,Dairy Cheese,Sliced Cheese,Dairy & Eggs,Cheese,Sliced Cheese,2.74
grocery,WDX,WDX,WDX219747,"Tide All-Purpose Cleaner Cleaner, 32 oz","Tide All-Purpose Cleaner Cleaner, 32 oz — Cleaning Supplies",Tide,False,32 oz,Household,Cleaning,Cleaning Supplies,Health & Household,Cleaning & Paper,Cleaning Supplies,4.33
grocery,WDX,WDX,WDX220428,"SE Grocers Salami Lunch Meat, 16 oz","SE Grocers Salami Lunch Meat, 16 oz — Lunch Meat",SE Grocers,True,16 oz,Meat,Deli,Lunch Meat,Meat & Seafood,Deli,Lunch Meat,3.97
grocery,WDX,WDX,WDX220875,"Barilla Brown Rice Rice, 2 lb","Barilla Brown Rice Rice, 2 lb — Rice & Grains",Barilla,False,2 lb,Grocery,Rice & Beans,Rice & Grains,Dry Grocery,Rice & Grains,Rice & Grains,3.11
grocery,WDX,WDX,WDX226572,"Dole Strawberries Berries, 1 pint","Dole Strawberries Berries, 1 pint — Berries",Dole,False,1 pint,Produce,Fruit,Berries,Produce,Fresh Fruit,Berries,3.5
grocery,WDX,WDX,WDX226637,"Oscar Mayer Shrimp Seafood, per lb","Oscar Mayer Shrimp Seafood, per lb — Fish & Shellfish",Oscar Mayer,False,per lb,Meat,Seafood,Fish & Shellfish,Meat & Seafood,Seafood,Fish & Shellfish,10.92
grocery,WDX,WDX,WDX228536,"Barilla Instant Oatmeal Oatmeal, 18 oz","Barilla Instant Oatmeal Oatmeal, 18 oz — Oatmeal & Hot Cereal",Barilla,False,18 oz,Grocery,Cereal,Oatmeal & Hot Cereal,Dry Grocery,Breakfast & Cereal,Oatmeal & Hot Cereal,4.06
grocery,WDX,WDX,WDX229550,"Dole Raspberries Berries, 1 pint","Dole Raspberries Berries, 1 pint — Berries",Dole,False,1 pint,Produce,Fruit,Berries,Produce,Fresh Fruit,Berries,3.76
grocery,WDX,WDX,WDX231230,"Dole Roma Tomatoes Vegetables, per lb","Dole Roma Tomatoes Vegetables, per lb — Everyday Vegetables",Dole,False,per lb,Produce,Vegetables,Everyday Vegetables,Produce,Fresh Vegetables,Everyday Vegetables,1.97
grocery,WDX,WDX,WDX231360,"SE Grocers Toasted Oats Cereal, 18 oz","SE Grocers Toasted Oats Cereal, 18 oz — Cereal",SE Grocers,True,18 oz,Grocery,Cereal,Cereal,Dry Grocery,Breakfast & Cereal,Cereal,2.92
grocery,WDX,WDX,WDX231559,"Driscoll's Strawberries Berries, 2 lb","Driscoll's Strawberries Berries, 2 lb — Berries",Driscoll's,False,2 lb,Produce,Fruit,Berries,Produce,Fresh Fruit,Berries,4.09
grocery,WDX,WDX,WDX233427,"Barilla Rotini Pasta, 16 oz","Barilla Rotini Pasta, 16 oz — Pasta",Barilla,False,16 oz,Grocery,Pasta,Pasta,Dry Grocery,Pasta & Sauce,Pasta,1.76
grocery,WDX,WDX,WDX235653,"SE Grocers Peas Frozen Vegetables, 16 oz","SE Grocers Peas Frozen Vegetables, 16 oz — Frozen Vegetables",SE Grocers,True,16 oz,Frozen,Frozen Veg,Frozen Vegetables,Frozen,Frozen Vegetables & Fruit,Frozen Vegetables,1.74
grocery,WDX,WDX,WDX235959,"Dole Raspberries Berries, 2 lb","Dole Raspberries Berries, 2 lb — Berries",Dole,False,2 lb,Produce,Fruit,Berries,Produce,Fresh Fruit,Berries,3.83
grocery,WDX,WDX,WDX236556,"Barilla Diced Tomatoes Canned, 15 oz","Barilla Diced Tomatoes Canned, 15 oz — Canned Vegetables & Beans",Barilla,False,15 oz,Grocery,Canned Goods,Canned Vegetables & Beans,Dry Grocery,Canned & Packaged,Canned Vegetables & Beans,1.14
grocery,WDX,WDX,WDX236905,"Pepsi Spring Water Water, 35-pack","Pepsi Spring Water Water, 35-pack — Water",Pepsi,False,35-pack,Beverages,Water,Water,Beverages,Water & Sports,Water,4.63
grocery,WDX,WDX,WDX238402,"SE Grocers Dry Cat Food Pet Food, 12-pack","SE Grocers Dry Cat Food Pet Food, 12-pack — Pet Food",SE Grocers,True,12-pack,Baby & Pet,Pet,Pet Food,Baby & Pet,Pet,Pet Food,12.48
grocery,WDX,WDX,WDX239155,"SE Grocers Lasagna Frozen Meal, 10 oz","SE Grocers Lasagna Frozen Meal, 10 oz — Frozen Entrees",SE Grocers,True,10 oz,Frozen,Frozen Dinners,Frozen Entrees,Frozen,Frozen Meals,Frozen Entrees,2.99
grocery,WDX,WDX,WDX239819,"SE Grocers Cage-Free Large Eggs, Dozen","SE Grocers Cage-Free Large Eggs, Dozen — Grade A Eggs",SE Grocers,True,Dozen,Refrigerated,Eggs,Grade A Eggs,Dairy & Eggs,Eggs,Grade A Eggs,2.12
grocery,WDX,WDX,WDX239965,"SE Grocers Russet Potatoes Vegetables, 2 lb bag","SE Grocers Russet Potatoes Vegetables, 2 lb bag — Everyday Vegetables",SE Grocers,True,2 lb bag,Produce,Vegetables,Everyday Vegetables,Produce,Fresh Vegetables,Everyday Vegetables,1.61
grocery,WDX,WDX,WDX240553,"Progresso Alfredo Sauce, 24 oz","Progresso Alfredo Sauce, 24 oz — Pasta Sauce",Progresso,False,24 oz,Grocery,Pasta,Pasta Sauce,Dry Grocery,Pasta & Sauce,Pasta Sauce,3.27
grocery,WDX,WDX,WDX240654,"SE Grocers Pasture-Raised Eggs, Dozen","SE Grocers Pasture-Raised Eggs, Dozen — Specialty Eggs",SE Grocers,True,Dozen,Refrigerated,Eggs,Specialty Eggs,Dairy & Eggs,Eggs,Specialty Eggs,3.74
grocery,WDX,WDX,WDX241054,"SE Grocers Meat Sauce Sauce, 24 oz","SE Grocers Meat Sauce Sauce, 24 oz — Pasta Sauce",SE Grocers,True,24 oz,Grocery,Pasta,Pasta Sauce,Dry Grocery,Pasta & Sauce,Pasta Sauce,2.48
grocery,WDX,WDX,WDX241441,"Tyson Shrimp Seafood, 12 oz","Tyson Shrimp Seafood, 12 oz — Fish & Shellfish",Tyson,False,12 oz,Meat,Seafood,Fish & Shellfish,Meat & Seafood,Seafood,Fish & Shellfish,9.01
grocery,WDX,WDX,WDX243232,"Fresh Express Bananas Fruit, 3 lb bag","Fresh Express Bananas Fruit, 3 lb bag — Bananas & Everyday Fruit",Fresh Express,False,3 lb bag,Produce,Fruit,Bananas & Everyday Fruit,Produce,Fresh Fruit,Bananas & Everyday Fruit,2.67
grocery,WDX,WDX,WDX245477,"Prego Corn Flakes Cereal, 12 oz","Prego Corn Flakes Cereal, 12 oz — Cereal",Prego,False,12 oz,Grocery,Cereal,Cereal,Dry Grocery,Breakfast & Cereal,Cereal,4.01
grocery,WDX,WDX,WDX245542,"SE Grocers Dinner Rolls Rolls, 8 ct","SE Grocers Dinner Rolls Rolls, 8 ct — Buns & Rolls",SE Grocers,True,8 ct,Bakery,Bread,Buns & Rolls,Bakery,Bread,Buns & Rolls,2.32
grocery,WDX,WDX,WDX247566,"SE Grocers Peas Frozen Vegetables, 12 oz","SE Grocers Peas Frozen Vegetables, 12 oz — Frozen Vegetables",SE Grocers,True,12 oz,Frozen,Frozen Veg,Frozen Vegetables,Frozen,Frozen Vegetables & Fruit,Frozen Vegetables,1.6
grocery,WDX,WDX,WDX251070,"Barilla BBQ Sauce Condiment, 20 oz","Barilla BBQ Sauce Condiment, 20 oz — Condiments & Dressings",Barilla,False,20 oz,Grocery,Condiments,Condiments & Dressings,Dry Grocery,Condiments,Condiments & Dressings,3.15
grocery,WDX,WDX,WDX251358,"SE Grocers Black Beans Canned, 15 oz","SE Grocers Black Beans Canned, 15 oz — Canned Vegetables & Beans",SE Grocers,True,15 oz,Grocery,Canned Goods,Canned Vegetables & Beans,Dry Grocery,Canned & Packaged,Canned Vegetables & Beans,0.89
grocery,WDX,WDX,WDX251465,"Applegate Filet Mignon Steak, per lb","Applegate Filet Mignon Steak, per lb — Beef Steaks",Applegate,False,per lb,Meat,Fresh Beef,Beef Steaks,Meat & Seafood,Beef,Beef Steaks,13.8
grocery,WDX,WDX,WDX252191,"Progresso Raisin Bran Cereal, 12 oz","Progresso Raisin Bran Cereal, 12 oz — Cereal",Progresso,False,12 oz,Grocery,Cereal,Cereal,Dry Grocery,Breakfast & Cereal,Cereal,4.41
grocery,WDX,WDX,WDX253377,"Prego Corn Canned, 15 oz","Prego Corn Canned, 15 oz — Canned Vegetables & Beans",Prego,False,15 oz,Grocery,Canned Goods,Canned Vegetables & Beans,Dry Grocery,Canned & Packaged,Canned Vegetables & Beans,1.11
grocery,WDX,WDX,WDX253463,"Sara Lee Croissants Bakery, 4 ct","Sara Lee Croissants Bakery, 4 ct — Pastries & Bagels",Sara Lee,False,4 ct,Bakery,Bakery Treats,Pastries & Bagels,Bakery,Bakery Sweets,Pastries & Bagels,4.32
grocery,WDX,WDX,WDX253466,"Organic Valley 2% Reduced Fat Milk, Half Gallon","Organic Valley 2% Reduced Fat Milk, Half Gallon — 2% Reduced-Fat Milk",Organic Valley,False,Half Gallon,Refrigerated,Milk,2% Reduced-Fat Milk,Dairy & Eggs,Milk,2% Reduced-Fat Milk,3.65
grocery,WDX,WDX,WDX253627,"SE Grocers Lasagna Pasta, 16 oz","SE Grocers Lasagna Pasta, 16 oz — Pasta",SE Grocers,True,16 oz,Grocery,Pasta,Pasta,Dry Grocery,Pasta & Sauce,Pasta,1.5
grocery,WDX,WDX,WDX253664,"Fairlife Whole Milk, 1 Gallon","Fairlife Whole Milk, 1 Gallon — Whole Milk",Fairlife,False,1 Gallon,Refrigerated,Milk,Whole Milk,Dairy & Eggs,Milk,Whole Milk,3.78
grocery,WDX,WDX,WDX253692,"SE Grocers Cat Litter Pet, 20 lb","SE Grocers Cat Litter Pet, 20 lb — Pet Treats & Supplies",SE Grocers,True,20 lb,Baby & Pet,Pet,Pet Treats & Supplies,Baby & Pet,Pet,Pet Treats & Supplies,5.16
grocery,WDX,WDX,WDX253999,"Perdue Thighs Chicken, per lb","Perdue Thighs Chicken, per lb — Chicken",Perdue,False,per lb,Meat,Chicken,Chicken,Meat & Seafood,Poultry,Chicken,4.64
grocery,WDX,WDX,WDX254634,"Huggies Infant Formula Baby Food, 4-pack","Huggies Infant Formula Baby Food, 4-pack — Formula & Baby Food",Huggies,False,4-pack,Baby & Pet,Baby,Formula & Baby Food,Baby & Pet,Baby,Formula & Baby Food,15.77
grocery,WDX,WDX,WDX255220,"Coca-Cola Cola Soda, 2 Liter","Coca-Cola Cola Soda, 2 Liter — Soda",Coca-Cola,False,2 Liter,Beverages,Soda,Soda,Beverages,Soft Drinks,Soda,5.14
grocery,WDX,WDX,WDX255566,"Pepsi Purified Water Water, 35-pack","Pepsi Purified Water Water, 35-pack — Water",Pepsi,False,35-pack,Beverages,Water,Water,Beverages,Water & Sports,Water,4.66
grocery,WDX,WDX,WDX255720,"Barilla Penne Pasta, 16 oz","Barilla Penne Pasta, 16 oz — Pasta",Barilla,False,16 oz,Grocery,Pasta,Pasta,Dry Grocery,Pasta & Sauce,Pasta,1.63
grocery,WDX,WDX,WDX256645,"Organic Valley Unsalted Butter, 16 oz","Organic Valley Unsalted Butter, 16 oz — Butter",Organic Valley,False,16 oz,Refrigerated,Butter,Butter,Dairy & Eggs,Butter & Margarine,Butter,4.11
grocery,WDX,WDX,WDX257057,"Driscoll's Organic Apples Fruit, per lb","Driscoll's Organic Apples Fruit, per lb — Organic & Specialty Fruit",Driscoll's,False,per lb,Produce,Fruit,Organic & Specialty Fruit,Produce,Fresh Fruit,Organic & Specialty Fruit,5.06
grocery,WDX,WDX,WDX257915,"Pepsi Cola Soda, 12-pack cans","Pepsi Cola Soda, 12-pack cans — Soda",Pepsi,False,12-pack cans,Beverages,Soda,Soda,Beverages,Soft Drinks,Soda,5.46
grocery,WDX,WDX,WDX258459,"Fresh Express Roma Tomatoes Vegetables, 2 lb bag","Fresh Express Roma Tomatoes Vegetables, 2 lb bag — Everyday Vegetables",Fresh Express,False,2 lb bag,Produce,Vegetables,Everyday Vegetables,Produce,Fresh Vegetables,Everyday Vegetables,2.63
grocery,WDX,WDX,WDX258567,"SE Grocers All-Purpose Flour Baking, 2 lb","SE Grocers All-Purpose Flour Baking, 2 lb — Baking Staples",SE Grocers,True,2 lb,Grocery,Baking,Baking Staples,Dry Grocery,Baking,Baking Staples,2.21
grocery,WDX,WDX,WDX262155,"SE Grocers Spaghetti Pasta, 16 oz","SE Grocers Spaghetti Pasta, 16 oz — Pasta",SE Grocers,True,16 oz,Grocery,Pasta,Pasta,Dry Grocery,Pasta & Sauce,Pasta,1.42
grocery,WDX,WDX,WDX262195,"Nature's Own Croissants Bakery, 4 ct","Nature's Own Croissants Bakery, 4 ct — Pastries & Bagels",Nature's Own,False,4 ct,Bakery,Bakery Treats,Pastries & Bagels,Bakery,Bakery Sweets,Pastries & Bagels,4.13
grocery,WDX,WDX,WDX262452,"Doritos Butter Crackers Crackers, 12 oz","Doritos Butter Crackers Crackers, 12 oz — Crackers",Doritos,False,12 oz,Snacks,Chips,Crackers,Snacks & Candy,Salty Snacks,Crackers,3.17
grocery,WDX,WDX,WDX263822,"SE Grocers Vegetable Soup, 10.5 oz","SE Grocers Vegetable Soup, 10.5 oz — Canned Soup",SE Grocers,True,10.5 oz,Grocery,Canned Goods,Canned Soup,Dry Grocery,Canned & Packaged,Canned Soup,1.73
grocery,WDX,WDX,WDX266715,"Barilla Granola Cereal, 18 oz","Barilla Granola Cereal, 18 oz — Cereal",Barilla,False,18 oz,Grocery,Cereal,Cereal,Dry Grocery,Breakfast & Cereal,Cereal,3.86
grocery,WDX,WDX,WDX267025,"Pepsi Electrolyte Sports Drink, 12-pack","Pepsi Electrolyte Sports Drink, 12-pack — Sports & Energy Drinks",Pepsi,False,12-pack,Beverages,Water,Sports & Energy Drinks,Beverages,Water & Sports,Sports & Energy Drinks,6.06
grocery,WDX,WDX,WDX267604,"SE Grocers Ribs Pork, per lb","SE Grocers Ribs Pork, per lb — Pork Cuts",SE Grocers,True,per lb,Meat,Pork,Pork Cuts,Meat & Seafood,Pork,Pork Cuts,3.35
grocery,WDX,WDX,WDX268284,"Lay's Chocolate Bars Candy, 18 oz","Lay's Chocolate Bars Candy, 18 oz — Candy & Chocolate",Lay's,False,18 oz,Snacks,Candy,Candy & Chocolate,Snacks & Candy,Cookies & Candy,Candy & Chocolate,3.11
grocery,WDX,WDX,WDX268376,"Gerber Infant Formula Baby Food, 12 oz","Gerber Infant Formula Baby Food, 12 oz — Formula & Baby Food",Gerber,False,12 oz,Baby & Pet,Baby,Formula & Baby Food,Baby & Pet,Baby,Formula & Baby Food,16.56
grocery,WDX,WDX,WDX268704,"Gatorade Lemon-Lime Soda, 2 Liter","Gatorade Lemon-Lime Soda, 2 Liter — Soda",Gatorade,False,2 Liter,Beverages,Soda,Soda,Beverages,Soft Drinks,Soda,6.7
grocery,WDX,WDX,WDX272309,"Lay's Medium Salsa Salsa, 16 oz","Lay's Medium Salsa Salsa, 16 oz — Salsa & Dips",Lay's,False,16 oz,Snacks,Chips,Salsa & Dips,Snacks & Candy,Salty Snacks,Salsa & Dips,3.39
grocery,WDX,WDX,WDX272966,"Doritos Kettle Chips Chips, 13 oz","Doritos Kettle Chips Chips, 13 oz — Potato & Tortilla Chips",Doritos,False,13 oz,Snacks,Chips,Potato & Tortilla Chips,Snacks & Candy,Salty Snacks,Potato & Tortilla Chips,4.31
grocery,WDX,WDX,WDX273197,"SE Grocers Orange Juice Juice, 52 oz","SE Grocers Orange Juice Juice, 52 oz — Juice",SE Grocers,True,52 oz,Beverages,Juice,Juice,Beverages,Juice & Tea,Juice,2.85
grocery,WDX,WDX,WDX273554,"Progresso Black Beans Canned, 15 oz","Progresso Black Beans Canned, 15 oz — Canned Vegetables & Beans",Progresso,False,15 oz,Grocery,Canned Goods,Canned Vegetables & Beans,Dry Grocery,Canned & Packaged,Canned Vegetables & Beans,1.2
grocery,WDX,WDX,WDX273696,"SE Grocers Cranberry Juice, 64 oz","SE Grocers Cranberry Juice, 64 oz — Juice",SE Grocers,True,64 oz,Beverages,Juice,Juice,Beverages,Juice & Tea,Juice,3.06
grocery,WDX,WDX,WDX275063,"Doritos Gummy Candy Candy, 18 oz","Doritos Gummy Candy Candy, 18 oz — Candy & Chocolate",Doritos,False,18 oz,Snacks,Candy,Candy & Chocolate,Snacks & Candy,Cookies & Candy,Candy & Chocolate,3.37
grocery,WDX,WDX,WDX275128,"SE Grocers Marinara Sauce, 24 oz","SE Grocers Marinara Sauce, 24 oz — Pasta Sauce",SE Grocers,True,24 oz,Grocery,Pasta,Pasta Sauce,Dry Grocery,Pasta & Sauce,Pasta Sauce,2.49
grocery,WDX,WDX,WDX276122,"Applegate Sirloin Steak, per lb","Applegate Sirloin Steak, per lb — Beef Steaks",Applegate,False,per lb,Meat,Fresh Beef,Beef Steaks,Meat & Seafood,Beef,Beef Steaks,13.29
grocery,WDX,WDX,WDX276589,"Sara Lee Multigrain Bread, 20 oz loaf","Sara Lee Multigrain Bread, 20 oz loaf — Sandwich Bread",Sara Lee,False,20 oz loaf,Bakery,Bread,Sandwich Bread,Bakery,Bread,Sandwich Bread,2.78
grocery,WDX,WDX,WDX278493,"SE Grocers Avocado Fruit, per lb","SE Grocers Avocado Fruit, per lb — Organic & Specialty Fruit",SE Grocers,True,per lb,Produce,Fruit,Organic & Specialty Fruit,Produce,Fresh Fruit,Organic & Specialty Fruit,3.65
grocery,WDX,WDX,WDX280173,"Barilla Baking Soda Baking, 2 lb","Barilla Baking Soda Baking, 2 lb — Baking Staples",Barilla,False,2 lb,Grocery,Baking,Baking Staples,Dry Grocery,Baking,Baking Staples,3.0
grocery,WDX,WDX,WDX280287,"SE Grocers Dry Dog Food Pet Food, 3.5 lb","SE Grocers Dry Dog Food Pet Food, 3.5 lb — Pet Food",SE Grocers,True,3.5 lb,Baby & Pet,Pet,Pet Food,Baby & Pet,Pet,Pet Food,12.28
grocery,WDX,WDX,WDX280498,"SE Grocers Unsalted Butter, 16 oz","SE Grocers Unsalted Butter, 16 oz — Butter",SE Grocers,True,16 oz,Refrigerated,Butter,Butter,Dairy & Eggs,Butter & Margarine,Butter,3.07
grocery,WDX,WDX,WDX280698,"SE Grocers Corn Canned, 15 oz","SE Grocers Corn Canned, 15 oz — Canned Vegetables & Beans",SE Grocers,True,15 oz,Grocery,Canned Goods,Canned Vegetables & Beans,Dry Grocery,Canned & Packaged,Canned Vegetables & Beans,0.87
grocery,WDX,WDX,WDX283386,"Tostitos Sandwich Cookies Cookies, 13 oz","Tostitos Sandwich Cookies Cookies, 13 oz — Cookies",Tostitos,False,13 oz,Snacks,Candy,Cookies,Snacks & Candy,Cookies & Candy,Cookies,3.93
grocery,WDX,WDX,WDX286412,"Prego BBQ Sauce Condiment, 16 oz","Prego BBQ Sauce Condiment, 16 oz — Condiments & Dressings",Prego,False,16 oz,Grocery,Condiments,Condiments & Dressings,Dry Grocery,Condiments,Condiments & Dressings,3.34
grocery,WDX,WDX,WDX289651,"SE Grocers Strawberry Yogurt, 32 oz","SE Grocers Strawberry Yogurt, 32 oz — Regular Yogurt",SE Grocers,True,32 oz,Refrigerated,Yogurt,Regular Yogurt,Dairy & Eggs,Yogurt,Regular Yogurt,0.59
grocery,WDX,WDX,WDX289758,"SE Grocers Spring Water Water, 24-pack","SE Grocers Spring Water Water, 24-pack — Water",SE Grocers,True,24-pack,Beverages,Water,Water,Beverages,Water & Sports,Water,3.34
grocery,WDX,WDX,WDX289914,"Dole Pineapple Fruit, each","Dole Pineapple Fruit, each — Organic & Specialty Fruit",Dole,False,each,Produce,Fruit,Organic & Specialty Fruit,Produce,Fresh Fruit,Organic & Specialty Fruit,4.61
grocery,WDX,WDX,WDX289933,"Lay's Tortilla Chips Chips, 8 oz","Lay's Tortilla Chips Chips, 8 oz — Potato & Tortilla Chips",Lay's,False,8 oz,Snacks,Chips,Potato & Tortilla Chips,Snacks & Candy,Salty Snacks,Potato & Tortilla Chips,3.7
grocery,WDX,WDX,WDX290440,"SE Grocers Marinara Sauce, 24 oz","SE Grocers Marinara Sauce, 24 oz — Pasta Sauce",SE Grocers,True,24 oz,Grocery,Pasta,Pasta Sauce,Dry Grocery,Pasta & Sauce,Pasta Sauce,2.54
grocery,WDX,WDX,WDX290666,"Driscoll's Grapes Fruit, 3 lb bag","Driscoll's Grapes Fruit, 3 lb bag — Bananas & Everyday Fruit",Driscoll's,False,3 lb bag,Produce,Fruit,Bananas & Everyday Fruit,Produce,Fresh Fruit,Bananas & Everyday Fruit,2.67
grocery,WDX,WDX,WDX291457,"Lay's Hard Candy Candy, 10 oz","Lay's Hard Candy Candy, 10 oz — Candy & Chocolate",Lay's,False,10 oz,Snacks,Candy,Candy & Chocolate,Snacks & Candy,Cookies & Candy,Candy & Chocolate,3.0
grocery,WDX,WDX,WDX291918,"Pepsi Energy Drink Sports Drink, 8-pack","Pepsi Energy Drink Sports Drink, 8-pack — Sports & Energy Drinks",Pepsi,False,8-pack,Beverages,Water,Sports & Energy Drinks,Beverages,Water & Sports,Sports & Energy Drinks,6.01
grocery,WDX,WDX,WDX293738,"Barilla Frosted Flakes Cereal, 18 oz","Barilla Frosted Flakes Cereal, 18 oz — Cereal",Barilla,False,18 oz,Grocery,Cereal,Cereal,Dry Grocery,Breakfast & Cereal,Cereal,3.93
grocery,WDX,WDX,WDX294800,"SE Grocers Pepperoni Pizza, 2-pack","SE Grocers Pepperoni Pizza, 2-pack — Frozen Pizza",SE Grocers,True,2-pack,Frozen,Frozen Dinners,Frozen Pizza,Frozen,Frozen Meals,Frozen Pizza,4.76
grocery,WDX,WDX,WDX294972,"Huggies Dry Dog Food Pet Food, 12-pack","Huggies Dry Dog Food Pet Food, 12-pack — Pet Food",Huggies,False,12-pack,Baby & Pet,Pet,Pet Food,Baby & Pet,Pet,Pet Food,17.62
grocery,WDX,WDX,WDX295211,"SE Grocers Mild Salsa Salsa, 16 oz","SE Grocers Mild Salsa Salsa, 16 oz — Salsa & Dips",SE Grocers,True,16 oz,Snacks,Chips,Salsa & Dips,Snacks & Candy,Salty Snacks,Salsa & Dips,2.82
grocery,WDX,WDX,WDX296560,"Tyson Salami Lunch Meat, 16 oz","Tyson Salami Lunch Meat, 16 oz — Lunch Meat",Tyson,False,16 oz,Meat,Deli,Lunch Meat,Meat & Seafood,Deli,Lunch Meat,5.07
grocery,WDX,WDX,WDX297236,"Doritos Chocolate Bars Candy, 18 oz","Doritos Chocolate Bars Candy, 18 oz — Candy & Chocolate",Doritos,False,18 oz,Snacks,Candy,Candy & Chocolate,Snacks & Candy,Cookies & Candy,Candy & Chocolate,3.49
grocery,WDX,WDX,WDX297421,"SE Grocers Sparkling Water Water, 35-pack","SE Grocers Sparkling Water Water, 35-pack — Water",SE Grocers,True,35-pack,Beverages,Water,Water,Beverages,Water & Sports,Water,3.44
grocery,WDX,WDX,WDX298975,"Pepsi Fruit Punch Juice, 64 oz","Pepsi Fruit Punch Juice, 64 oz — Juice",Pepsi,False,64 oz,Beverages,Juice,Juice,Beverages,Juice & Tea,Juice,4.17
grocery,WDX,WDX,WDX302440,"Barilla Jasmine Rice Rice, 2 lb","Barilla Jasmine Rice Rice, 2 lb — Rice & Grains",Barilla,False,2 lb,Grocery,Rice & Beans,Rice & Grains,Dry Grocery,Rice & Grains,Rice & Grains,2.97
grocery,WDX,WDX,WDX303015,"SE Grocers Original Spread, 45 oz","SE Grocers Original Spread, 45 oz — Margarine & Spreads",SE Grocers,True,45 oz,Refrigerated,Butter,Margarine & Spreads,Dairy & Eggs,Butter & Margarine,Margarine & Spreads,2.18
grocery,WDX,WDX,WDX303182,"Barilla Granulated Sugar Baking, 2 lb","Barilla Granulated Sugar Baking, 2 lb — Baking Staples",Barilla,False,2 lb,Grocery,Baking,Baking Staples,Dry Grocery,Baking,Baking Staples,3.02
grocery,WDX,WDX,WDX304789,"Prego Meat Sauce Sauce, 24 oz","Prego Meat Sauce Sauce, 24 oz — Pasta Sauce",Prego,False,24 oz,Grocery,Pasta,Pasta Sauce,Dry Grocery,Pasta & Sauce,Pasta Sauce,3.3
grocery,WDX,WDX,WDX307610,"Prego Mustard Condiment, 16 oz","Prego Mustard Condiment, 16 oz — Condiments & Dressings",Prego,False,16 oz,Grocery,Condiments,Condiments & Dressings,Dry Grocery,Condiments,Condiments & Dressings,3.5
grocery,WDX,WDX,WDX307942,"SE Grocers Donuts Bakery, 6 ct","SE Grocers Donuts Bakery, 6 ct — Pastries & Bagels",SE Grocers,True,6 ct,Bakery,Bakery Treats,Pastries & Bagels,Bakery,Bakery Sweets,Pastries & Bagels,2.87
grocery,WDX,WDX,WDX308304,"Prego Old Fashioned Oats Oatmeal, 18 oz","Prego Old Fashioned Oats Oatmeal, 18 oz — Oatmeal & Hot Cereal",Prego,False,18 oz,Grocery,Cereal,Oatmeal & Hot Cereal,Dry Grocery,Breakfast & Cereal,Oatmeal & Hot Cereal,4.37
grocery,WDX,WDX,WDX308398,"Driscoll's Bananas Fruit, per lb","Driscoll's Bananas Fruit, per lb — Bananas & Everyday Fruit",Driscoll's,False,per lb,Produce,Fruit,Bananas & Everyday Fruit,Produce,Fresh Fruit,Bananas & Everyday Fruit,2.39
grocery,WDX,WDX,WDX309516,"Chobani Almond Milk, Half Gallon","Chobani Almond Milk, Half Gallon — Plant-Based Milk",Chobani,False,Half Gallon,Refrigerated,Milk,Plant-Based Milk,Dairy & Eggs,Milk,Plant-Based Milk,4.47
grocery,WDX,WDX,WDX310793,"Sara Lee Muffins Bakery, 6 ct","Sara Lee Muffins Bakery, 6 ct — Pastries & Bagels",Sara Lee,False,6 ct,Bakery,Bakery Treats,Pastries & Bagels,Bakery,Bakery Sweets,Pastries & Bagels,4.25
grocery,WDX,WDX,WDX311256,"Fairlife Vanilla Greek Yogurt, 5.3 oz","Fairlife Vanilla Greek Yogurt, 5.3 oz — Greek Yogurt",Fairlife,False,5.3 oz,Refrigerated,Yogurt,Greek Yogurt,Dairy & Eggs,Yogurt,Greek Yogurt,1.18
grocery,WDX,WDX,WDX312105,"Barilla Cake Mix Baking, 1 lb","Barilla Cake Mix Baking, 1 lb — Baking Staples",Barilla,False,1 lb,Grocery,Baking,Baking Staples,Dry Grocery,Baking,Baking Staples,3.23
grocery,WDX,WDX,WDX313886,"Nature's Own Multigrain Bread, 20 oz loaf","Nature's Own Multigrain Bread, 20 oz loaf — Sandwich Bread",Nature's Own,False,20 oz loaf,Bakery,Bread,Sandwich Bread,Bakery,Bread,Sandwich Bread,2.7
grocery,WDX,WDX,WDX314857,"SE Grocers Ruffles Chips, 8 oz","SE Grocers Ruffles Chips, 8 oz — Potato & Tortilla Chips",SE Grocers,True,8 oz,Snacks,Chips,Potato & Tortilla Chips,Snacks & Candy,Salty Snacks,Potato & Tortilla Chips,3.11
grocery,WDX,WDX,WDX316716,"SE Grocers Ham Lunch Meat, 9 oz","SE Grocers Ham Lunch Meat, 9 oz — Lunch Meat",SE Grocers,True,9 oz,Meat,Deli,Lunch Meat,Meat & Seafood,Deli,Lunch Meat,4.04
grocery,WDX,WDX,WDX317116,"Dole Spring Mix Salad, 12 oz","Dole Spring Mix Salad, 12 oz — Salad & Greens",Dole,False,12 oz,Produce,Vegetables,Salad & Greens,Produce,Fresh Vegetables,Salad & Greens,3.35
grocery,WDX,WDX,WDX317829,"Tide All-Purpose Cleaner Cleaner, 24 oz","Tide All-Purpose Cleaner Cleaner, 24 oz — Cleaning Supplies",Tide,False,24 oz,Household,Cleaning,Cleaning Supplies,Health & Household,Cleaning & Paper,Cleaning Supplies,4.2
grocery,WDX,WDX,WDX318766,"SE Grocers Salted Butter, 16 oz","SE Grocers Salted Butter, 16 oz — Butter",SE Grocers,True,16 oz,Refrigerated,Butter,Butter,Dairy & Eggs,Butter & Margarine,Butter,2.96
grocery,WDX,WDX,WDX319216,"Perdue Italian Sausage Bacon, 12 oz","Perdue Italian Sausage Bacon, 12 oz — Bacon & Sausage",Perdue,False,12 oz,Meat,Pork,Bacon & Sausage,Meat & Seafood,Pork,Bacon & Sausage,5.67
grocery,WDX,WDX,WDX319774,"SE Grocers Peach Yogurt, 6 oz","SE Grocers Peach Yogurt, 6 oz — Regular Yogurt",SE Grocers,True,6 oz,Refrigerated,Yogurt,Regular Yogurt,Dairy & Eggs,Yogurt,Regular Yogurt,0.56
grocery,WDX,WDX,WDX320149,"Hillshire Farm Chops Pork, per lb","Hillshire Farm Chops Pork, per lb — Pork Cuts",Hillshire Farm,False,per lb,Meat,Pork,Pork Cuts,Meat & Seafood,Pork,Pork Cuts,4.75
grocery,WDX,WDX,WDX320380,"Tyson Whole Chicken Chicken, per lb","Tyson Whole Chicken Chicken, per lb — Chicken",Tyson,False,per lb,Meat,Chicken,Chicken,Meat & Seafood,Poultry,Chicken,4.36
grocery,WDX,WDX,WDX321733,"Fairlife Italian Blend Shredded Cheese, 16 oz","Fairlife Italian Blend Shredded Cheese, 16 oz — Shredded Cheese",Fairlife,False,16 oz,Refrigerated,Dairy Cheese,Shredded Cheese,Dairy & Eggs,Cheese,Shredded Cheese,3.99
grocery,WDX,WDX,WDX322960,"Prego Black Beans Canned, 15 oz","Prego Black Beans Canned, 15 oz — Canned Vegetables & Beans",Prego,False,15 oz,Grocery,Canned Goods,Canned Vegetables & Beans,Dry Grocery,Canned & Packaged,Canned Vegetables & Beans,1.13
grocery,WDX,WDX,WDX323299,"Thomas' Hamburger Buns Rolls, 8 ct","Thomas' Hamburger Buns Rolls, 8 ct — Buns & Rolls",Thomas',False,8 ct,Bakery,Bread,Buns & Rolls,Bakery,Bread,Buns & Rolls,3.21
grocery,WDX,WDX,WDX323524,"Oscar Mayer 80/20 Ground Ground Beef, 1 lb","Oscar Mayer 80/20 Ground Ground Beef, 1 lb — Ground Beef",Oscar Mayer,False,1 lb,Meat,Fresh Beef,Ground Beef,Meat & Seafood,Beef,Ground Beef,5.99
grocery,WDX,WDX,WDX324552,"Tide Paper Towels Paper, 6 roll","Tide Paper Towels Paper, 6 roll — Paper Products",Tide,False,6 roll,Household,Cleaning,Paper Products,Health & Household,Cleaning & Paper,Paper Products,9.75
grocery,WDX,WDX,WDX324991,"Huggies Baby Food Pouch Baby Food, 4-pack","Huggies Baby Food Pouch Baby Food, 4-pack — Formula & Baby Food",Huggies,False,4-pack,Baby & Pet,Baby,Formula & Baby Food,Baby & Pet,Baby,Formula & Baby Food,15.82
grocery,WDX,WDX,WDX326199,"Driscoll's Organic Peppers Vegetables, per lb","Driscoll's Organic Peppers Vegetables, per lb — Organic Vegetables",Driscoll's,False,per lb,Produce,Vegetables,Organic Vegetables,Produce,Fresh Vegetables,Organic Vegetables,3.85
grocery,WDX,WDX,WDX326461,"Tyson Whole Chicken Chicken, family pack","Tyson Whole Chicken Chicken, family pack — Chicken",Tyson,False,family pack,Meat,Chicken,Chicken,Meat & Seafood,Poultry,Chicken,4.73
grocery,WDX,WDX,WDX329828,"Tide Facial Tissue Paper, 6 roll","Tide Facial Tissue Paper, 6 roll — Paper Products",Tide,False,6 roll,Household,Cleaning,Paper Products,Health & Household,Cleaning & Paper,Paper Products,10.25
grocery,WDX,WDX,WDX330653,"Stouffer's Corn Frozen Vegetables, 12 oz","Stouffer's Corn Frozen Vegetables, 12 oz — Frozen Vegetables",Stouffer's,False,12 oz,Frozen,Frozen Veg,Frozen Vegetables,Frozen,Frozen Vegetables & Fruit,Frozen Vegetables,2.2
grocery,WDX,WDX,WDX332046,"SE Grocers Corn Canned, 15 oz","SE Grocers Corn Canned, 15 oz — Canned Vegetables & Beans",SE Grocers,True,15 oz,Grocery,Canned Goods,Canned Vegetables & Beans,Dry Grocery,Canned & Packaged,Canned Vegetables & Beans,0.86
grocery,WDX,WDX,WDX332346,"Dole Romaine Salad, 5 oz","Dole Romaine Salad, 5 oz — Salad & Greens",Dole,False,5 oz,Produce,Vegetables,Salad & Greens,Produce,Fresh Vegetables,Salad & Greens,2.94
grocery,WDX,WDX,WDX332824,"Tostitos Kettle Chips Chips, 8 oz","Tostitos Kettle Chips Chips, 8 oz — Potato & Tortilla Chips",Tostitos,False,8 oz,Snacks,Chips,Potato & Tortilla Chips,Snacks & Candy,Salty Snacks,Potato & Tortilla Chips,4.69
grocery,WDX,WDX,WDX334097,"Gatorade Cola Soda, 12-pack cans","Gatorade Cola Soda, 12-pack cans — Soda",Gatorade,False,12-pack cans,Beverages,Soda,Soda,Beverages,Soft Drinks,Soda,5.94
grocery,WDX,WDX,WDX335202,"Tide Conditioner Hair Care, 20 oz","Tide Conditioner Hair Care, 20 oz — Hair Care",Tide,False,20 oz,Household,Health & Beauty,Hair Care,Health & Household,Personal Care,Hair Care,5.38
grocery,WDX,WDX,WDX335271,"SE Grocers 2% Reduced Fat Milk, Half Gallon","SE Grocers 2% Reduced Fat Milk, Half Gallon — 2% Reduced-Fat Milk",SE Grocers,True,Half Gallon,Refrigerated,Milk,2% Reduced-Fat Milk,Dairy & Eggs,Milk,2% Reduced-Fat Milk,2.43
grocery,WDX,WDX,WDX337117,"Pepsi Iced Tea Tea, gallon","Pepsi Iced Tea Tea, gallon — Tea & Mixers",Pepsi,False,gallon,Beverages,Juice,Tea & Mixers,Beverages,Juice & Tea,Tea & Mixers,3.75
grocery,WDX,WDX,WDX340331,"Pepperidge Farm Dinner Rolls Rolls, 8 ct","Pepperidge Farm Dinner Rolls Rolls, 8 ct — Buns & Rolls",Pepperidge Farm,False,8 ct,Bakery,Bread,Buns & Rolls,Bakery,Bread,Buns & Rolls,2.96
grocery,WDX,WDX,WDX340626,"Organic Valley Cheddar Shredded Cheese, 8 oz","Organic Valley Cheddar Shredded Cheese, 8 oz — Shredded Cheese",Organic Valley,False,8 oz,Refrigerated,Dairy Cheese,Shredded Cheese,Dairy & Eggs,Cheese,Shredded Cheese,3.94
grocery,WDX,WDX,WDX342060,"Gatorade Diet Cola Soda, 12-pack cans","Gatorade Diet Cola Soda, 12-pack cans — Soda",Gatorade,False,12-pack cans,Beverages,Soda,Soda,Beverages,Soft Drinks,Soda,5.83
grocery,WDX,WDX,WDX342388,"SE Grocers Honey Wheat Bread, 20 oz loaf","SE Grocers Honey Wheat Bread, 20 oz loaf — Sandwich Bread",SE Grocers,True,20 oz loaf,Bakery,Bread,Sandwich Bread,Bakery,Bread,Sandwich Bread,2.01
grocery,WDX,WDX,WDX342919,"Pampers Dry Cat Food Pet Food, 12-pack","Pampers Dry Cat Food Pet Food, 12-pack — Pet Food",Pampers,False,12-pack,Baby & Pet,Pet,Pet Food,Baby & Pet,Pet,Pet Food,16.89
grocery,WDX,WDX,WDX343178,"Pampers Dry Dog Food Pet Food, 16 lb","Pampers Dry Dog Food Pet Food, 16 lb — Pet Food",Pampers,False,16 lb,Baby & Pet,Pet,Pet Food,Baby & Pet,Pet,Pet Food,16.05
grocery,WDX,WDX,WDX343597,"SE Grocers Provolone Sliced Cheese, 12 oz","SE Grocers Provolone Sliced Cheese, 12 oz — Sliced Cheese",SE Grocers,True,12 oz,Refrigerated,Dairy Cheese,Sliced Cheese,Dairy & Eggs,Cheese,Sliced Cheese,2.57
grocery,WDX,WDX,WDX343977,"Prego Ketchup Condiment, 20 oz","Prego Ketchup Condiment, 20 oz — Condiments & Dressings",Prego,False,20 oz,Grocery,Condiments,Condiments & Dressings,Dry Grocery,Condiments,Condiments & Dressings,3.69
grocery,WDX,WDX,WDX345473,"Pampers Wet Dog Food Pet Food, 12-pack","Pampers Wet Dog Food Pet Food, 12-pack — Pet Food",Pampers,False,12-pack,Baby & Pet,Pet,Pet Food,Baby & Pet,Pet,Pet Food,15.67
grocery,WDX,WDX,WDX347855,"SE Grocers Spaghetti Pasta, 16 oz","SE Grocers Spaghetti Pasta, 16 oz — Pasta",SE Grocers,True,16 oz,Grocery,Pasta,Pasta,Dry Grocery,Pasta & Sauce,Pasta,1.28
grocery,WDX,WDX,WDX348007,"Stouffer's Mixed Vegetables Frozen Vegetables, 12 oz","Stouffer's Mixed Vegetables Frozen Vegetables, 12 oz — Frozen Vegetables",Stouffer's,False,12 oz,Frozen,Frozen Veg,Frozen Vegetables,Frozen,Frozen Vegetables & Fruit,Frozen Vegetables,2.0
grocery,WDX,WDX,WDX348195,"Pepperidge Farm Wheat Bread, 20 oz loaf","Pepperidge Farm Wheat Bread, 20 oz loaf — Sandwich Bread",Pepperidge Farm,False,20 oz loaf,Bakery,Bread,Sandwich Bread,Bakery,Bread,Sandwich Bread,2.77
grocery,WDX,WDX,WDX348968,"Barilla K-Cups Coffee, 12 oz","Barilla K-Cups Coffee, 12 oz — Coffee",Barilla,False,12 oz,Grocery,Coffee,Coffee,Dry Grocery,Coffee & Tea,Coffee,7.69
grocery,WDX,WDX,WDX349350,"SE Grocers Cage-Free Large Eggs, 18 ct","SE Grocers Cage-Free Large Eggs, 18 ct — Grade A Eggs",SE Grocers,True,18 ct,Refrigerated,Eggs,Grade A Eggs,Dairy & Eggs,Eggs,Grade A Eggs,2.39
grocery,WDX,WDX,WDX349603,"Campbell's Tomato Basil Sauce, 24 oz","Campbell's Tomato Basil Sauce, 24 oz — Pasta Sauce",Campbell's,False,24 oz,Grocery,Pasta,Pasta Sauce,Dry Grocery,Pasta & Sauce,Pasta Sauce,3.27
grocery,WDX,WDX,WDX350531,"Pepsi Apple Juice Juice, 64 oz","Pepsi Apple Juice Juice, 64 oz — Juice",Pepsi,False,64 oz,Beverages,Juice,Juice,Beverages,Juice & Tea,Juice,4.49
grocery,WDX,WDX,WDX351148,"Tide Trash Bags Storage, 50 ct","Tide Trash Bags Storage, 50 ct — Food Storage",Tide,False,50 ct,Household,Cleaning,Food Storage,Health & Household,Cleaning & Paper,Food Storage,5.86
grocery,WDX,WDX,WDX352043,"SE Grocers Pods Laundry, 92 oz","SE Grocers Pods Laundry, 92 oz — Laundry",SE Grocers,True,92 oz,Household,Cleaning,Laundry,Health & Household,Cleaning & Paper,Laundry,8.95
grocery,WDX,WDX,WDX352600,"Pepsi Diet Cola Soda, 2 Liter","Pepsi Diet Cola Soda, 2 Liter — Soda",Pepsi,False,2 Liter,Beverages,Soda,Soda,Beverages,Soft Drinks,Soda,5.73
grocery,WDX,WDX,WDX354239,"SE Grocers Bath Tissue Paper, 12 roll","SE Grocers Bath Tissue Paper, 12 roll — Paper Products",SE Grocers,True,12 roll,Household,Cleaning,Paper Products,Health & Household,Cleaning & Paper,Paper Products,7.96
grocery,WDX,WDX,WDX354650,"SE Grocers Italian Dressing Condiment, 20 oz","SE Grocers Italian Dressing Condiment, 20 oz — Condiments & Dressings",SE Grocers,True,20 oz,Grocery,Condiments,Condiments & Dressings,Dry Grocery,Condiments,Condiments & Dressings,2.3
grocery,WDX,WDX,WDX354713,"Driscoll's Apples Gala Fruit, per lb","Driscoll's Apples Gala Fruit, per lb — Bananas & Everyday Fruit",Driscoll's,False,per lb,Produce,Fruit,Bananas & Everyday Fruit,Produce,Fresh Fruit,Bananas & Everyday Fruit,2.52
grocery,WDX,WDX,WDX356878,"SE Grocers Fun Size Mix Candy, 18 oz","SE Grocers Fun Size Mix Candy, 18 oz — Candy & Chocolate",SE Grocers,True,18 oz,Snacks,Candy,Candy & Chocolate,Snacks & Candy,Cookies & Candy,Candy & Chocolate,2.55
grocery,WDX,WDX,WDX357100,"SE Grocers Salted Butter, 16 oz","SE Grocers Salted Butter, 16 oz — Butter",SE Grocers,True,16 oz,Refrigerated,Butter,Butter,Dairy & Eggs,Butter & Margarine,Butter,3.32
grocery,WDX,WDX,WDX358087,"SE Grocers Corn Frozen Vegetables, 12 oz","SE Grocers Corn Frozen Vegetables, 12 oz — Frozen Vegetables",SE Grocers,True,12 oz,Frozen,Frozen Veg,Frozen Vegetables,Frozen,Frozen Vegetables & Fruit,Frozen Vegetables,1.68
grocery,WDX,WDX,WDX358774,"Bounty All-Purpose Cleaner Cleaner, 32 oz","Bounty All-Purpose Cleaner Cleaner, 32 oz — Cleaning Supplies",Bounty,False,32 oz,Household,Cleaning,Cleaning Supplies,Health & Household,Cleaning & Paper,Cleaning Supplies,4.44
grocery,WDX,WDX,WDX360220,"Prego Quick Oats Oatmeal, 42 oz","Prego Quick Oats Oatmeal, 42 oz — Oatmeal & Hot Cereal",Prego,False,42 oz,Grocery,Cereal,Oatmeal & Hot Cereal,Dry Grocery,Breakfast & Cereal,Oatmeal & Hot Cereal,4.68
grocery,WDX,WDX,WDX361890,"SE Grocers Lemonade Tea, 59 oz","SE Grocers Lemonade Tea, 59 oz — Tea & Mixers",SE Grocers,True,59 oz,Beverages,Juice,Tea & Mixers,Beverages,Juice & Tea,Tea & Mixers,2.86
grocery,WDX,WDX,WDX362924,"SE Grocers Sparkling Water Water, 24-pack","SE Grocers Sparkling Water Water, 24-pack — Water",SE Grocers,True,24-pack,Beverages,Water,Water,Beverages,Water & Sports,Water,3.24
grocery,WDX,WDX,WDX363136,"Horizon Swiss Sliced Cheese, 12 oz","Horizon Swiss Sliced Cheese, 12 oz — Sliced Cheese",Horizon,False,12 oz,Refrigerated,Dairy Cheese,Sliced Cheese,Dairy & Eggs,Cheese,Sliced Cheese,3.6
grocery,WDX,WDX,WDX363848,"SE Grocers Bagels Bakery, 6 ct","SE Grocers Bagels Bakery, 6 ct — Pastries & Bagels",SE Grocers,True,6 ct,Bakery,Bakery Treats,Pastries & Bagels,Bakery,Bakery Sweets,Pastries & Bagels,2.83
grocery,WDX,WDX,WDX364122,"SE Grocers Diced Tomatoes Canned, 15 oz","SE Grocers Diced Tomatoes Canned, 15 oz — Canned Vegetables & Beans",SE Grocers,True,15 oz,Grocery,Canned Goods,Canned Vegetables & Beans,Dry Grocery,Canned & Packaged,Canned Vegetables & Beans,0.94
grocery,WDX,WDX,WDX366171,"SE Grocers Tortilla Chips Chips, 13 oz","SE Grocers Tortilla Chips Chips, 13 oz — Potato & Tortilla Chips",SE Grocers,True,13 oz,Snacks,Chips,Potato & Tortilla Chips,Snacks & Candy,Salty Snacks,Potato & Tortilla Chips,3.26
grocery,WDX,WDX,WDX369242,"Gatorade Ginger Ale Soda, 12-pack cans","Gatorade Ginger Ale Soda, 12-pack cans — Soda",Gatorade,False,12-pack cans,Beverages,Soda,Soda,Beverages,Soft Drinks,Soda,6.36
grocery,WDX,WDX,WDX370873,"SE Grocers Chocolate Chip Cookies, 18 oz","SE Grocers Chocolate Chip Cookies, 18 oz — Cookies",SE Grocers,True,18 oz,Snacks,Candy,Cookies,Snacks & Candy,Cookies & Candy,Cookies,2.71
grocery,WDX,WDX,WDX371316,"Prego Marinara Sauce, 24 oz","Prego Marinara Sauce, 24 oz — Pasta Sauce",Prego,False,24 oz,Grocery,Pasta,Pasta Sauce,Dry Grocery,Pasta & Sauce,Pasta Sauce,3.07
grocery,WDX,WDX,WDX371380,"Doritos Chocolate Chip Cookies, 13 oz","Doritos Chocolate Chip Cookies, 13 oz — Cookies",Doritos,False,13 oz,Snacks,Candy,Cookies,Snacks & Candy,Cookies & Candy,Cookies,3.57
grocery,WDX,WDX,WDX372273,"Doritos Potato Chips Chips, 8 oz","Doritos Potato Chips Chips, 8 oz — Potato & Tortilla Chips",Doritos,False,8 oz,Snacks,Chips,Potato & Tortilla Chips,Snacks & Candy,Salty Snacks,Potato & Tortilla Chips,4.21
grocery,WDX,WDX,WDX375636,"SE Grocers Italian Blend Shredded Cheese, 16 oz","SE Grocers Italian Blend Shredded Cheese, 16 oz — Shredded Cheese",SE Grocers,True,16 oz,Refrigerated,Dairy Cheese,Shredded Cheese,Dairy & Eggs,Cheese,Shredded Cheese,2.92
grocery,WDX,WDX,WDX378382,"Prego Spaghetti Pasta, 16 oz","Prego Spaghetti Pasta, 16 oz — Pasta",Prego,False,16 oz,Grocery,Pasta,Pasta,Dry Grocery,Pasta & Sauce,Pasta,1.8
grocery,WDX,WDX,WDX378880,"Pampers Baby Food Pouch Baby Food, 4-pack","Pampers Baby Food Pouch Baby Food, 4-pack — Formula & Baby Food",Pampers,False,4-pack,Baby & Pet,Baby,Formula & Baby Food,Baby & Pet,Baby,Formula & Baby Food,13.33
grocery,WDX,WDX,WDX378888,"Oscar Mayer Ribs Pork, per lb","Oscar Mayer Ribs Pork, per lb — Pork Cuts",Oscar Mayer,False,per lb,Meat,Pork,Pork Cuts,Meat & Seafood,Pork,Pork Cuts,4.43
grocery,WDX,WDX,WDX380347,"Dole Spring Mix Salad, 5 oz","Dole Spring Mix Salad, 5 oz — Salad & Greens",Dole,False,5 oz,Produce,Vegetables,Salad & Greens,Produce,Fresh Vegetables,Salad & Greens,3.02
grocery,WDX,WDX,WDX380426,"SE Grocers Chicken Noodle Soup, 18 oz","SE Grocers Chicken Noodle Soup, 18 oz — Canned Soup",SE Grocers,True,18 oz,Grocery,Canned Goods,Canned Soup,Dry Grocery,Canned & Packaged,Canned Soup,1.53
grocery,WDX,WDX,WDX381089,"SE Grocers Green Beans Canned, 15 oz","SE Grocers Green Beans Canned, 15 oz — Canned Vegetables & Beans",SE Grocers,True,15 oz,Grocery,Canned Goods,Canned Vegetables & Beans,Dry Grocery,Canned & Packaged,Canned Vegetables & Beans,0.91
grocery,WDX,WDX,WDX381444,"Gatorade Root Beer Soda, 12-pack cans","Gatorade Root Beer Soda, 12-pack cans — Soda",Gatorade,False,12-pack cans,Beverages,Soda,Soda,Beverages,Soft Drinks,Soda,6.31
grocery,WDX,WDX,WDX382777,"SE Grocers Olive Oil Spread, 45 oz","SE Grocers Olive Oil Spread, 45 oz — Margarine & Spreads",SE Grocers,True,45 oz,Refrigerated,Butter,Margarine & Spreads,Dairy & Eggs,Butter & Margarine,Margarine & Spreads,2.19
grocery,WDX,WDX,WDX383021,"Prego Tomato Soup, 18 oz","Prego Tomato Soup, 18 oz — Canned Soup",Prego,False,18 oz,Grocery,Canned Goods,Canned Soup,Dry Grocery,Canned & Packaged,Canned Soup,2.24
grocery,WDX,WDX,WDX384828,"SE Grocers Cake Mix Baking, 1 lb","SE Grocers Cake Mix Baking, 1 lb — Baking Staples",SE Grocers,True,1 lb,Grocery,Baking,Baking Staples,Dry Grocery,Baking,Baking Staples,2.42
grocery,WDX,WDX,WDX386064,"Gerber Baby Food Pouch Baby Food, 12 oz","Gerber Baby Food Pouch Baby Food, 12 oz — Formula & Baby Food",Gerber,False,12 oz,Baby & Pet,Baby,Formula & Baby Food,Baby & Pet,Baby,Formula & Baby Food,16.71
grocery,WDX,WDX,WDX387706,"Coca-Cola Sports Drink Variety Sports Drink, 12-pack","Coca-Cola Sports Drink Variety Sports Drink, 12-pack — Sports & Energy Drinks",Coca-Cola,False,12-pack,Beverages,Water,Sports & Energy Drinks,Beverages,Water & Sports,Sports & Energy Drinks,5.71
grocery,WDX,WDX,WDX388422,"SE Grocers Diapers Size 3 Baby, jumbo pack","SE Grocers Diapers Size 3 Baby, jumbo pack — Diapers & Wipes",SE Grocers,True,jumbo pack,Baby & Pet,Baby,Diapers & Wipes,Baby & Pet,Baby,Diapers & Wipes,16.98
grocery,WDX,WDX,WDX388747,"SE Grocers Alfredo Sauce, 24 oz","SE Grocers Alfredo Sauce, 24 oz — Pasta Sauce",SE Grocers,True,24 oz,Grocery,Pasta,Pasta Sauce,Dry Grocery,Pasta & Sauce,Pasta Sauce,2.42
grocery,WDX,WDX,WDX389785,"SE Grocers Large Grade A Eggs, 18 ct","SE Grocers Large Grade A Eggs, 18 ct — Grade A Eggs",SE Grocers,True,18 ct,Refrigerated,Eggs,Grade A Eggs,Dairy & Eggs,Eggs,Grade A Eggs,2.43
grocery,WDX,WDX,WDX390163,"Doritos Hard Candy Candy, 10 oz","Doritos Hard Candy Candy, 10 oz — Candy & Chocolate",Doritos,False,10 oz,Snacks,Candy,Candy & Chocolate,Snacks & Candy,Cookies & Candy,Candy & Chocolate,3.37
grocery,WDX,WDX,WDX391225,"SE Grocers Cream of Mushroom Soup, 10.5 oz","SE Grocers Cream of Mushroom Soup, 10.5 oz — Canned Soup",SE Grocers,True,10.5 oz,Grocery,Canned Goods,Canned Soup,Dry Grocery,Canned & Packaged,Canned Soup,1.49
grocery,WDX,WDX,WDX391853,"Tide Storage Bags Storage, gallon","Tide Storage Bags Storage, gallon — Food Storage",Tide,False,gallon,Household,Cleaning,Food Storage,Health & Household,Cleaning & Paper,Food Storage,5.04
grocery,WDX,WDX,WDX392833,"SE Grocers Ground Medium Roast Coffee, 24 oz","SE Grocers Ground Medium Roast Coffee, 24 oz — Coffee",SE Grocers,True,24 oz,Grocery,Coffee,Coffee,Dry Grocery,Coffee & Tea,Coffee,6.1
grocery,WDX,WDX,WDX393180,"SE Grocers Bleach Cleaner, 24 oz","SE Grocers Bleach Cleaner, 24 oz — Cleaning Supplies",SE Grocers,True,24 oz,Household,Cleaning,Cleaning Supplies,Health & Household,Cleaning & Paper,Cleaning Supplies,3.14
grocery,WDX,WDX,WDX393443,"SE Grocers Tortilla Chips Chips, 8 oz","SE Grocers Tortilla Chips Chips, 8 oz — Potato & Tortilla Chips",SE Grocers,True,8 oz,Snacks,Chips,Potato & Tortilla Chips,Snacks & Candy,Salty Snacks,Potato & Tortilla Chips,3.12
grocery,WDX,WDX,WDX393922,"Horizon 2% Reduced Fat Milk, Half Gallon","Horizon 2% Reduced Fat Milk, Half Gallon — 2% Reduced-Fat Milk",Horizon,False,Half Gallon,Refrigerated,Milk,2% Reduced-Fat Milk,Dairy & Eggs,Milk,2% Reduced-Fat Milk,3.19
grocery,WDX,WDX,WDX396476,"SE Grocers Paper Towels Paper, 6 roll","SE Grocers Paper Towels Paper, 6 roll — Paper Products",SE Grocers,True,6 roll,Household,Cleaning,Paper Products,Health & Household,Cleaning & Paper,Paper Products,8.62
grocery,WDX,WDX,WDX396913,"SE Grocers Cashews Nuts, 16 oz","SE Grocers Cashews Nuts, 16 oz — Nuts & Trail Mix",SE Grocers,True,16 oz,Snacks,Chips,Nuts & Trail Mix,Snacks & Candy,Salty Snacks,Nuts & Trail Mix,4.4
grocery,WDX,WDX,WDX397578,"SE Grocers Light Spread, 45 oz","SE Grocers Light Spread, 45 oz — Margarine & Spreads",SE Grocers,True,45 oz,Refrigerated,Butter,Margarine & Spreads,Dairy & Eggs,Butter & Margarine,Margarine & Spreads,2.12
grocery,WDX,WDX,WDX399170,"Horizon 2% Reduced Fat Milk, 1 Gallon","Horizon 2% Reduced Fat Milk, 1 Gallon — 2% Reduced-Fat Milk",Horizon,False,1 Gallon,Refrigerated,Milk,2% Reduced-Fat Milk,Dairy & Eggs,Milk,2% Reduced-Fat Milk,3.35
grocery,WDX,WDX,WDX400204,"Fresh Express Russet Potatoes Vegetables, per lb","Fresh Express Russet Potatoes Vegetables, per lb — Everyday Vegetables",Fresh Express,False,per lb,Produce,Vegetables,Everyday Vegetables,Produce,Fresh Vegetables,Everyday Vegetables,2.6
grocery,WDX,WDX,WDX401193,"SE Grocers Carrots Vegetables, 2 lb bag","SE Grocers Carrots Vegetables, 2 lb bag — Everyday Vegetables",SE Grocers,True,2 lb bag,Produce,Vegetables,Everyday Vegetables,Produce,Fresh Vegetables,Everyday Vegetables,1.76
grocery,WDX,WDX,WDX401671,"Tyson Salami Lunch Meat, 9 oz","Tyson Salami Lunch Meat, 9 oz — Lunch Meat",Tyson,False,9 oz,Meat,Deli,Lunch Meat,Meat & Seafood,Deli,Lunch Meat,5.09
grocery,WDX,WDX,WDX402651,"Horizon Peach Yogurt, 32 oz","Horizon Peach Yogurt, 32 oz — Regular Yogurt",Horizon,False,32 oz,Refrigerated,Yogurt,Regular Yogurt,Dairy & Eggs,Yogurt,Regular Yogurt,0.81
grocery,WDX,WDX,WDX403206,"Driscoll's Celery Vegetables, per lb","Driscoll's Celery Vegetables, per lb — Everyday Vegetables",Driscoll's,False,per lb,Produce,Vegetables,Everyday Vegetables,Produce,Fresh Vegetables,Everyday Vegetables,2.2
grocery,WDX,WDX,WDX404804,"Prego Diced Tomatoes Canned, 15 oz","Prego Diced Tomatoes Canned, 15 oz — Canned Vegetables & Beans",Prego,False,15 oz,Grocery,Canned Goods,Canned Vegetables & Beans,Dry Grocery,Canned & Packaged,Canned Vegetables & Beans,1.15
grocery,WDX,WDX,WDX405263,"Prego Rotini Pasta, 16 oz","Prego Rotini Pasta, 16 oz — Pasta",Prego,False,16 oz,Grocery,Pasta,Pasta,Dry Grocery,Pasta & Sauce,Pasta,1.84
grocery,WDX,WDX,WDX406085,"Doritos Almonds Nuts, 10 oz","Doritos Almonds Nuts, 10 oz — Nuts & Trail Mix",Doritos,False,10 oz,Snacks,Chips,Nuts & Trail Mix,Snacks & Candy,Salty Snacks,Nuts & Trail Mix,6.78
grocery,WDX,WDX,WDX406772,"SE Grocers Light Spread, 15 oz","SE Grocers Light Spread, 15 oz — Margarine & Spreads",SE Grocers,True,15 oz,Refrigerated,Butter,Margarine & Spreads,Dairy & Eggs,Butter & Margarine,Margarine & Spreads,2.34
grocery,WDX,WDX,WDX412506,"Pampers Dry Dog Food Pet Food, 3.5 lb","Pampers Dry Dog Food Pet Food, 3.5 lb — Pet Food",Pampers,False,3.5 lb,Baby & Pet,Pet,Pet Food,Baby & Pet,Pet,Pet Food,17.13
grocery,WDX,WDX,WDX412826,"Barilla Ketchup Condiment, 20 oz","Barilla Ketchup Condiment, 20 oz — Condiments & Dressings",Barilla,False,20 oz,Grocery,Condiments,Condiments & Dressings,Dry Grocery,Condiments,Condiments & Dressings,3.07
grocery,WDX,WDX,WDX414236,"Huggies Diapers Size 5 Baby, jumbo pack","Huggies Diapers Size 5 Baby, jumbo pack — Diapers & Wipes",Huggies,False,jumbo pack,Baby & Pet,Baby,Diapers & Wipes,Baby & Pet,Baby,Diapers & Wipes,24.85
grocery,WDX,WDX,WDX414883,"Land O'Lakes Lactose-Free Milk, Half Gallon","Land O'Lakes Lactose-Free Milk, Half Gallon — Plant-Based Milk",Land O'Lakes,False,Half Gallon,Refrigerated,Milk,Plant-Based Milk,Dairy & Eggs,Milk,Plant-Based Milk,4.48
grocery,WDX,WDX,WDX416393,"Prego Vegetable Soup, 18 oz","Prego Vegetable Soup, 18 oz — Canned Soup",Prego,False,18 oz,Grocery,Canned Goods,Canned Soup,Dry Grocery,Canned & Packaged,Canned Soup,2.23
grocery,WDX,WDX,WDX418759,"Fresh Express Avocado Fruit, each","Fresh Express Avocado Fruit, each — Organic & Specialty Fruit",Fresh Express,False,each,Produce,Fruit,Organic & Specialty Fruit,Produce,Fresh Fruit,Organic & Specialty Fruit,5.45
grocery,WDX,WDX,WDX419425,"Pepsi Orange Juice Juice, 64 oz","Pepsi Orange Juice Juice, 64 oz — Juice",Pepsi,False,64 oz,Beverages,Juice,Juice,Beverages,Juice & Tea,Juice,4.1
grocery,WDX,WDX,WDX419752,"SE Grocers 2% Reduced Fat Milk, 1 Gallon","SE Grocers 2% Reduced Fat Milk, 1 Gallon — 2% Reduced-Fat Milk",SE Grocers,True,1 Gallon,Refrigerated,Milk,2% Reduced-Fat Milk,Dairy & Eggs,Milk,2% Reduced-Fat Milk,2.73
grocery,WDX,WDX,WDX419865,"Barilla Toasted Oats Cereal, 18 oz","Barilla Toasted Oats Cereal, 18 oz — Cereal",Barilla,False,18 oz,Grocery,Cereal,Cereal,Dry Grocery,Breakfast & Cereal,Cereal,3.74
grocery,WDX,WDX,WDX420285,"Fresh Express Grapes Fruit, per lb","Fresh Express Grapes Fruit, per lb — Bananas & Everyday Fruit",Fresh Express,False,per lb,Produce,Fruit,Bananas & Everyday Fruit,Produce,Fresh Fruit,Bananas & Everyday Fruit,2.59
grocery,WDX,WDX,WDX422500,"Coca-Cola Sparkling Water Water, 35-pack","Coca-Cola Sparkling Water Water, 35-pack — Water",Coca-Cola,False,35-pack,Beverages,Water,Water,Beverages,Water & Sports,Water,4.23
grocery,WDX,WDX,WDX423656,"Barilla Jasmine Rice Rice, 5 lb","Barilla Jasmine Rice Rice, 5 lb — Rice & Grains",Barilla,False,5 lb,Grocery,Rice & Beans,Rice & Grains,Dry Grocery,Rice & Grains,Rice & Grains,3.31
grocery,WDX,WDX,WDX423758,"Land O'Lakes Salted Butter, 16 oz","Land O'Lakes Salted Butter, 16 oz — Butter",Land O'Lakes,False,16 oz,Refrigerated,Butter,Butter,Dairy & Eggs,Butter & Margarine,Butter,4.15
grocery,WDX,WDX,WDX423781,"SE Grocers Lemon-Lime Soda, 12-pack cans","SE Grocers Lemon-Lime Soda, 12-pack cans — Soda",SE Grocers,True,12-pack cans,Beverages,Soda,Soda,Beverages,Soft Drinks,Soda,4.38
grocery,WDX,WDX,WDX423783,"SE Grocers 80/20 Ground Ground Beef, 1 lb","SE Grocers 80/20 Ground Ground Beef, 1 lb — Ground Beef",SE Grocers,True,1 lb,Meat,Fresh Beef,Ground Beef,Meat & Seafood,Beef,Ground Beef,4.1
grocery,WDX,WDX,WDX423949,"DiGiorno Vanilla Ice Cream, 48 oz","DiGiorno Vanilla Ice Cream, 48 oz — Ice Cream",DiGiorno,False,48 oz,Frozen,Ice Cream,Ice Cream,Frozen,Ice Cream & Novelties,Ice Cream,5.07
grocery,WDX,WDX,WDX425352,"Charmin Pods Laundry, 50 oz","Charmin Pods Laundry, 50 oz — Laundry",Charmin,False,50 oz,Household,Cleaning,Laundry,Health & Household,Cleaning & Paper,Laundry,12.74
grocery,WDX,WDX,WDX426071,"Pampers Diapers Size 3 Baby, box","Pampers Diapers Size 3 Baby, box — Diapers & Wipes",Pampers,False,box,Baby & Pet,Baby,Diapers & Wipes,Baby & Pet,Baby,Diapers & Wipes,22.38
grocery,WDX,WDX,WDX428299,"SE Grocers Vanilla Yogurt, 6 oz","SE Grocers Vanilla Yogurt, 6 oz — Regular Yogurt",SE Grocers,True,6 oz,Refrigerated,Yogurt,Regular Yogurt,Dairy & Eggs,Yogurt,Regular Yogurt,0.6
grocery,WDX,WDX,WDX428368,"Coca-Cola Sparkling Water Water, 24-pack","Coca-Cola Sparkling Water Water, 24-pack — Water",Coca-Cola,False,24-pack,Beverages,Water,Water,Beverages,Water & Sports,Water,4.06
grocery,WDX,WDX,WDX428997,"Bounty All-Purpose Cleaner Cleaner, 24 oz","Bounty All-Purpose Cleaner Cleaner, 24 oz — Cleaning Supplies",Bounty,False,24 oz,Household,Cleaning,Cleaning Supplies,Health & Household,Cleaning & Paper,Cleaning Supplies,4.62
grocery,WDX,WDX,WDX429030,"SE Grocers All-Purpose Flour Baking, 1 lb","SE Grocers All-Purpose Flour Baking, 1 lb — Baking Staples",SE Grocers,True,1 lb,Grocery,Baking,Baking Staples,Dry Grocery,Baking,Baking Staples,2.33
grocery,WDX,WDX,WDX429711,"Horizon Extra Large Grade A Eggs, Dozen","Horizon Extra Large Grade A Eggs, Dozen — Grade A Eggs",Horizon,False,Dozen,Refrigerated,Eggs,Grade A Eggs,Dairy & Eggs,Eggs,Grade A Eggs,2.9
grocery,WDX,WDX,WDX430382,"Pampers Cat Treats Pet, 20 lb","Pampers Cat Treats Pet, 20 lb — Pet Treats & Supplies",Pampers,False,20 lb,Baby & Pet,Pet,Pet Treats & Supplies,Baby & Pet,Pet,Pet Treats & Supplies,6.74
grocery,WDX,WDX,WDX431188,"SE Grocers Sandwich Cookies Cookies, 18 oz","SE Grocers Sandwich Cookies Cookies, 18 oz — Cookies",SE Grocers,True,18 oz,Snacks,Candy,Cookies,Snacks & Candy,Cookies & Candy,Cookies,2.66
grocery,WDX,WDX,WDX432135,"Stouffer's Bowls Frozen Meal, 10 oz","Stouffer's Bowls Frozen Meal, 10 oz — Frozen Entrees",Stouffer's,False,10 oz,Frozen,Frozen Dinners,Frozen Entrees,Frozen,Frozen Meals,Frozen Entrees,3.63
grocery,WDX,WDX,WDX432672,"Progresso Spaghetti Pasta, 16 oz","Progresso Spaghetti Pasta, 16 oz — Pasta",Progresso,False,16 oz,Grocery,Pasta,Pasta,Dry Grocery,Pasta & Sauce,Pasta,1.86
grocery,WDX,WDX,WDX432994,"Driscoll's Navel Oranges Fruit, 3 lb bag","Driscoll's Navel Oranges Fruit, 3 lb bag — Bananas & Everyday Fruit",Driscoll's,False,3 lb bag,Produce,Fruit,Bananas & Everyday Fruit,Produce,Fresh Fruit,Bananas & Everyday Fruit,2.7
grocery,WDX,WDX,WDX434418,"Horizon 1% Lowfat Milk, 1 Gallon","Horizon 1% Lowfat Milk, 1 Gallon — Skim & Low-Fat Milk",Horizon,False,1 Gallon,Refrigerated,Milk,Skim & Low-Fat Milk,Dairy & Eggs,Milk,Skim & Low-Fat Milk,3.41
grocery,WDX,WDX,WDX437799,"Pampers Cat Treats Pet, 16 oz","Pampers Cat Treats Pet, 16 oz — Pet Treats & Supplies",Pampers,False,16 oz,Baby & Pet,Pet,Pet Treats & Supplies,Baby & Pet,Pet,Pet Treats & Supplies,6.15
grocery,WDX,WDX,WDX437806,"SE Grocers Italian Blend Shredded Cheese, 8 oz","SE Grocers Italian Blend Shredded Cheese, 8 oz — Shredded Cheese",SE Grocers,True,8 oz,Refrigerated,Dairy Cheese,Shredded Cheese,Dairy & Eggs,Cheese,Shredded Cheese,2.65
grocery,WDX,WDX,WDX439260,"Stouffer's Pot Pie Frozen Meal, 10 oz","Stouffer's Pot Pie Frozen Meal, 10 oz — Frozen Entrees",Stouffer's,False,10 oz,Frozen,Frozen Dinners,Frozen Entrees,Frozen,Frozen Meals,Frozen Entrees,3.65
grocery,WDX,WDX,WDX439457,"Charmin Shampoo Hair Care, 20 oz","Charmin Shampoo Hair Care, 20 oz — Hair Care",Charmin,False,20 oz,Household,Health & Beauty,Hair Care,Health & Household,Personal Care,Hair Care,6.8
grocery,WDX,WDX,WDX440196,"SE Grocers Body Wash Personal Care, 2-pack","SE Grocers Body Wash Personal Care, 2-pack — Oral & Body Care",SE Grocers,True,2-pack,Household,Health & Beauty,Oral & Body Care,Health & Household,Personal Care,Oral & Body Care,3.22
grocery,WDX,WDX,WDX440313,"Pepsi Sparkling Water Water, 35-pack","Pepsi Sparkling Water Water, 35-pack — Water",Pepsi,False,35-pack,Beverages,Water,Water,Beverages,Water & Sports,Water,4.6
grocery,WDX,WDX,WDX441887,"SE Grocers Paper Towels Paper, 12 roll","SE Grocers Paper Towels Paper, 12 roll — Paper Products",SE Grocers,True,12 roll,Household,Cleaning,Paper Products,Health & Household,Cleaning & Paper,Paper Products,7.51
grocery,WDX,WDX,WDX442267,"Barilla Italian Dressing Condiment, 16 oz","Barilla Italian Dressing Condiment, 16 oz — Condiments & Dressings",Barilla,False,16 oz,Grocery,Condiments,Condiments & Dressings,Dry Grocery,Condiments,Condiments & Dressings,2.99
grocery,WDX,WDX,WDX442372,"SE Grocers Ruffles Chips, 13 oz","SE Grocers Ruffles Chips, 13 oz — Potato & Tortilla Chips",SE Grocers,True,13 oz,Snacks,Chips,Potato & Tortilla Chips,Snacks & Candy,Salty Snacks,Potato & Tortilla Chips,3.16
grocery,WDX,WDX,WDX442455,"Horizon Cheddar Shredded Cheese, 16 oz","Horizon Cheddar Shredded Cheese, 16 oz — Shredded Cheese",Horizon,False,16 oz,Refrigerated,Dairy Cheese,Shredded Cheese,Dairy & Eggs,Cheese,Shredded Cheese,3.55
grocery,WDX,WDX,WDX442547,"SE Grocers Facial Tissue Paper, double roll","SE Grocers Facial Tissue Paper, double roll — Paper Products",SE Grocers,True,double roll,Household,Cleaning,Paper Products,Health & Household,Cleaning & Paper,Paper Products,8.15
grocery,WDX,WDX,WDX442804,"Progresso Chickpeas Canned, 15 oz","Progresso Chickpeas Canned, 15 oz — Canned Vegetables & Beans",Progresso,False,15 oz,Grocery,Canned Goods,Canned Vegetables & Beans,Dry Grocery,Canned & Packaged,Canned Vegetables & Beans,1.25
grocery,WDX,WDX,WDX443424,"Sara Lee Bagels Bakery, 4 ct","Sara Lee Bagels Bakery, 4 ct — Pastries & Bagels",Sara Lee,False,4 ct,Bakery,Bakery Treats,Pastries & Bagels,Bakery,Bakery Sweets,Pastries & Bagels,4.38
grocery,WDX,WDX,WDX444597,"Horizon American Sliced Cheese, 12 oz","Horizon American Sliced Cheese, 12 oz — Sliced Cheese",Horizon,False,12 oz,Refrigerated,Dairy Cheese,Sliced Cheese,Dairy & Eggs,Cheese,Sliced Cheese,3.53
grocery,WDX,WDX,WDX446228,"SE Grocers Dog Treats Pet, 20 lb","SE Grocers Dog Treats Pet, 20 lb — Pet Treats & Supplies",SE Grocers,True,20 lb,Baby & Pet,Pet,Pet Treats & Supplies,Baby & Pet,Pet,Pet Treats & Supplies,5.26
grocery,WDX,WDX,WDX446605,"SE Grocers Dry Cat Food Pet Food, 16 lb","SE Grocers Dry Cat Food Pet Food, 16 lb — Pet Food",SE Grocers,True,16 lb,Baby & Pet,Pet,Pet Food,Baby & Pet,Pet,Pet Food,12.73
grocery,WDX,WDX,WDX448773,"Driscoll's Roma Tomatoes Vegetables, per lb","Driscoll's Roma Tomatoes Vegetables, per lb — Everyday Vegetables",Driscoll's,False,per lb,Produce,Vegetables,Everyday Vegetables,Produce,Fresh Vegetables,Everyday Vegetables,2.1
grocery,WDX,WDX,WDX448900,"Sara Lee Donuts Bakery, 6 ct","Sara Lee Donuts Bakery, 6 ct — Pastries & Bagels",Sara Lee,False,6 ct,Bakery,Bakery Treats,Pastries & Bagels,Bakery,Bakery Sweets,Pastries & Bagels,4.05
grocery,WDX,WDX,WDX449608,"Coca-Cola Spring Water Water, 35-pack","Coca-Cola Spring Water Water, 35-pack — Water",Coca-Cola,False,35-pack,Beverages,Water,Water,Beverages,Water & Sports,Water,4.11
grocery,WDX,WDX,WDX450193,"Dole Caesar Kit Salad, 5 oz","Dole Caesar Kit Salad, 5 oz — Salad & Greens",Dole,False,5 oz,Produce,Vegetables,Salad & Greens,Produce,Fresh Vegetables,Salad & Greens,3.06
grocery,WDX,WDX,WDX452783,"Fresh Express Apples Gala Fruit, 3 lb bag","Fresh Express Apples Gala Fruit, 3 lb bag — Bananas & Everyday Fruit",Fresh Express,False,3 lb bag,Produce,Fruit,Bananas & Everyday Fruit,Produce,Fresh Fruit,Bananas & Everyday Fruit,2.66
grocery,WDX,WDX,WDX453135,"SE Grocers Hard Candy Candy, 18 oz","SE Grocers Hard Candy Candy, 18 oz — Candy & Chocolate",SE Grocers,True,18 oz,Snacks,Candy,Candy & Chocolate,Snacks & Candy,Cookies & Candy,Candy & Chocolate,2.38
grocery,WDX,WDX,WDX453455,"Lay's Ruffles Chips, 13 oz","Lay's Ruffles Chips, 13 oz — Potato & Tortilla Chips",Lay's,False,13 oz,Snacks,Chips,Potato & Tortilla Chips,Snacks & Candy,Salty Snacks,Potato & Tortilla Chips,4.06
grocery,WDX,WDX,WDX455417,"Tostitos Tortilla Chips Chips, 13 oz","Tostitos Tortilla Chips Chips, 13 oz — Potato & Tortilla Chips",Tostitos,False,13 oz,Snacks,Chips,Potato & Tortilla Chips,Snacks & Candy,Salty Snacks,Potato & Tortilla Chips,4.9
grocery,WDX,WDX,WDX456012,"DiGiorno Supreme Pizza, 2-pack","DiGiorno Supreme Pizza, 2-pack — Frozen Pizza",DiGiorno,False,2-pack,Frozen,Frozen Dinners,Frozen Pizza,Frozen,Frozen Meals,Frozen Pizza,6.23
grocery,WDX,WDX,WDX456081,"Doritos Ruffles Chips, 13 oz","Doritos Ruffles Chips, 13 oz — Potato & Tortilla Chips",Doritos,False,13 oz,Snacks,Chips,Potato & Tortilla Chips,Snacks & Candy,Salty Snacks,Potato & Tortilla Chips,4.49
grocery,WDX,WDX,WDX456588,"DiGiorno Pot Pie Frozen Meal, family size","DiGiorno Pot Pie Frozen Meal, family size — Frozen Entrees",DiGiorno,False,family size,Frozen,Frozen Dinners,Frozen Entrees,Frozen,Frozen Meals,Frozen Entrees,4.31
grocery,WDX,WDX,WDX456765,"SE Grocers Chocolate Bars Candy, 10 oz","SE Grocers Chocolate Bars Candy, 10 oz — Candy & Chocolate",SE Grocers,True,10 oz,Snacks,Candy,Candy & Chocolate,Snacks & Candy,Cookies & Candy,Candy & Chocolate,2.51
grocery,WDX,WDX,WDX456877,"Pampers Diapers Size 1 Baby, jumbo pack","Pampers Diapers Size 1 Baby, jumbo pack — Diapers & Wipes",Pampers,False,jumbo pack,Baby & Pet,Baby,Diapers & Wipes,Baby & Pet,Baby,Diapers & Wipes,20.56
grocery,WDX,WDX,WDX458177,"SE Grocers Disinfecting Wipes Cleaner, 24 oz","SE Grocers Disinfecting Wipes Cleaner, 24 oz — Cleaning Supplies",SE Grocers,True,24 oz,Household,Cleaning,Cleaning Supplies,Health & Household,Cleaning & Paper,Cleaning Supplies,3.59
grocery,WDX,WDX,WDX458537,"SE Grocers Fabric Softener Laundry, 92 oz","SE Grocers Fabric Softener Laundry, 92 oz — Laundry",SE Grocers,True,92 oz,Household,Cleaning,Laundry,Health & Household,Cleaning & Paper,Laundry,8.99
grocery,WDX,WDX,WDX458631,"SE Grocers Baby Wipes Baby, box","SE Grocers Baby Wipes Baby, box — Diapers & Wipes",SE Grocers,True,box,Baby & Pet,Baby,Diapers & Wipes,Baby & Pet,Baby,Diapers & Wipes,16.6
grocery,WDX,WDX,WDX460396,"Driscoll's Apples Gala Fruit, 3 lb bag","Driscoll's Apples Gala Fruit, 3 lb bag — Bananas & Everyday Fruit",Driscoll's,False,3 lb bag,Produce,Fruit,Bananas & Everyday Fruit,Produce,Fresh Fruit,Bananas & Everyday Fruit,2.47
grocery,WDX,WDX,WDX461113,"SE Grocers Quick Oats Oatmeal, 42 oz","SE Grocers Quick Oats Oatmeal, 42 oz — Oatmeal & Hot Cereal",SE Grocers,True,42 oz,Grocery,Cereal,Oatmeal & Hot Cereal,Dry Grocery,Breakfast & Cereal,Oatmeal & Hot Cereal,3.18
grocery,WDX,WDX,WDX462254,"Barilla Frosted Flakes Cereal, 12 oz","Barilla Frosted Flakes Cereal, 12 oz — Cereal",Barilla,False,12 oz,Grocery,Cereal,Cereal,Dry Grocery,Breakfast & Cereal,Cereal,3.66
grocery,WDX,WDX,WDX464016,"Horizon Goat Cheese, 8 oz","Horizon Goat Cheese, 8 oz — Specialty Cheese",Horizon,False,8 oz,Refrigerated,Dairy Cheese,Specialty Cheese,Dairy & Eggs,Cheese,Specialty Cheese,5.53
grocery,WDX,WDX,WDX465116,"SE Grocers Storage Bags Storage, gallon","SE Grocers Storage Bags Storage, gallon — Food Storage",SE Grocers,True,gallon,Household,Cleaning,Food Storage,Health & Household,Cleaning & Paper,Food Storage,3.85
grocery,WDX,WDX,WDX466300,"Perdue Sirloin Steak, per lb","Perdue Sirloin Steak, per lb — Beef Steaks",Perdue,False,per lb,Meat,Fresh Beef,Beef Steaks,Meat & Seafood,Beef,Beef Steaks,10.57
grocery,WDX,WDX,WDX466985,"Huggies Dry Dog Food Pet Food, 16 lb","Huggies Dry Dog Food Pet Food, 16 lb — Pet Food",Huggies,False,16 lb,Baby & Pet,Pet,Pet Food,Baby & Pet,Pet,Pet Food,17.86
grocery,WDX,WDX,WDX467027,"SE Grocers Mixed Berry Greek Yogurt, 5.3 oz","SE Grocers Mixed Berry Greek Yogurt, 5.3 oz — Greek Yogurt",SE Grocers,True,5.3 oz,Refrigerated,Yogurt,Greek Yogurt,Dairy & Eggs,Yogurt,Greek Yogurt,0.84
grocery,WDX,WDX,WDX468498,"Pampers Dog Treats Pet, 16 oz","Pampers Dog Treats Pet, 16 oz — Pet Treats & Supplies",Pampers,False,16 oz,Baby & Pet,Pet,Pet Treats & Supplies,Baby & Pet,Pet,Pet Treats & Supplies,5.72
grocery,WDX,WDX,WDX468506,"Barilla Green Beans Canned, 15 oz","Barilla Green Beans Canned, 15 oz — Canned Vegetables & Beans",Barilla,False,15 oz,Grocery,Canned Goods,Canned Vegetables & Beans,Dry Grocery,Canned & Packaged,Canned Vegetables & Beans,1.12
grocery,WDX,WDX,WDX469269,"SE Grocers Peach Yogurt, 6 oz","SE Grocers Peach Yogurt, 6 oz — Regular Yogurt",SE Grocers,True,6 oz,Refrigerated,Yogurt,Regular Yogurt,Dairy & Eggs,Yogurt,Regular Yogurt,0.64
grocery,WDX,WDX,WDX469793,"Barilla Alfredo Sauce, 24 oz","Barilla Alfredo Sauce, 24 oz — Pasta Sauce",Barilla,False,24 oz,Grocery,Pasta,Pasta Sauce,Dry Grocery,Pasta & Sauce,Pasta Sauce,3.08
grocery,WDX,WDX,WDX470228,"Fresh Express Navel Oranges Fruit, per lb","Fresh Express Navel Oranges Fruit, per lb — Bananas & Everyday Fruit",Fresh Express,False,per lb,Produce,Fruit,Bananas & Everyday Fruit,Produce,Fresh Fruit,Bananas & Everyday Fruit,2.67
grocery,WDX,WDX,WDX470408,"Horizon Whole Milk, 1 Gallon","Horizon Whole Milk, 1 Gallon — Whole Milk",Horizon,False,1 Gallon,Refrigerated,Milk,Whole Milk,Dairy & Eggs,Milk,Whole Milk,3.26
grocery,WDX,WDX,WDX472086,"Bounty Bar Soap Personal Care, 2-pack","Bounty Bar Soap Personal Care, 2-pack — Oral & Body Care",Bounty,False,2-pack,Household,Health & Beauty,Oral & Body Care,Health & Household,Personal Care,Oral & Body Care,4.36
grocery,WDX,WDX,WDX473061,"Barilla Corn Canned, 15 oz","Barilla Corn Canned, 15 oz — Canned Vegetables & Beans",Barilla,False,15 oz,Grocery,Canned Goods,Canned Vegetables & Beans,Dry Grocery,Canned & Packaged,Canned Vegetables & Beans,1.14
grocery,WDX,WDX,WDX473674,"Tyson Ribs Pork, per lb","Tyson Ribs Pork, per lb — Pork Cuts",Tyson,False,per lb,Meat,Pork,Pork Cuts,Meat & Seafood,Pork,Pork Cuts,4.04
grocery,WDX,WDX,WDX474621,"Bounty Conditioner Hair Care, 20 oz","Bounty Conditioner Hair Care, 20 oz — Hair Care",Bounty,False,20 oz,Household,Health & Beauty,Hair Care,Health & Household,Personal Care,Hair Care,6.43
grocery,WDX,WDX,WDX475798,"SE Grocers Granulated Sugar Baking, 4 lb","SE Grocers Granulated Sugar Baking, 4 lb — Baking Staples",SE Grocers,True,4 lb,Grocery,Baking,Baking Staples,Dry Grocery,Baking,Baking Staples,2.13
grocery,WDX,WDX,WDX476782,"Barilla Instant Oatmeal Oatmeal, 42 oz","Barilla Instant Oatmeal Oatmeal, 42 oz — Oatmeal & Hot Cereal",Barilla,False,42 oz,Grocery,Cereal,Oatmeal & Hot Cereal,Dry Grocery,Breakfast & Cereal,Oatmeal & Hot Cereal,4.29
grocery,WDX,WDX,WDX477137,"Prego Frosted Flakes Cereal, 12 oz","Prego Frosted Flakes Cereal, 12 oz — Cereal",Prego,False,12 oz,Grocery,Cereal,Cereal,Dry Grocery,Breakfast & Cereal,Cereal,4.07
grocery,WDX,WDX,WDX477975,"Fairlife Blueberry Greek Yogurt, 32 oz","Fairlife Blueberry Greek Yogurt, 32 oz — Greek Yogurt",Fairlife,False,32 oz,Refrigerated,Yogurt,Greek Yogurt,Dairy & Eggs,Yogurt,Greek Yogurt,1.32
grocery,WDX,WDX,WDX479974,"SE Grocers Chicken Noodle Soup, 10.5 oz","SE Grocers Chicken Noodle Soup, 10.5 oz — Canned Soup",SE Grocers,True,10.5 oz,Grocery,Canned Goods,Canned Soup,Dry Grocery,Canned & Packaged,Canned Soup,1.73
grocery,WDX,WDX,WDX480168,"Tide Paper Towels Paper, double roll","Tide Paper Towels Paper, double roll — Paper Products",Tide,False,double roll,Household,Cleaning,Paper Products,Health & Household,Cleaning & Paper,Paper Products,11.33
grocery,WDX,WDX,WDX481742,"Driscoll's Navel Oranges Fruit, per lb","Driscoll's Navel Oranges Fruit, per lb — Bananas & Everyday Fruit",Driscoll's,False,per lb,Produce,Fruit,Bananas & Everyday Fruit,Produce,Fresh Fruit,Bananas & Everyday Fruit,2.49
grocery,WDX,WDX,WDX481908,"SE Grocers Mustard Condiment, 20 oz","SE Grocers Mustard Condiment, 20 oz — Condiments & Dressings",SE Grocers,True,20 oz,Grocery,Condiments,Condiments & Dressings,Dry Grocery,Condiments,Condiments & Dressings,2.26
grocery,WDX,WDX,WDX481965,"Prego Corn Flakes Cereal, 18 oz","Prego Corn Flakes Cereal, 18 oz — Cereal",Prego,False,18 oz,Grocery,Cereal,Cereal,Dry Grocery,Breakfast & Cereal,Cereal,4.16
grocery,WDX,WDX,WDX482094,"SE Grocers Bath Tissue Paper, double roll","SE Grocers Bath Tissue Paper, double roll — Paper Products",SE Grocers,True,double roll,Household,Cleaning,Paper Products,Health & Household,Cleaning & Paper,Paper Products,7.87
grocery,WDX,WDX,WDX483318,"SE Grocers Drumsticks Chicken, per lb","SE Grocers Drumsticks Chicken, per lb — Chicken",SE Grocers,True,per lb,Meat,Chicken,Chicken,Meat & Seafood,Poultry,Chicken,3.63
grocery,WDX,WDX,WDX483365,"Prego Tomato Soup, 10.5 oz","Prego Tomato Soup, 10.5 oz — Canned Soup",Prego,False,10.5 oz,Grocery,Canned Goods,Canned Soup,Dry Grocery,Canned & Packaged,Canned Soup,2.07
grocery,WDX,WDX,WDX484827,"SE Grocers Chickpeas Canned, 15 oz","SE Grocers Chickpeas Canned, 15 oz — Canned Vegetables & Beans",SE Grocers,True,15 oz,Grocery,Canned Goods,Canned Vegetables & Beans,Dry Grocery,Canned & Packaged,Canned Vegetables & Beans,0.87
grocery,WDX,WDX,WDX485035,"Charmin Body Wash Personal Care, single","Charmin Body Wash Personal Care, single — Oral & Body Care",Charmin,False,single,Household,Health & Beauty,Oral & Body Care,Health & Household,Personal Care,Oral & Body Care,4.47
grocery,WDX,WDX,WDX487972,"Bounty Disinfecting Wipes Cleaner, 24 oz","Bounty Disinfecting Wipes Cleaner, 24 oz — Cleaning Supplies",Bounty,False,24 oz,Household,Cleaning,Cleaning Supplies,Health & Household,Cleaning & Paper,Cleaning Supplies,4.63
grocery,WDX,WDX,WDX488156,"Prego Alfredo Sauce, 24 oz","Prego Alfredo Sauce, 24 oz — Pasta Sauce",Prego,False,24 oz,Grocery,Pasta,Pasta Sauce,Dry Grocery,Pasta & Sauce,Pasta Sauce,3.04
grocery,WDX,WDX,WDX488569,"Perdue Bacon Bacon, 16 oz","Perdue Bacon Bacon, 16 oz — Bacon & Sausage",Perdue,False,16 oz,Meat,Pork,Bacon & Sausage,Meat & Seafood,Pork,Bacon & Sausage,5.84
grocery,WDX,WDX,WDX489512,"Fresh Express Celery Vegetables, per lb","Fresh Express Celery Vegetables, per lb — Everyday Vegetables",Fresh Express,False,per lb,Produce,Vegetables,Everyday Vegetables,Produce,Fresh Vegetables,Everyday Vegetables,2.64
grocery,WDX,WDX,WDX489822,"Tyson Ribeye Steak, per lb","Tyson Ribeye Steak, per lb — Beef Steaks",Tyson,False,per lb,Meat,Fresh Beef,Beef Steaks,Meat & Seafood,Beef,Beef Steaks,9.85
grocery,WDX,WDX,WDX490195,"Doritos Saltines Crackers, 12 oz","Doritos Saltines Crackers, 12 oz — Crackers",Doritos,False,12 oz,Snacks,Chips,Crackers,Snacks & Candy,Salty Snacks,Crackers,3.19
grocery,WDX,WDX,WDX490352,"Dole Blackberries Berries, 2 lb","Dole Blackberries Berries, 2 lb — Berries",Dole,False,2 lb,Produce,Fruit,Berries,Produce,Fresh Fruit,Berries,3.92
grocery,WDX,WDX,WDX491469,"Barilla Baking Soda Baking, 1 lb","Barilla Baking Soda Baking, 1 lb — Baking Staples",Barilla,False,1 lb,Grocery,Baking,Baking Staples,Dry Grocery,Baking,Baking Staples,3.11
grocery,WDX,WDX,WDX492614,"SE Grocers Mixed Berry Greek Yogurt, 32 oz","SE Grocers Mixed Berry Greek Yogurt, 32 oz — Greek Yogurt",SE Grocers,True,32 oz,Refrigerated,Yogurt,Greek Yogurt,Dairy & Eggs,Yogurt,Greek Yogurt,0.91
grocery,WDX,WDX,WDX493890,"Stouffer's Broccoli Frozen Vegetables, 12 oz","Stouffer's Broccoli Frozen Vegetables, 12 oz — Frozen Vegetables",Stouffer's,False,12 oz,Frozen,Frozen Veg,Frozen Vegetables,Frozen,Frozen Vegetables & Fruit,Frozen Vegetables,2.13
grocery,WDX,WDX,WDX494078,"Bounty Dish Soap Cleaner, 32 oz","Bounty Dish Soap Cleaner, 32 oz — Cleaning Supplies",Bounty,False,32 oz,Household,Cleaning,Cleaning Supplies,Health & Household,Cleaning & Paper,Cleaning Supplies,4.56
grocery,WDX,WDX,WDX494319,"Pampers Wet Cat Food Pet Food, 16 lb","Pampers Wet Cat Food Pet Food, 16 lb — Pet Food",Pampers,False,16 lb,Baby & Pet,Pet,Pet Food,Baby & Pet,Pet,Pet Food,15.84
grocery,WDX,WDX,WDX494469,"Pepsi Root Beer Soda, 2 Liter","Pepsi Root Beer Soda, 2 Liter — Soda",Pepsi,False,2 Liter,Beverages,Soda,Soda,Beverages,Soft Drinks,Soda,6.03
grocery,WDX,WDX,WDX495083,"Fresh Express Yellow Onions Vegetables, 2 lb bag","Fresh Express Yellow Onions Vegetables, 2 lb bag — Everyday Vegetables",Fresh Express,False,2 lb bag,Produce,Vegetables,Everyday Vegetables,Produce,Fresh Vegetables,Everyday Vegetables,2.59
grocery,WDX,WDX,WDX495295,"Nature's Own Wheat Bread, 20 oz loaf","Nature's Own Wheat Bread, 20 oz loaf — Sandwich Bread",Nature's Own,False,20 oz loaf,Bakery,Bread,Sandwich Bread,Bakery,Bread,Sandwich Bread,2.42
grocery,WDX,WDX,WDX496384,"Barilla White Rice Rice, 2 lb","Barilla White Rice Rice, 2 lb — Rice & Grains",Barilla,False,2 lb,Grocery,Rice & Beans,Rice & Grains,Dry Grocery,Rice & Grains,Rice & Grains,3.0
grocery,WDX,WDX,WDX497764,"SE Grocers Kettle Chips Chips, 13 oz","SE Grocers Kettle Chips Chips, 13 oz — Potato & Tortilla Chips",SE Grocers,True,13 oz,Snacks,Chips,Potato & Tortilla Chips,Snacks & Candy,Salty Snacks,Potato & Tortilla Chips,3.25
grocery,WDX,WDX,WDX498783,"SE Grocers Lemonade Tea, gallon","SE Grocers Lemonade Tea, gallon — Tea & Mixers",SE Grocers,True,gallon,Beverages,Juice,Tea & Mixers,Beverages,Juice & Tea,Tea & Mixers,2.74
grocery,WDX,WDX,WDX499097,"Doritos Sandwich Cookies Cookies, 13 oz","Doritos Sandwich Cookies Cookies, 13 oz — Cookies",Doritos,False,13 oz,Snacks,Candy,Cookies,Snacks & Candy,Cookies & Candy,Cookies,3.64
grocery,WDX,WDX,WDX499243,"Horizon Unsalted Butter, 16 oz","Horizon Unsalted Butter, 16 oz — Butter",Horizon,False,16 oz,Refrigerated,Butter,Butter,Dairy & Eggs,Butter & Margarine,Butter,3.79
grocery,WDX,WDX,WDX499512,"Dole Apples Gala Fruit, per lb","Dole Apples Gala Fruit, per lb — Bananas & Everyday Fruit",Dole,False,per lb,Produce,Fruit,Bananas & Everyday Fruit,Produce,Fresh Fruit,Bananas & Everyday Fruit,2.24
grocery,WDX,WDX,WDX500270,"SE Grocers Ranch Dressing Condiment, 16 oz","SE Grocers Ranch Dressing Condiment, 16 oz — Condiments & Dressings",SE Grocers,True,16 oz,Grocery,Condiments,Condiments & Dressings,Dry Grocery,Condiments,Condiments & Dressings,2.44
grocery,WDX,WDX,WDX500999,"SE Grocers Salted Butter, 16 oz","SE Grocers Salted Butter, 16 oz — Butter",SE Grocers,True,16 oz,Refrigerated,Butter,Butter,Dairy & Eggs,Butter & Margarine,Butter,3.01
grocery,WDX,WDX,WDX501031,"Barilla Lasagna Pasta, 16 oz","Barilla Lasagna Pasta, 16 oz — Pasta",Barilla,False,16 oz,Grocery,Pasta,Pasta,Dry Grocery,Pasta & Sauce,Pasta,1.71
grocery,WDX,WDX,WDX501604,"SE Grocers Probiotic Vitamins, 100 ct","SE Grocers Probiotic Vitamins, 100 ct — Vitamins & Wellness",SE Grocers,True,100 ct,Household,Health & Beauty,Vitamins & Wellness,Health & Household,Personal Care,Vitamins & Wellness,6.52
grocery,WDX,WDX,WDX501993,"Sara Lee Hamburger Buns Rolls, 8 ct","Sara Lee Hamburger Buns Rolls, 8 ct — Buns & Rolls",Sara Lee,False,8 ct,Bakery,Bread,Buns & Rolls,Bakery,Bread,Buns & Rolls,2.69
grocery,WDX,WDX,WDX504367,"SE Grocers Plastic Wrap Storage, gallon","SE Grocers Plastic Wrap Storage, gallon — Food Storage",SE Grocers,True,gallon,Household,Cleaning,Food Storage,Health & Household,Cleaning & Paper,Food Storage,4.14
grocery,WDX,WDX,WDX505918,"Thomas' White Bread, 20 oz loaf","Thomas' White Bread, 20 oz loaf — Sandwich Bread",Thomas',False,20 oz loaf,Bakery,Bread,Sandwich Bread,Bakery,Bread,Sandwich Bread,2.95
grocery,WDX,WDX,WDX507169,"SE Grocers Old Fashioned Oats Oatmeal, 18 oz","SE Grocers Old Fashioned Oats Oatmeal, 18 oz — Oatmeal & Hot Cereal",SE Grocers,True,18 oz,Grocery,Cereal,Oatmeal & Hot Cereal,Dry Grocery,Breakfast & Cereal,Oatmeal & Hot Cereal,3.07
grocery,WDX,WDX,WDX509165,"Fairlife Large Grade A Eggs, Dozen","Fairlife Large Grade A Eggs, Dozen — Grade A Eggs",Fairlife,False,Dozen,Refrigerated,Eggs,Grade A Eggs,Dairy & Eggs,Eggs,Grade A Eggs,3.13
grocery,WDX,WDX,WDX509791,"SE Grocers Brown Rice Rice, 5 lb","SE Grocers Brown Rice Rice, 5 lb — Rice & Grains",SE Grocers,True,5 lb,Grocery,Rice & Beans,Rice & Grains,Dry Grocery,Rice & Grains,Rice & Grains,2.47
grocery,WDX,WDX,WDX511906,"SE Grocers Ribeye Steak, per lb","SE Grocers Ribeye Steak, per lb — Beef Steaks",SE Grocers,True,per lb,Meat,Fresh Beef,Beef Steaks,Meat & Seafood,Beef,Beef Steaks,8.3
grocery,WDX,WDX,WDX512038,"SE Grocers Peach Yogurt, 32 oz","SE Grocers Peach Yogurt, 32 oz — Regular Yogurt",SE Grocers,True,32 oz,Refrigerated,Yogurt,Regular Yogurt,Dairy & Eggs,Yogurt,Regular Yogurt,0.6
grocery,WDX,WDX,WDX512907,"DiGiorno Lasagna Frozen Meal, 10 oz","DiGiorno Lasagna Frozen Meal, 10 oz — Frozen Entrees",DiGiorno,False,10 oz,Frozen,Frozen Dinners,Frozen Entrees,Frozen,Frozen Meals,Frozen Entrees,4.1
grocery,WDX,WDX,WDX512928,"Coca-Cola Purified Water Water, 35-pack","Coca-Cola Purified Water Water, 35-pack — Water",Coca-Cola,False,35-pack,Beverages,Water,Water,Beverages,Water & Sports,Water,4.5
grocery,WDX,WDX,WDX513724,"SE Grocers Lasagna Pasta, 16 oz","SE Grocers Lasagna Pasta, 16 oz — Pasta",SE Grocers,True,16 oz,Grocery,Pasta,Pasta,Dry Grocery,Pasta & Sauce,Pasta,1.36
grocery,WDX,WDX,WDX515340,"Prego Toasted Oats Cereal, 12 oz","Prego Toasted Oats Cereal, 12 oz — Cereal",Prego,False,12 oz,Grocery,Cereal,Cereal,Dry Grocery,Breakfast & Cereal,Cereal,3.86
grocery,WDX,WDX,WDX516330,"SE Grocers Olive Oil Spread, 15 oz","SE Grocers Olive Oil Spread, 15 oz — Margarine & Spreads",SE Grocers,True,15 oz,Refrigerated,Butter,Margarine & Spreads,Dairy & Eggs,Butter & Margarine,Margarine & Spreads,2.34
grocery,WDX,WDX,WDX517308,"Fresh Express Blueberries Berries, 1 pint","Fresh Express Blueberries Berries, 1 pint — Berries",Fresh Express,False,1 pint,Produce,Fruit,Berries,Produce,Fresh Fruit,Berries,4.56
grocery,WDX,WDX,WDX517808,"SE Grocers Mexican Blend Shredded Cheese, 8 oz","SE Grocers Mexican Blend Shredded Cheese, 8 oz — Shredded Cheese",SE Grocers,True,8 oz,Refrigerated,Dairy Cheese,Shredded Cheese,Dairy & Eggs,Cheese,Shredded Cheese,2.68
grocery,WDX,WDX,WDX518033,"Driscoll's Yellow Onions Vegetables, per lb","Driscoll's Yellow Onions Vegetables, per lb — Everyday Vegetables",Driscoll's,False,per lb,Produce,Vegetables,Everyday Vegetables,Produce,Fresh Vegetables,Everyday Vegetables,2.17
grocery,WDX,WDX,WDX519973,"Stouffer's Corn Frozen Vegetables, 16 oz","Stouffer's Corn Frozen Vegetables, 16 oz — Frozen Vegetables",Stouffer's,False,16 oz,Frozen,Frozen Veg,Frozen Vegetables,Frozen,Frozen Vegetables & Fruit,Frozen Vegetables,2.31
grocery,WDX,WDX,WDX520426,"Tyson Ham Lunch Meat, 9 oz","Tyson Ham Lunch Meat, 9 oz — Lunch Meat",Tyson,False,9 oz,Meat,Deli,Lunch Meat,Meat & Seafood,Deli,Lunch Meat,4.63
grocery,WDX,WDX,WDX522396,"SE Grocers Penne Pasta, 16 oz","SE Grocers Penne Pasta, 16 oz — Pasta",SE Grocers,True,16 oz,Grocery,Pasta,Pasta,Dry Grocery,Pasta & Sauce,Pasta,1.34
grocery,WDX,WDX,WDX523170,"DiGiorno Broccoli Frozen Vegetables, 12 oz","DiGiorno Broccoli Frozen Vegetables, 12 oz — Frozen Vegetables",DiGiorno,False,12 oz,Frozen,Frozen Veg,Frozen Vegetables,Frozen,Frozen Vegetables & Fruit,Frozen Vegetables,2.27
grocery,WDX,WDX,WDX523227,"SE Grocers Elbow Macaroni Pasta, 16 oz","SE Grocers Elbow Macaroni Pasta, 16 oz — Pasta",SE Grocers,True,16 oz,Grocery,Pasta,Pasta,Dry Grocery,Pasta & Sauce,Pasta,1.45
grocery,WDX,WDX,WDX524119,"SE Grocers Medium Salsa Salsa, 16 oz","SE Grocers Medium Salsa Salsa, 16 oz — Salsa & Dips",SE Grocers,True,16 oz,Snacks,Chips,Salsa & Dips,Snacks & Candy,Salty Snacks,Salsa & Dips,2.82
grocery,WDX,WDX,WDX524615,"Tide Body Wash Personal Care, single","Tide Body Wash Personal Care, single — Oral & Body Care",Tide,False,single,Household,Health & Beauty,Oral & Body Care,Health & Household,Personal Care,Oral & Body Care,3.55
grocery,WDX,WDX,WDX524631,"Pampers Cat Litter Pet, 20 lb","Pampers Cat Litter Pet, 20 lb — Pet Treats & Supplies",Pampers,False,20 lb,Baby & Pet,Pet,Pet Treats & Supplies,Baby & Pet,Pet,Pet Treats & Supplies,6.54
grocery,WDX,WDX,WDX524947,"Bounty Bleach Cleaner, 32 oz","Bounty Bleach Cleaner, 32 oz — Cleaning Supplies",Bounty,False,32 oz,Household,Cleaning,Cleaning Supplies,Health & Household,Cleaning & Paper,Cleaning Supplies,5.02
grocery,WDX,WDX,WDX524980,"SE Grocers Whole Milk, 1 Gallon","SE Grocers Whole Milk, 1 Gallon — Whole Milk",SE Grocers,True,1 Gallon,Refrigerated,Milk,Whole Milk,Dairy & Eggs,Milk,Whole Milk,2.8
grocery,WDX,WDX,WDX526576,"SE Grocers Chocolate Chip Cookies, 18 oz","SE Grocers Chocolate Chip Cookies, 18 oz — Cookies",SE Grocers,True,18 oz,Snacks,Candy,Cookies,Snacks & Candy,Cookies & Candy,Cookies,2.96
grocery,WDX,WDX,WDX528530,"Pepperidge Farm Honey Wheat Bread, 20 oz loaf","Pepperidge Farm Honey Wheat Bread, 20 oz loaf — Sandwich Bread",Pepperidge Farm,False,20 oz loaf,Bakery,Bread,Sandwich Bread,Bakery,Bread,Sandwich Bread,2.83
grocery,WDX,WDX,WDX529521,"SE Grocers Purified Water Water, 35-pack","SE Grocers Purified Water Water, 35-pack — Water",SE Grocers,True,35-pack,Beverages,Water,Water,Beverages,Water & Sports,Water,3.46
grocery,WDX,WDX,WDX531540,"SE Grocers Whole Milk, Half Gallon","SE Grocers Whole Milk, Half Gallon — Whole Milk",SE Grocers,True,Half Gallon,Refrigerated,Milk,Whole Milk,Dairy & Eggs,Milk,Whole Milk,2.49
grocery,WDX,WDX,WDX531844,"SE Grocers Frosted Flakes Cereal, 18 oz","SE Grocers Frosted Flakes Cereal, 18 oz — Cereal",SE Grocers,True,18 oz,Grocery,Cereal,Cereal,Dry Grocery,Breakfast & Cereal,Cereal,3.11
grocery,WDX,WDX,WDX533063,"Fairlife Blueberry Greek Yogurt, 5.3 oz","Fairlife Blueberry Greek Yogurt, 5.3 oz — Greek Yogurt",Fairlife,False,5.3 oz,Refrigerated,Yogurt,Greek Yogurt,Dairy & Eggs,Yogurt,Greek Yogurt,1.2
grocery,WDX,WDX,WDX534121,"Driscoll's Yellow Onions Vegetables, 2 lb bag","Driscoll's Yellow Onions Vegetables, 2 lb bag — Everyday Vegetables",Driscoll's,False,2 lb bag,Produce,Vegetables,Everyday Vegetables,Produce,Fresh Vegetables,Everyday Vegetables,2.34
grocery,WDX,WDX,WDX534312,"SE Grocers Ginger Ale Soda, 12-pack cans","SE Grocers Ginger Ale Soda, 12-pack cans — Soda",SE Grocers,True,12-pack cans,Beverages,Soda,Soda,Beverages,Soft Drinks,Soda,4.31
grocery,WDX,WDX,WDX535123,"Barilla Tomato Basil Sauce, 24 oz","Barilla Tomato Basil Sauce, 24 oz — Pasta Sauce",Barilla,False,24 oz,Grocery,Pasta,Pasta Sauce,Dry Grocery,Pasta & Sauce,Pasta Sauce,3.07
grocery,WDX,WDX,WDX535606,"Pepperidge Farm Hot Dog Buns Rolls, 8 ct","Pepperidge Farm Hot Dog Buns Rolls, 8 ct — Buns & Rolls",Pepperidge Farm,False,8 ct,Bakery,Bread,Buns & Rolls,Bakery,Bread,Buns & Rolls,2.95
grocery,WDX,WDX,WDX536086,"Dole Celery Vegetables, 2 lb bag","Dole Celery Vegetables, 2 lb bag — Everyday Vegetables",Dole,False,2 lb bag,Produce,Vegetables,Everyday Vegetables,Produce,Fresh Vegetables,Everyday Vegetables,2.28
grocery,WDX,WDX,WDX536148,"Organic Valley Brie Cheese, 6 oz","Organic Valley Brie Cheese, 6 oz — Specialty Cheese",Organic Valley,False,6 oz,Refrigerated,Dairy Cheese,Specialty Cheese,Dairy & Eggs,Cheese,Specialty Cheese,6.07
grocery,WDX,WDX,WDX536926,"SE Grocers Lasagna Frozen Meal, family size","SE Grocers Lasagna Frozen Meal, family size — Frozen Entrees",SE Grocers,True,family size,Frozen,Frozen Dinners,Frozen Entrees,Frozen,Frozen Meals,Frozen Entrees,3.34
grocery,WDX,WDX,WDX538752,"Bounty Liquid Detergent Laundry, 92 oz","Bounty Liquid Detergent Laundry, 92 oz — Laundry",Bounty,False,92 oz,Household,Cleaning,Laundry,Health & Household,Cleaning & Paper,Laundry,12.0
grocery,WDX,WDX,WDX540092,"Fairlife Italian Blend Shredded Cheese, 8 oz","Fairlife Italian Blend Shredded Cheese, 8 oz — Shredded Cheese",Fairlife,False,8 oz,Refrigerated,Dairy Cheese,Shredded Cheese,Dairy & Eggs,Cheese,Shredded Cheese,4.05
grocery,WDX,WDX,WDX540570,"SE Grocers Root Beer Soda, 12-pack cans","SE Grocers Root Beer Soda, 12-pack cans — Soda",SE Grocers,True,12-pack cans,Beverages,Soda,Soda,Beverages,Soft Drinks,Soda,4.32
grocery,WDX,WDX,WDX541754,"Pampers Baby Wipes Baby, box","Pampers Baby Wipes Baby, box — Diapers & Wipes",Pampers,False,box,Baby & Pet,Baby,Diapers & Wipes,Baby & Pet,Baby,Diapers & Wipes,24.67
grocery,WDX,WDX,WDX542517,"SE Grocers Romaine Salad, 12 oz","SE Grocers Romaine Salad, 12 oz — Salad & Greens",SE Grocers,True,12 oz,Produce,Vegetables,Salad & Greens,Produce,Fresh Vegetables,Salad & Greens,2.69
grocery,WDX,WDX,WDX542970,"Driscoll's Caesar Kit Salad, 12 oz","Driscoll's Caesar Kit Salad, 12 oz — Salad & Greens",Driscoll's,False,12 oz,Produce,Vegetables,Salad & Greens,Produce,Fresh Vegetables,Salad & Greens,3.91
grocery,WDX,WDX,WDX544247,"Fairlife Strawberry Yogurt, 6 oz","Fairlife Strawberry Yogurt, 6 oz — Regular Yogurt",Fairlife,False,6 oz,Refrigerated,Yogurt,Regular Yogurt,Dairy & Eggs,Yogurt,Regular Yogurt,0.83
grocery,WDX,WDX,WDX545059,"SE Grocers Stir Fry Blend Frozen Vegetables, 12 oz","SE Grocers Stir Fry Blend Frozen Vegetables, 12 oz — Frozen Vegetables",SE Grocers,True,12 oz,Frozen,Frozen Veg,Frozen Vegetables,Frozen,Frozen Vegetables & Fruit,Frozen Vegetables,1.71
grocery,WDX,WDX,WDX548565,"SE Grocers Plastic Wrap Storage, 13 gal","SE Grocers Plastic Wrap Storage, 13 gal — Food Storage",SE Grocers,True,13 gal,Household,Cleaning,Food Storage,Health & Household,Cleaning & Paper,Food Storage,4.44
grocery,WDX,WDX,WDX549432,"SE Grocers Wet Cat Food Pet Food, 3.5 lb","SE Grocers Wet Cat Food Pet Food, 3.5 lb — Pet Food",SE Grocers,True,3.5 lb,Baby & Pet,Pet,Pet Food,Baby & Pet,Pet,Pet Food,13.21
grocery,WDX,WDX,WDX549916,"Lay's Tortilla Chips Chips, 13 oz","Lay's Tortilla Chips Chips, 13 oz — Potato & Tortilla Chips",Lay's,False,13 oz,Snacks,Chips,Potato & Tortilla Chips,Snacks & Candy,Salty Snacks,Potato & Tortilla Chips,3.86
grocery,WDX,WDX,WDX551157,"SE Grocers Baby Cereal Baby Food, 12 oz","SE Grocers Baby Cereal Baby Food, 12 oz — Formula & Baby Food",SE Grocers,True,12 oz,Baby & Pet,Baby,Formula & Baby Food,Baby & Pet,Baby,Formula & Baby Food,10.31
grocery,WDX,WDX,WDX553010,"SE Grocers Cage-Free Large Eggs, Dozen","SE Grocers Cage-Free Large Eggs, Dozen — Grade A Eggs",SE Grocers,True,Dozen,Refrigerated,Eggs,Grade A Eggs,Dairy & Eggs,Eggs,Grade A Eggs,2.41
grocery,WDX,WDX,WDX553244,"Prego Chicken Noodle Soup, 18 oz","Prego Chicken Noodle Soup, 18 oz — Canned Soup",Prego,False,18 oz,Grocery,Canned Goods,Canned Soup,Dry Grocery,Canned & Packaged,Canned Soup,2.2
grocery,WDX,WDX,WDX554348,"SE Grocers Mouthwash Personal Care, 2-pack","SE Grocers Mouthwash Personal Care, 2-pack — Oral & Body Care",SE Grocers,True,2-pack,Household,Health & Beauty,Oral & Body Care,Health & Household,Personal Care,Oral & Body Care,3.03
grocery,WDX,WDX,WDX555522,"SE Grocers Hot Dog Buns Rolls, 8 ct","SE Grocers Hot Dog Buns Rolls, 8 ct — Buns & Rolls",SE Grocers,True,8 ct,Bakery,Bread,Buns & Rolls,Bakery,Bread,Buns & Rolls,2.22
grocery,WDX,WDX,WDX555618,"SE Grocers Corn Flakes Cereal, 12 oz","SE Grocers Corn Flakes Cereal, 12 oz — Cereal",SE Grocers,True,12 oz,Grocery,Cereal,Cereal,Dry Grocery,Breakfast & Cereal,Cereal,3.12
grocery,WDX,WDX,WDX555775,"Pepperidge Farm White Bread, 20 oz loaf","Pepperidge Farm White Bread, 20 oz loaf — Sandwich Bread",Pepperidge Farm,False,20 oz loaf,Bakery,Bread,Sandwich Bread,Bakery,Bread,Sandwich Bread,2.75
grocery,WDX,WDX,WDX556408,"Pampers Wet Dog Food Pet Food, 3.5 lb","Pampers Wet Dog Food Pet Food, 3.5 lb — Pet Food",Pampers,False,3.5 lb,Baby & Pet,Pet,Pet Food,Baby & Pet,Pet,Pet Food,16.91
grocery,WDX,WDX,WDX557555,"Tostitos Potato Chips Chips, 13 oz","Tostitos Potato Chips Chips, 13 oz — Potato & Tortilla Chips",Tostitos,False,13 oz,Snacks,Chips,Potato & Tortilla Chips,Snacks & Candy,Salty Snacks,Potato & Tortilla Chips,4.57
grocery,WDX,WDX,WDX558075,"Lay's Mild Salsa Salsa, 16 oz","Lay's Mild Salsa Salsa, 16 oz — Salsa & Dips",Lay's,False,16 oz,Snacks,Chips,Salsa & Dips,Snacks & Candy,Salty Snacks,Salsa & Dips,3.26
grocery,WDX,WDX,WDX558178,"Coca-Cola Root Beer Soda, 12-pack cans","Coca-Cola Root Beer Soda, 12-pack cans — Soda",Coca-Cola,False,12-pack cans,Beverages,Soda,Soda,Beverages,Soft Drinks,Soda,5.08
grocery,WDX,WDX,WDX558726,"SE Grocers Instant Oatmeal Oatmeal, 18 oz","SE Grocers Instant Oatmeal Oatmeal, 18 oz — Oatmeal & Hot Cereal",SE Grocers,True,18 oz,Grocery,Cereal,Oatmeal & Hot Cereal,Dry Grocery,Breakfast & Cereal,Oatmeal & Hot Cereal,3.09
grocery,WDX,WDX,WDX559917,"Pepsi Lemon-Lime Soda, 2 Liter","Pepsi Lemon-Lime Soda, 2 Liter — Soda",Pepsi,False,2 Liter,Beverages,Soda,Soda,Beverages,Soft Drinks,Soda,5.94
grocery,WDX,WDX,WDX561664,"Horizon Vitamin D Whole Milk, Half Gallon","Horizon Vitamin D Whole Milk, Half Gallon — Whole Milk",Horizon,False,Half Gallon,Refrigerated,Milk,Whole Milk,Dairy & Eggs,Milk,Whole Milk,3.27
grocery,WDX,WDX,WDX562002,"Charmin 2-in-1 Hair Care, 12 oz","Charmin 2-in-1 Hair Care, 12 oz — Hair Care",Charmin,False,12 oz,Household,Health & Beauty,Hair Care,Health & Household,Personal Care,Hair Care,6.65
grocery,WDX,WDX,WDX562363,"SE Grocers Cheddar Shredded Cheese, 8 oz","SE Grocers Cheddar Shredded Cheese, 8 oz — Shredded Cheese",SE Grocers,True,8 oz,Refrigerated,Dairy Cheese,Shredded Cheese,Dairy & Eggs,Cheese,Shredded Cheese,2.98
grocery,WDX,WDX,WDX562587,"Tyson Italian Sausage Bacon, 12 oz","Tyson Italian Sausage Bacon, 12 oz — Bacon & Sausage",Tyson,False,12 oz,Meat,Pork,Bacon & Sausage,Meat & Seafood,Pork,Bacon & Sausage,5.2
grocery,WDX,WDX,WDX562847,"SE Grocers All-Purpose Flour Baking, 4 lb","SE Grocers All-Purpose Flour Baking, 4 lb — Baking Staples",SE Grocers,True,4 lb,Grocery,Baking,Baking Staples,Dry Grocery,Baking,Baking Staples,2.07
grocery,WDX,WDX,WDX563961,"SE Grocers Orange Juice Juice, 52 oz","SE Grocers Orange Juice Juice, 52 oz — Juice",SE Grocers,True,52 oz,Beverages,Juice,Juice,Beverages,Juice & Tea,Juice,3.29
grocery,WDX,WDX,WDX564644,"Huggies Dog Treats Pet, 20 lb","Huggies Dog Treats Pet, 20 lb — Pet Treats & Supplies",Huggies,False,20 lb,Baby & Pet,Pet,Pet Treats & Supplies,Baby & Pet,Pet,Pet Treats & Supplies,6.73
grocery,WDX,WDX,WDX566196,"Driscoll's Carrots Vegetables, per lb","Driscoll's Carrots Vegetables, per lb — Everyday Vegetables",Driscoll's,False,per lb,Produce,Vegetables,Everyday Vegetables,Produce,Fresh Vegetables,Everyday Vegetables,2.17
grocery,WDX,WDX,WDX567299,"SE Grocers Green Beans Canned, 15 oz","SE Grocers Green Beans Canned, 15 oz — Canned Vegetables & Beans",SE Grocers,True,15 oz,Grocery,Canned Goods,Canned Vegetables & Beans,Dry Grocery,Canned & Packaged,Canned Vegetables & Beans,0.89
grocery,WDX,WDX,WDX567308,"SE Grocers Strawberry Greek Yogurt, 5.3 oz","SE Grocers Strawberry Greek Yogurt, 5.3 oz — Greek Yogurt",SE Grocers,True,5.3 oz,Refrigerated,Yogurt,Greek Yogurt,Dairy & Eggs,Yogurt,Greek Yogurt,0.82
grocery,WDX,WDX,WDX567613,"Barilla Corn Flakes Cereal, 12 oz","Barilla Corn Flakes Cereal, 12 oz — Cereal",Barilla,False,12 oz,Grocery,Cereal,Cereal,Dry Grocery,Breakfast & Cereal,Cereal,3.63
grocery,WDX,WDX,WDX568021,"Progresso Meat Sauce Sauce, 24 oz","Progresso Meat Sauce Sauce, 24 oz — Pasta Sauce",Progresso,False,24 oz,Grocery,Pasta,Pasta Sauce,Dry Grocery,Pasta & Sauce,Pasta Sauce,3.33
grocery,WDX,WDX,WDX568323,"SE Grocers Instant Oatmeal Oatmeal, 42 oz","SE Grocers Instant Oatmeal Oatmeal, 42 oz — Oatmeal & Hot Cereal",SE Grocers,True,42 oz,Grocery,Cereal,Oatmeal & Hot Cereal,Dry Grocery,Breakfast & Cereal,Oatmeal & Hot Cereal,3.47
grocery,WDX,WDX,WDX568919,"SE Grocers Trash Bags Storage, gallon","SE Grocers Trash Bags Storage, gallon — Food Storage",SE Grocers,True,gallon,Household,Cleaning,Food Storage,Health & Household,Cleaning & Paper,Food Storage,3.73
grocery,WDX,WDX,WDX573292,"SE Grocers Vitamin D Whole Milk, 1 Gallon","SE Grocers Vitamin D Whole Milk, 1 Gallon — Whole Milk",SE Grocers,True,1 Gallon,Refrigerated,Milk,Whole Milk,Dairy & Eggs,Milk,Whole Milk,2.77
grocery,WDX,WDX,WDX574581,"Perdue 80/20 Ground Ground Beef, 3 lb","Perdue 80/20 Ground Ground Beef, 3 lb — Ground Beef",Perdue,False,3 lb,Meat,Fresh Beef,Ground Beef,Meat & Seafood,Beef,Ground Beef,5.84
grocery,WDX,WDX,WDX575678,"Driscoll's Spring Mix Salad, 12 oz","Driscoll's Spring Mix Salad, 12 oz — Salad & Greens",Driscoll's,False,12 oz,Produce,Vegetables,Salad & Greens,Produce,Fresh Vegetables,Salad & Greens,3.67
grocery,WDX,WDX,WDX576107,"SE Grocers Bananas Fruit, per lb","SE Grocers Bananas Fruit, per lb — Bananas & Everyday Fruit",SE Grocers,True,per lb,Produce,Fruit,Bananas & Everyday Fruit,Produce,Fresh Fruit,Bananas & Everyday Fruit,1.8
grocery,WDX,WDX,WDX577290,"SE Grocers Brown Sugar Baking, 2 lb","SE Grocers Brown Sugar Baking, 2 lb — Baking Staples",SE Grocers,True,2 lb,Grocery,Baking,Baking Staples,Dry Grocery,Baking,Baking Staples,2.24
grocery,WDX,WDX,WDX577469,"Doritos Fun Size Mix Candy, 18 oz","Doritos Fun Size Mix Candy, 18 oz — Candy & Chocolate",Doritos,False,18 oz,Snacks,Candy,Candy & Chocolate,Snacks & Candy,Cookies & Candy,Candy & Chocolate,3.46
grocery,WDX,WDX,WDX577482,"Progresso Elbow Macaroni Pasta, 16 oz","Progresso Elbow Macaroni Pasta, 16 oz — Pasta",Progresso,False,16 oz,Grocery,Pasta,Pasta,Dry Grocery,Pasta & Sauce,Pasta,1.94
grocery,WDX,WDX,WDX579329,"SE Grocers Extra Large Grade A Eggs, 18 ct","SE Grocers Extra Large Grade A Eggs, 18 ct — Grade A Eggs",SE Grocers,True,18 ct,Refrigerated,Eggs,Grade A Eggs,Dairy & Eggs,Eggs,Grade A Eggs,2.5
grocery,WDX,WDX,WDX579609,"SE Grocers Extra Large Grade A Eggs, 18 ct","SE Grocers Extra Large Grade A Eggs, 18 ct — Grade A Eggs",SE Grocers,True,18 ct,Refrigerated,Eggs,Grade A Eggs,Dairy & Eggs,Eggs,Grade A Eggs,2.27
grocery,WDX,WDX,WDX579663,"SE Grocers Brown Rice Rice, 5 lb","SE Grocers Brown Rice Rice, 5 lb — Rice & Grains",SE Grocers,True,5 lb,Grocery,Rice & Beans,Rice & Grains,Dry Grocery,Rice & Grains,Rice & Grains,2.27
grocery,WDX,WDX,WDX580687,"SE Grocers Wheat Bread, 20 oz loaf","SE Grocers Wheat Bread, 20 oz loaf — Sandwich Bread",SE Grocers,True,20 oz loaf,Bakery,Bread,Sandwich Bread,Bakery,Bread,Sandwich Bread,2.26
grocery,WDX,WDX,WDX581227,"Barilla Brown Sugar Baking, 1 lb","Barilla Brown Sugar Baking, 1 lb — Baking Staples",Barilla,False,1 lb,Grocery,Baking,Baking Staples,Dry Grocery,Baking,Baking Staples,3.28
grocery,WDX,WDX,WDX582933,"Tide Disinfecting Wipes Cleaner, 24 oz","Tide Disinfecting Wipes Cleaner, 24 oz — Cleaning Supplies",Tide,False,24 oz,Household,Cleaning,Cleaning Supplies,Health & Household,Cleaning & Paper,Cleaning Supplies,4.19
grocery,WDX,WDX,WDX583280,"Tide Shampoo Hair Care, 20 oz","Tide Shampoo Hair Care, 20 oz — Hair Care",Tide,False,20 oz,Household,Health & Beauty,Hair Care,Health & Household,Personal Care,Hair Care,5.66
grocery,WDX,WDX,WDX583837,"Tostitos Ruffles Chips, 8 oz","Tostitos Ruffles Chips, 8 oz — Potato & Tortilla Chips",Tostitos,False,8 oz,Snacks,Chips,Potato & Tortilla Chips,Snacks & Candy,Salty Snacks,Potato & Tortilla Chips,4.75
grocery,WDX,WDX,WDX584131,"Prego Dark Roast Coffee, 12 oz","Prego Dark Roast Coffee, 12 oz — Coffee",Prego,False,12 oz,Grocery,Coffee,Coffee,Dry Grocery,Coffee & Tea,Coffee,8.29
grocery,WDX,WDX,WDX584724,"DiGiorno Supreme Pizza, single","DiGiorno Supreme Pizza, single — Frozen Pizza",DiGiorno,False,single,Frozen,Frozen Dinners,Frozen Pizza,Frozen,Frozen Meals,Frozen Pizza,6.4
grocery,WDX,WDX,WDX586196,"Barilla Toasted Oats Cereal, 12 oz","Barilla Toasted Oats Cereal, 12 oz — Cereal",Barilla,False,12 oz,Grocery,Cereal,Cereal,Dry Grocery,Breakfast & Cereal,Cereal,3.45
grocery,WDX,WDX,WDX587118,"Huggies Baby Cereal Baby Food, 4-pack","Huggies Baby Cereal Baby Food, 4-pack — Formula & Baby Food",Huggies,False,4-pack,Baby & Pet,Baby,Formula & Baby Food,Baby & Pet,Baby,Formula & Baby Food,15.99
grocery,WDX,WDX,WDX587188,"SE Grocers Whole Chicken Chicken, per lb","SE Grocers Whole Chicken Chicken, per lb — Chicken",SE Grocers,True,per lb,Meat,Chicken,Chicken,Meat & Seafood,Poultry,Chicken,3.48
grocery,WDX,WDX,WDX587337,"SE Grocers Almonds Nuts, 10 oz","SE Grocers Almonds Nuts, 10 oz — Nuts & Trail Mix",SE Grocers,True,10 oz,Snacks,Chips,Nuts & Trail Mix,Snacks & Candy,Salty Snacks,Nuts & Trail Mix,4.7
grocery,WDX,WDX,WDX587416,"Doritos Chocolate Chip Cookies, 18 oz","Doritos Chocolate Chip Cookies, 18 oz — Cookies",Doritos,False,18 oz,Snacks,Candy,Cookies,Snacks & Candy,Cookies & Candy,Cookies,3.63
grocery,WDX,WDX,WDX589394,"SE Grocers Grapes Fruit, 3 lb bag","SE Grocers Grapes Fruit, 3 lb bag — Bananas & Everyday Fruit",SE Grocers,True,3 lb bag,Produce,Fruit,Bananas & Everyday Fruit,Produce,Fresh Fruit,Bananas & Everyday Fruit,1.82
grocery,WDX,WDX,WDX590189,"Lay's Sandwich Cookies Cookies, 18 oz","Lay's Sandwich Cookies Cookies, 18 oz — Cookies",Lay's,False,18 oz,Snacks,Candy,Cookies,Snacks & Candy,Cookies & Candy,Cookies,3.51
grocery,WDX,WDX,WDX590678,"Pepsi Root Beer Soda, 12-pack cans","Pepsi Root Beer Soda, 12-pack cans — Soda",Pepsi,False,12-pack cans,Beverages,Soda,Soda,Beverages,Soft Drinks,Soda,5.56
grocery,WDX,WDX,WDX590933,"SE Grocers Roast Beef Lunch Meat, 9 oz","SE Grocers Roast Beef Lunch Meat, 9 oz — Lunch Meat",SE Grocers,True,9 oz,Meat,Deli,Lunch Meat,Meat & Seafood,Deli,Lunch Meat,3.85
grocery,WDX,WDX,WDX591696,"SE Grocers Purified Water Water, 24-pack","SE Grocers Purified Water Water, 24-pack — Water",SE Grocers,True,24-pack,Beverages,Water,Water,Beverages,Water & Sports,Water,3.62
grocery,WDX,WDX,WDX591939,"SE Grocers Extra Large Grade A Eggs, Dozen","SE Grocers Extra Large Grade A Eggs, Dozen — Grade A Eggs",SE Grocers,True,Dozen,Refrigerated,Eggs,Grade A Eggs,Dairy & Eggs,Eggs,Grade A Eggs,2.4
grocery,WDX,WDX,WDX592253,"SE Grocers Salted Butter, 16 oz","SE Grocers Salted Butter, 16 oz — Butter",SE Grocers,True,16 oz,Refrigerated,Butter,Butter,Dairy & Eggs,Butter & Margarine,Butter,3.39
grocery,WDX,WDX,WDX597464,"Perdue 93/7 Lean Ground Ground Beef, 1 lb","Perdue 93/7 Lean Ground Ground Beef, 1 lb — Ground Beef",Perdue,False,1 lb,Meat,Fresh Beef,Ground Beef,Meat & Seafood,Beef,Ground Beef,5.52
grocery,WDX,WDX,WDX601069,"Thomas' Hot Dog Buns Rolls, 8 ct","Thomas' Hot Dog Buns Rolls, 8 ct — Buns & Rolls",Thomas',False,8 ct,Bakery,Bread,Buns & Rolls,Bakery,Bread,Buns & Rolls,3.17
grocery,WDX,WDX,WDX601466,"SE Grocers American Sliced Cheese, 12 oz","SE Grocers American Sliced Cheese, 12 oz — Sliced Cheese",SE Grocers,True,12 oz,Refrigerated,Dairy Cheese,Sliced Cheese,Dairy & Eggs,Cheese,Sliced Cheese,2.63
grocery,WDX,WDX,WDX601631,"Horizon Large Grade A Eggs, Dozen","Horizon Large Grade A Eggs, Dozen — Grade A Eggs",Horizon,False,Dozen,Refrigerated,Eggs,Grade A Eggs,Dairy & Eggs,Eggs,Grade A Eggs,2.85
grocery,WDX,WDX,WDX601663,"SE Grocers Napkins Paper, 12 roll","SE Grocers Napkins Paper, 12 roll — Paper Products",SE Grocers,True,12 roll,Household,Cleaning,Paper Products,Health & Household,Cleaning & Paper,Paper Products,8.08
grocery,WDX,WDX,WDX601868,"SE Grocers White Rice Rice, 5 lb","SE Grocers White Rice Rice, 5 lb — Rice & Grains",SE Grocers,True,5 lb,Grocery,Rice & Beans,Rice & Grains,Dry Grocery,Rice & Grains,Rice & Grains,2.43
grocery,WDX,WDX,WDX602240,"Ragu Tomato Basil Sauce, 24 oz","Ragu Tomato Basil Sauce, 24 oz — Pasta Sauce",Ragu,False,24 oz,Grocery,Pasta,Pasta Sauce,Dry Grocery,Pasta & Sauce,Pasta Sauce,3.6
grocery,WDX,WDX,WDX602426,"Tide Napkins Paper, 6 roll","Tide Napkins Paper, 6 roll — Paper Products",Tide,False,6 roll,Household,Cleaning,Paper Products,Health & Household,Cleaning & Paper,Paper Products,9.91
grocery,WDX,WDX,WDX604839,"Driscoll's Strawberries Berries, 1 pint","Driscoll's Strawberries Berries, 1 pint — Berries",Driscoll's,False,1 pint,Produce,Fruit,Berries,Produce,Fresh Fruit,Berries,3.93
grocery,WDX,WDX,WDX605571,"SE Grocers Mayonnaise Condiment, 20 oz","SE Grocers Mayonnaise Condiment, 20 oz — Condiments & Dressings",SE Grocers,True,20 oz,Grocery,Condiments,Condiments & Dressings,Dry Grocery,Condiments,Condiments & Dressings,2.39
grocery,WDX,WDX,WDX606038,"Fairlife Peach Yogurt, 6 oz","Fairlife Peach Yogurt, 6 oz — Regular Yogurt",Fairlife,False,6 oz,Refrigerated,Yogurt,Regular Yogurt,Dairy & Eggs,Yogurt,Regular Yogurt,0.81
grocery,WDX,WDX,WDX606205,"SE Grocers Frosted Flakes Cereal, 12 oz","SE Grocers Frosted Flakes Cereal, 12 oz — Cereal",SE Grocers,True,12 oz,Grocery,Cereal,Cereal,Dry Grocery,Breakfast & Cereal,Cereal,3.13
grocery,WDX,WDX,WDX606878,"Perdue Drumsticks Chicken, family pack","Perdue Drumsticks Chicken, family pack — Chicken",Perdue,False,family pack,Meat,Chicken,Chicken,Meat & Seafood,Poultry,Chicken,5.36
grocery,WDX,WDX,WDX607184,"Nature's Own Hot Dog Buns Rolls, 8 ct","Nature's Own Hot Dog Buns Rolls, 8 ct — Buns & Rolls",Nature's Own,False,8 ct,Bakery,Bread,Buns & Rolls,Bakery,Bread,Buns & Rolls,2.68
grocery,WDX,WDX,WDX609212,"Tide Mouthwash Personal Care, single","Tide Mouthwash Personal Care, single — Oral & Body Care",Tide,False,single,Household,Health & Beauty,Oral & Body Care,Health & Household,Personal Care,Oral & Body Care,3.76
grocery,WDX,WDX,WDX610309,"Fairlife 2% Reduced Fat Milk, Half Gallon","Fairlife 2% Reduced Fat Milk, Half Gallon — 2% Reduced-Fat Milk",Fairlife,False,Half Gallon,Refrigerated,Milk,2% Reduced-Fat Milk,Dairy & Eggs,Milk,2% Reduced-Fat Milk,3.18
grocery,WDX,WDX,WDX610615,"Fairlife 2% Reduced Fat Milk, 1 Gallon","Fairlife 2% Reduced Fat Milk, 1 Gallon — 2% Reduced-Fat Milk",Fairlife,False,1 Gallon,Refrigerated,Milk,2% Reduced-Fat Milk,Dairy & Eggs,Milk,2% Reduced-Fat Milk,3.5
grocery,WDX,WDX,WDX612591,"Huggies Diapers Size 3 Baby, jumbo pack","Huggies Diapers Size 3 Baby, jumbo pack — Diapers & Wipes",Huggies,False,jumbo pack,Baby & Pet,Baby,Diapers & Wipes,Baby & Pet,Baby,Diapers & Wipes,24.0
grocery,WDX,WDX,WDX612803,"Doritos Trail Mix Nuts, 10 oz","Doritos Trail Mix Nuts, 10 oz — Nuts & Trail Mix",Doritos,False,10 oz,Snacks,Chips,Nuts & Trail Mix,Snacks & Candy,Salty Snacks,Nuts & Trail Mix,7.02
grocery,WDX,WDX,WDX613565,"Pampers Wet Cat Food Pet Food, 3.5 lb","Pampers Wet Cat Food Pet Food, 3.5 lb — Pet Food",Pampers,False,3.5 lb,Baby & Pet,Pet,Pet Food,Baby & Pet,Pet,Pet Food,16.76
grocery,WDX,WDX,WDX613837,"Charmin Dish Soap Cleaner, 24 oz","Charmin Dish Soap Cleaner, 24 oz — Cleaning Supplies",Charmin,False,24 oz,Household,Cleaning,Cleaning Supplies,Health & Household,Cleaning & Paper,Cleaning Supplies,4.69
grocery,WDX,WDX,WDX614230,"Huggies Wet Dog Food Pet Food, 16 lb","Huggies Wet Dog Food Pet Food, 16 lb — Pet Food",Huggies,False,16 lb,Baby & Pet,Pet,Pet Food,Baby & Pet,Pet,Pet Food,17.22
grocery,WDX,WDX,WDX616346,"SE Grocers 2% Reduced Fat Milk, Half Gallon","SE Grocers 2% Reduced Fat Milk, Half Gallon — 2% Reduced-Fat Milk",SE Grocers,True,Half Gallon,Refrigerated,Milk,2% Reduced-Fat Milk,Dairy & Eggs,Milk,2% Reduced-Fat Milk,2.7
grocery,WDX,WDX,WDX616964,"Stouffer's Stir Fry Blend Frozen Vegetables, 12 oz","Stouffer's Stir Fry Blend Frozen Vegetables, 12 oz — Frozen Vegetables",Stouffer's,False,12 oz,Frozen,Frozen Veg,Frozen Vegetables,Frozen,Frozen Vegetables & Fruit,Frozen Vegetables,2.21
grocery,WDX,WDX,WDX617536,"Fairlife Light Spread, 15 oz","Fairlife Light Spread, 15 oz — Margarine & Spreads",Fairlife,False,15 oz,Refrigerated,Butter,Margarine & Spreads,Dairy & Eggs,Butter & Margarine,Margarine & Spreads,3.03
grocery,WDX,WDX,WDX617723,"Dole Grapes Fruit, per lb","Dole Grapes Fruit, per lb — Bananas & Everyday Fruit",Dole,False,per lb,Produce,Fruit,Bananas & Everyday Fruit,Produce,Fresh Fruit,Bananas & Everyday Fruit,2.31
grocery,WDX,WDX,WDX620710,"Prego Tomato Basil Sauce, 24 oz","Prego Tomato Basil Sauce, 24 oz — Pasta Sauce",Prego,False,24 oz,Grocery,Pasta,Pasta Sauce,Dry Grocery,Pasta & Sauce,Pasta Sauce,3.1
grocery,WDX,WDX,WDX621115,"Fairlife Goat Cheese, 6 oz","Fairlife Goat Cheese, 6 oz — Specialty Cheese",Fairlife,False,6 oz,Refrigerated,Dairy Cheese,Specialty Cheese,Dairy & Eggs,Cheese,Specialty Cheese,5.89
grocery,WDX,WDX,WDX622356,"Huggies Dry Cat Food Pet Food, 16 lb","Huggies Dry Cat Food Pet Food, 16 lb — Pet Food",Huggies,False,16 lb,Baby & Pet,Pet,Pet Food,Baby & Pet,Pet,Pet Food,18.34
grocery,WDX,WDX,WDX623115,"Nature's Own Donuts Bakery, 4 ct","Nature's Own Donuts Bakery, 4 ct — Pastries & Bagels",Nature's Own,False,4 ct,Bakery,Bakery Treats,Pastries & Bagels,Bakery,Bakery Sweets,Pastries & Bagels,4.04
grocery,WDX,WDX,WDX623671,"DiGiorno Corn Frozen Vegetables, 12 oz","DiGiorno Corn Frozen Vegetables, 12 oz — Frozen Vegetables",DiGiorno,False,12 oz,Frozen,Frozen Veg,Frozen Vegetables,Frozen,Frozen Vegetables & Fruit,Frozen Vegetables,2.47
grocery,WDX,WDX,WDX624913,"Horizon Light Spread, 15 oz","Horizon Light Spread, 15 oz — Margarine & Spreads",Horizon,False,15 oz,Refrigerated,Butter,Margarine & Spreads,Dairy & Eggs,Butter & Margarine,Margarine & Spreads,2.84
grocery,WDX,WDX,WDX626636,"Driscoll's Bananas Fruit, 3 lb bag","Driscoll's Bananas Fruit, 3 lb bag — Bananas & Everyday Fruit",Driscoll's,False,3 lb bag,Produce,Fruit,Bananas & Everyday Fruit,Produce,Fresh Fruit,Bananas & Everyday Fruit,2.45
grocery,WDX,WDX,WDX627131,"Fairlife Strawberry Greek Yogurt, 5.3 oz","Fairlife Strawberry Greek Yogurt, 5.3 oz — Greek Yogurt",Fairlife,False,5.3 oz,Refrigerated,Yogurt,Greek Yogurt,Dairy & Eggs,Yogurt,Greek Yogurt,1.17
grocery,WDX,WDX,WDX628079,"Tide Storage Bags Storage, 50 ct","Tide Storage Bags Storage, 50 ct — Food Storage",Tide,False,50 ct,Household,Cleaning,Food Storage,Health & Household,Cleaning & Paper,Food Storage,5.8
grocery,WDX,WDX,WDX628814,"SE Grocers Old Fashioned Oats Oatmeal, 42 oz","SE Grocers Old Fashioned Oats Oatmeal, 42 oz — Oatmeal & Hot Cereal",SE Grocers,True,42 oz,Grocery,Cereal,Oatmeal & Hot Cereal,Dry Grocery,Breakfast & Cereal,Oatmeal & Hot Cereal,3.11
grocery,WDX,WDX,WDX630536,"Dole Yellow Onions Vegetables, per lb","Dole Yellow Onions Vegetables, per lb — Everyday Vegetables",Dole,False,per lb,Produce,Vegetables,Everyday Vegetables,Produce,Fresh Vegetables,Everyday Vegetables,1.93
grocery,WDX,WDX,WDX630609,"Fairlife Unsalted Butter, 16 oz","Fairlife Unsalted Butter, 16 oz — Butter",Fairlife,False,16 oz,Refrigerated,Butter,Butter,Dairy & Eggs,Butter & Margarine,Butter,4.09
grocery,WDX,WDX,WDX632267,"Lay's Butter Crackers Crackers, 16 oz","Lay's Butter Crackers Crackers, 16 oz — Crackers",Lay's,False,16 oz,Snacks,Chips,Crackers,Snacks & Candy,Salty Snacks,Crackers,3.05
grocery,WDX,WDX,WDX632685,"Coca-Cola Purified Water Water, 24-pack","Coca-Cola Purified Water Water, 24-pack — Water",Coca-Cola,False,24-pack,Beverages,Water,Water,Beverages,Water & Sports,Water,3.97
grocery,WDX,WDX,WDX632735,"SE Grocers Large Grade A Eggs, 18 ct","SE Grocers Large Grade A Eggs, 18 ct — Grade A Eggs",SE Grocers,True,18 ct,Refrigerated,Eggs,Grade A Eggs,Dairy & Eggs,Eggs,Grade A Eggs,2.2
grocery,WDX,WDX,WDX633144,"Barilla All-Purpose Flour Baking, 4 lb","Barilla All-Purpose Flour Baking, 4 lb — Baking Staples",Barilla,False,4 lb,Grocery,Baking,Baking Staples,Dry Grocery,Baking,Baking Staples,2.78
grocery,WDX,WDX,WDX633538,"Progresso Tomato Soup, 10.5 oz","Progresso Tomato Soup, 10.5 oz — Canned Soup",Progresso,False,10.5 oz,Grocery,Canned Goods,Canned Soup,Dry Grocery,Canned & Packaged,Canned Soup,2.24
grocery,WDX,WDX,WDX633828,"Horizon Italian Blend Shredded Cheese, 8 oz","Horizon Italian Blend Shredded Cheese, 8 oz — Shredded Cheese",Horizon,False,8 oz,Refrigerated,Dairy Cheese,Shredded Cheese,Dairy & Eggs,Cheese,Shredded Cheese,3.57
grocery,WDX,WDX,WDX634646,"Barilla Mayonnaise Condiment, 20 oz","Barilla Mayonnaise Condiment, 20 oz — Condiments & Dressings",Barilla,False,20 oz,Grocery,Condiments,Condiments & Dressings,Dry Grocery,Condiments,Condiments & Dressings,3.02
grocery,WDX,WDX,WDX637540,"Tide Toothpaste Personal Care, 2-pack","Tide Toothpaste Personal Care, 2-pack — Oral & Body Care",Tide,False,2-pack,Household,Health & Beauty,Oral & Body Care,Health & Household,Personal Care,Oral & Body Care,3.93
grocery,WDX,WDX,WDX640165,"Tide Plastic Wrap Storage, 13 gal","Tide Plastic Wrap Storage, 13 gal — Food Storage",Tide,False,13 gal,Household,Cleaning,Food Storage,Health & Household,Cleaning & Paper,Food Storage,5.6
grocery,WDX,WDX,WDX640467,"Tostitos Medium Salsa Salsa, 16 oz","Tostitos Medium Salsa Salsa, 16 oz — Salsa & Dips",Tostitos,False,16 oz,Snacks,Chips,Salsa & Dips,Snacks & Candy,Salty Snacks,Salsa & Dips,3.73
grocery,WDX,WDX,WDX641321,"Campbell's Black Beans Canned, 15 oz","Campbell's Black Beans Canned, 15 oz — Canned Vegetables & Beans",Campbell's,False,15 oz,Grocery,Canned Goods,Canned Vegetables & Beans,Dry Grocery,Canned & Packaged,Canned Vegetables & Beans,1.21
grocery,WDX,WDX,WDX641696,"SE Grocers Granola Cereal, 12 oz","SE Grocers Granola Cereal, 12 oz — Cereal",SE Grocers,True,12 oz,Grocery,Cereal,Cereal,Dry Grocery,Breakfast & Cereal,Cereal,2.91
grocery,WDX,WDX,WDX643885,"Bounty Body Wash Personal Care, single","Bounty Body Wash Personal Care, single — Oral & Body Care",Bounty,False,single,Household,Health & Beauty,Oral & Body Care,Health & Household,Personal Care,Oral & Body Care,4.19
grocery,WDX,WDX,WDX644170,"Land O'Lakes Unsalted Butter, 16 oz","Land O'Lakes Unsalted Butter, 16 oz — Butter",Land O'Lakes,False,16 oz,Refrigerated,Butter,Butter,Dairy & Eggs,Butter & Margarine,Butter,4.57
grocery,WDX,WDX,WDX644583,"DiGiorno Pot Pie Frozen Meal, 10 oz","DiGiorno Pot Pie Frozen Meal, 10 oz — Frozen Entrees",DiGiorno,False,10 oz,Frozen,Frozen Dinners,Frozen Entrees,Frozen,Frozen Meals,Frozen Entrees,3.95
grocery,WDX,WDX,WDX644976,"Driscoll's Russet Potatoes Vegetables, per lb","Driscoll's Russet Potatoes Vegetables, per lb — Everyday Vegetables",Driscoll's,False,per lb,Produce,Vegetables,Everyday Vegetables,Produce,Fresh Vegetables,Everyday Vegetables,2.2
grocery,WDX,WDX,WDX645576,"Stouffer's Broccoli Frozen Vegetables, 16 oz","Stouffer's Broccoli Frozen Vegetables, 16 oz — Frozen Vegetables",Stouffer's,False,16 oz,Frozen,Frozen Veg,Frozen Vegetables,Frozen,Frozen Vegetables & Fruit,Frozen Vegetables,2.27
grocery,WDX,WDX,WDX646656,"Oscar Mayer 80/20 Ground Ground Beef, 3 lb","Oscar Mayer 80/20 Ground Ground Beef, 3 lb — Ground Beef",Oscar Mayer,False,3 lb,Meat,Fresh Beef,Ground Beef,Meat & Seafood,Beef,Ground Beef,6.06
grocery,WDX,WDX,WDX647903,"Stouffer's Chocolate Ice Cream, 1 pint","Stouffer's Chocolate Ice Cream, 1 pint — Ice Cream",Stouffer's,False,1 pint,Frozen,Ice Cream,Ice Cream,Frozen,Ice Cream & Novelties,Ice Cream,4.46
grocery,WDX,WDX,WDX648285,"Bounty Paper Towels Paper, 6 roll","Bounty Paper Towels Paper, 6 roll — Paper Products",Bounty,False,6 roll,Household,Cleaning,Paper Products,Health & Household,Cleaning & Paper,Paper Products,11.62
grocery,WDX,WDX,WDX649186,"SE Grocers Chicken Alfredo Frozen Meal, 10 oz","SE Grocers Chicken Alfredo Frozen Meal, 10 oz — Frozen Entrees",SE Grocers,True,10 oz,Frozen,Frozen Dinners,Frozen Entrees,Frozen,Frozen Meals,Frozen Entrees,3.03
grocery,WDX,WDX,WDX652275,"Huggies Cat Litter Pet, 20 lb","Huggies Cat Litter Pet, 20 lb — Pet Treats & Supplies",Huggies,False,20 lb,Baby & Pet,Pet,Pet Treats & Supplies,Baby & Pet,Pet,Pet Treats & Supplies,7.14
grocery,WDX,WDX,WDX652734,"Lay's Guacamole Salsa, 16 oz","Lay's Guacamole Salsa, 16 oz — Salsa & Dips",Lay's,False,16 oz,Snacks,Chips,Salsa & Dips,Snacks & Candy,Salty Snacks,Salsa & Dips,3.43
grocery,WDX,WDX,WDX652884,"Coca-Cola Orange Juice Juice, 64 oz","Coca-Cola Orange Juice Juice, 64 oz — Juice",Coca-Cola,False,64 oz,Beverages,Juice,Juice,Beverages,Juice & Tea,Juice,3.92
grocery,WDX,WDX,WDX653025,"SE Grocers Swiss Sliced Cheese, 12 oz","SE Grocers Swiss Sliced Cheese, 12 oz — Sliced Cheese",SE Grocers,True,12 oz,Refrigerated,Dairy Cheese,Sliced Cheese,Dairy & Eggs,Cheese,Sliced Cheese,2.76
grocery,WDX,WDX,WDX654893,"SE Grocers Jasmine Rice Rice, 2 lb","SE Grocers Jasmine Rice Rice, 2 lb — Rice & Grains",SE Grocers,True,2 lb,Grocery,Rice & Beans,Rice & Grains,Dry Grocery,Rice & Grains,Rice & Grains,2.57
grocery,WDX,WDX,WDX655680,"Horizon Mixed Berry Greek Yogurt, 32 oz","Horizon Mixed Berry Greek Yogurt, 32 oz — Greek Yogurt",Horizon,False,32 oz,Refrigerated,Yogurt,Greek Yogurt,Dairy & Eggs,Yogurt,Greek Yogurt,1.21
grocery,WDX,WDX,WDX656215,"Lay's Queso Salsa, 16 oz","Lay's Queso Salsa, 16 oz — Salsa & Dips",Lay's,False,16 oz,Snacks,Chips,Salsa & Dips,Snacks & Candy,Salty Snacks,Salsa & Dips,3.42
grocery,WDX,WDX,WDX656796,"Perdue Boneless Skinless Breast Chicken, family pack","Perdue Boneless Skinless Breast Chicken, family pack — Chicken",Perdue,False,family pack,Meat,Chicken,Chicken,Meat & Seafood,Poultry,Chicken,4.89
grocery,WDX,WDX,WDX657432,"SE Grocers Pods Laundry, 50 oz","SE Grocers Pods Laundry, 50 oz — Laundry",SE Grocers,True,50 oz,Household,Cleaning,Laundry,Health & Household,Cleaning & Paper,Laundry,8.95
grocery,WDX,WDX,WDX658586,"SE Grocers Graham Crackers, 12 oz","SE Grocers Graham Crackers, 12 oz — Crackers",SE Grocers,True,12 oz,Snacks,Chips,Crackers,Snacks & Candy,Salty Snacks,Crackers,2.56
grocery,WDX,WDX,WDX659232,"Pepsi Fruit Punch Juice, 52 oz","Pepsi Fruit Punch Juice, 52 oz — Juice",Pepsi,False,52 oz,Beverages,Juice,Juice,Beverages,Juice & Tea,Juice,4.3
grocery,WDX,WDX,WDX661339,"Campbell's Alfredo Sauce, 24 oz","Campbell's Alfredo Sauce, 24 oz — Pasta Sauce",Campbell's,False,24 oz,Grocery,Pasta,Pasta Sauce,Dry Grocery,Pasta & Sauce,Pasta Sauce,3.43
grocery,WDX,WDX,WDX662935,"Pampers Baby Wipes Baby, jumbo pack","Pampers Baby Wipes Baby, jumbo pack — Diapers & Wipes",Pampers,False,jumbo pack,Baby & Pet,Baby,Diapers & Wipes,Baby & Pet,Baby,Diapers & Wipes,21.95
grocery,WDX,WDX,WDX662974,"Gatorade Diet Cola Soda, 2 Liter","Gatorade Diet Cola Soda, 2 Liter — Soda",Gatorade,False,2 Liter,Beverages,Soda,Soda,Beverages,Soft Drinks,Soda,6.43
grocery,WDX,WDX,WDX663418,"Nature's Own Croissants Bakery, 6 ct","Nature's Own Croissants Bakery, 6 ct — Pastries & Bagels",Nature's Own,False,6 ct,Bakery,Bakery Treats,Pastries & Bagels,Bakery,Bakery Sweets,Pastries & Bagels,3.82
grocery,WDX,WDX,WDX663737,"Driscoll's Grapes Fruit, per lb","Driscoll's Grapes Fruit, per lb — Bananas & Everyday Fruit",Driscoll's,False,per lb,Produce,Fruit,Bananas & Everyday Fruit,Produce,Fresh Fruit,Bananas & Everyday Fruit,2.36
grocery,WDX,WDX,WDX665559,"SE Grocers Green Tea Tea, 59 oz","SE Grocers Green Tea Tea, 59 oz — Tea & Mixers",SE Grocers,True,59 oz,Beverages,Juice,Tea & Mixers,Beverages,Juice & Tea,Tea & Mixers,2.82
grocery,WDX,WDX,WDX666179,"SE Grocers Saltines Crackers, 16 oz","SE Grocers Saltines Crackers, 16 oz — Crackers",SE Grocers,True,16 oz,Snacks,Chips,Crackers,Snacks & Candy,Salty Snacks,Crackers,2.58
grocery,WDX,WDX,WDX666476,"Prego Elbow Macaroni Pasta, 16 oz","Prego Elbow Macaroni Pasta, 16 oz — Pasta",Prego,False,16 oz,Grocery,Pasta,Pasta,Dry Grocery,Pasta & Sauce,Pasta,1.95
grocery,WDX,WDX,WDX668041,"Tyson Drumsticks Chicken, per lb","Tyson Drumsticks Chicken, per lb — Chicken",Tyson,False,per lb,Meat,Chicken,Chicken,Meat & Seafood,Poultry,Chicken,4.5
grocery,WDX,WDX,WDX669006,"Doritos Medium Salsa Salsa, 16 oz","Doritos Medium Salsa Salsa, 16 oz — Salsa & Dips",Doritos,False,16 oz,Snacks,Chips,Salsa & Dips,Snacks & Candy,Salty Snacks,Salsa & Dips,3.59
grocery,WDX,WDX,WDX669672,"SE Grocers Alfredo Sauce, 24 oz","SE Grocers Alfredo Sauce, 24 oz — Pasta Sauce",SE Grocers,True,24 oz,Grocery,Pasta,Pasta Sauce,Dry Grocery,Pasta & Sauce,Pasta Sauce,2.53
grocery,WDX,WDX,WDX669819,"Fairlife Cheddar Shredded Cheese, 16 oz","Fairlife Cheddar Shredded Cheese, 16 oz — Shredded Cheese",Fairlife,False,16 oz,Refrigerated,Dairy Cheese,Shredded Cheese,Dairy & Eggs,Cheese,Shredded Cheese,3.83
grocery,WDX,WDX,WDX670227,"Tide Napkins Paper, double roll","Tide Napkins Paper, double roll — Paper Products",Tide,False,double roll,Household,Cleaning,Paper Products,Health & Household,Cleaning & Paper,Paper Products,10.91
grocery,WDX,WDX,WDX670285,"SE Grocers Rotini Pasta, 16 oz","SE Grocers Rotini Pasta, 16 oz — Pasta",SE Grocers,True,16 oz,Grocery,Pasta,Pasta,Dry Grocery,Pasta & Sauce,Pasta,1.47
grocery,WDX,WDX,WDX671773,"Prego Cream of Mushroom Soup, 10.5 oz","Prego Cream of Mushroom Soup, 10.5 oz — Canned Soup",Prego,False,10.5 oz,Grocery,Canned Goods,Canned Soup,Dry Grocery,Canned & Packaged,Canned Soup,2.21
grocery,WDX,WDX,WDX672385,"Tyson 93/7 Lean Ground Ground Beef, 3 lb","Tyson 93/7 Lean Ground Ground Beef, 3 lb — Ground Beef",Tyson,False,3 lb,Meat,Fresh Beef,Ground Beef,Meat & Seafood,Beef,Ground Beef,5.67
grocery,WDX,WDX,WDX672566,"SE Grocers Multigrain Bread, 20 oz loaf","SE Grocers Multigrain Bread, 20 oz loaf — Sandwich Bread",SE Grocers,True,20 oz loaf,Bakery,Bread,Sandwich Bread,Bakery,Bread,Sandwich Bread,2.18
grocery,WDX,WDX,WDX673690,"Tyson 80/20 Ground Ground Beef, 3 lb","Tyson 80/20 Ground Ground Beef, 3 lb — Ground Beef",Tyson,False,3 lb,Meat,Fresh Beef,Ground Beef,Meat & Seafood,Beef,Ground Beef,5.32
grocery,WDX,WDX,WDX675546,"Progresso Diced Tomatoes Canned, 15 oz","Progresso Diced Tomatoes Canned, 15 oz — Canned Vegetables & Beans",Progresso,False,15 oz,Grocery,Canned Goods,Canned Vegetables & Beans,Dry Grocery,Canned & Packaged,Canned Vegetables & Beans,1.2
grocery,WDX,WDX,WDX676686,"Land O'Lakes 2% Reduced Fat Milk, Half Gallon","Land O'Lakes 2% Reduced Fat Milk, Half Gallon — 2% Reduced-Fat Milk",Land O'Lakes,False,Half Gallon,Refrigerated,Milk,2% Reduced-Fat Milk,Dairy & Eggs,Milk,2% Reduced-Fat Milk,3.79
grocery,WDX,WDX,WDX676884,"Lay's Trail Mix Nuts, 16 oz","Lay's Trail Mix Nuts, 16 oz — Nuts & Trail Mix",Lay's,False,16 oz,Snacks,Chips,Nuts & Trail Mix,Snacks & Candy,Salty Snacks,Nuts & Trail Mix,6.19
grocery,WDX,WDX,WDX677374,"Stouffer's Pepperoni Pizza, 2-pack","Stouffer's Pepperoni Pizza, 2-pack — Frozen Pizza",Stouffer's,False,2-pack,Frozen,Frozen Dinners,Frozen Pizza,Frozen,Frozen Meals,Frozen Pizza,5.92
grocery,WDX,WDX,WDX677819,"Fairlife Extra Large Grade A Eggs, Dozen","Fairlife Extra Large Grade A Eggs, Dozen — Grade A Eggs",Fairlife,False,Dozen,Refrigerated,Eggs,Grade A Eggs,Dairy & Eggs,Eggs,Grade A Eggs,3.47
grocery,WDX,WDX,WDX677957,"Fairlife Brie Cheese, 8 oz","Fairlife Brie Cheese, 8 oz — Specialty Cheese",Fairlife,False,8 oz,Refrigerated,Dairy Cheese,Specialty Cheese,Dairy & Eggs,Cheese,Specialty Cheese,5.97
grocery,WDX,WDX,WDX679020,"SE Grocers White Bread, 20 oz loaf","SE Grocers White Bread, 20 oz loaf — Sandwich Bread",SE Grocers,True,20 oz loaf,Bakery,Bread,Sandwich Bread,Bakery,Bread,Sandwich Bread,1.98
grocery,WDX,WDX,WDX679112,"SE Grocers Mouthwash Personal Care, single","SE Grocers Mouthwash Personal Care, single — Oral & Body Care",SE Grocers,True,single,Household,Health & Beauty,Oral & Body Care,Health & Household,Personal Care,Oral & Body Care,3.1
grocery,WDX,WDX,WDX679205,"Pepsi Apple Juice Juice, 52 oz","Pepsi Apple Juice Juice, 52 oz — Juice",Pepsi,False,52 oz,Beverages,Juice,Juice,Beverages,Juice & Tea,Juice,3.96
grocery,WDX,WDX,WDX679429,"Tostitos Fun Size Mix Candy, 10 oz","Tostitos Fun Size Mix Candy, 10 oz — Candy & Chocolate",Tostitos,False,10 oz,Snacks,Candy,Candy & Chocolate,Snacks & Candy,Cookies & Candy,Candy & Chocolate,3.7
grocery,WDX,WDX,WDX679555,"Tide Paper Towels Paper, 12 roll","Tide Paper Towels Paper, 12 roll — Paper Products",Tide,False,12 roll,Household,Cleaning,Paper Products,Health & Household,Cleaning & Paper,Paper Products,9.92
grocery,WDX,WDX,WDX679765,"DiGiorno Lasagna Frozen Meal, family size","DiGiorno Lasagna Frozen Meal, family size — Frozen Entrees",DiGiorno,False,family size,Frozen,Frozen Dinners,Frozen Entrees,Frozen,Frozen Meals,Frozen Entrees,4.03
grocery,WDX,WDX,WDX680276,"SE Grocers Brown Rice Rice, 2 lb","SE Grocers Brown Rice Rice, 2 lb — Rice & Grains",SE Grocers,True,2 lb,Grocery,Rice & Beans,Rice & Grains,Dry Grocery,Rice & Grains,Rice & Grains,2.35
grocery,WDX,WDX,WDX680661,"Tide Bath Tissue Paper, double roll","Tide Bath Tissue Paper, double roll — Paper Products",Tide,False,double roll,Household,Cleaning,Paper Products,Health & Household,Cleaning & Paper,Paper Products,11.47
grocery,WDX,WDX,WDX681212,"Horizon Large Grade A Eggs, 18 ct","Horizon Large Grade A Eggs, 18 ct — Grade A Eggs",Horizon,False,18 ct,Refrigerated,Eggs,Grade A Eggs,Dairy & Eggs,Eggs,Grade A Eggs,3.14
grocery,WDX,WDX,WDX681490,"SE Grocers 2% Reduced Fat Milk, 1 Gallon","SE Grocers 2% Reduced Fat Milk, 1 Gallon — 2% Reduced-Fat Milk",SE Grocers,True,1 Gallon,Refrigerated,Milk,2% Reduced-Fat Milk,Dairy & Eggs,Milk,2% Reduced-Fat Milk,2.52
grocery,WDX,WDX,WDX681565,"Fresh Express Yellow Onions Vegetables, per lb","Fresh Express Yellow Onions Vegetables, per lb — Everyday Vegetables",Fresh Express,False,per lb,Produce,Vegetables,Everyday Vegetables,Produce,Fresh Vegetables,Everyday Vegetables,2.44
grocery,WDX,WDX,WDX681723,"Ragu Marinara Sauce, 24 oz","Ragu Marinara Sauce, 24 oz — Pasta Sauce",Ragu,False,24 oz,Grocery,Pasta,Pasta Sauce,Dry Grocery,Pasta & Sauce,Pasta Sauce,3.46
grocery,WDX,WDX,WDX681879,"Barilla Brown Sugar Baking, 4 lb","Barilla Brown Sugar Baking, 4 lb — Baking Staples",Barilla,False,4 lb,Grocery,Baking,Baking Staples,Dry Grocery,Baking,Baking Staples,2.94
grocery,WDX,WDX,WDX684698,"SE Grocers Plain Greek Yogurt, 32 oz","SE Grocers Plain Greek Yogurt, 32 oz — Greek Yogurt",SE Grocers,True,32 oz,Refrigerated,Yogurt,Greek Yogurt,Dairy & Eggs,Yogurt,Greek Yogurt,0.88
grocery,WDX,WDX,WDX685899,"Bounty Conditioner Hair Care, 12 oz","Bounty Conditioner Hair Care, 12 oz — Hair Care",Bounty,False,12 oz,Household,Health & Beauty,Hair Care,Health & Household,Personal Care,Hair Care,5.79
grocery,WDX,WDX,WDX686896,"Tyson Breakfast Sausage Bacon, 12 oz","Tyson Breakfast Sausage Bacon, 12 oz — Bacon & Sausage",Tyson,False,12 oz,Meat,Pork,Bacon & Sausage,Meat & Seafood,Pork,Bacon & Sausage,5.06
grocery,WDX,WDX,WDX688469,"Dole Bananas Fruit, 3 lb bag","Dole Bananas Fruit, 3 lb bag — Bananas & Everyday Fruit",Dole,False,3 lb bag,Produce,Fruit,Bananas & Everyday Fruit,Produce,Fresh Fruit,Bananas & Everyday Fruit,2.16
grocery,WDX,WDX,WDX688947,"SE Grocers Black Beans Canned, 15 oz","SE Grocers Black Beans Canned, 15 oz — Canned Vegetables & Beans",SE Grocers,True,15 oz,Grocery,Canned Goods,Canned Vegetables & Beans,Dry Grocery,Canned & Packaged,Canned Vegetables & Beans,0.95
grocery,WDX,WDX,WDX690122,"Horizon Fat Free Skim Milk, 1 Gallon","Horizon Fat Free Skim Milk, 1 Gallon — Skim & Low-Fat Milk",Horizon,False,1 Gallon,Refrigerated,Milk,Skim & Low-Fat Milk,Dairy & Eggs,Milk,Skim & Low-Fat Milk,3.15
grocery,WDX,WDX,WDX692192,"SE Grocers Italian Sausage Bacon, 16 oz","SE Grocers Italian Sausage Bacon, 16 oz — Bacon & Sausage",SE Grocers,True,16 oz,Meat,Pork,Bacon & Sausage,Meat & Seafood,Pork,Bacon & Sausage,4.2
grocery,WDX,WDX,WDX692483,"Tide Bath Tissue Paper, 6 roll","Tide Bath Tissue Paper, 6 roll — Paper Products",Tide,False,6 roll,Household,Cleaning,Paper Products,Health & Household,Cleaning & Paper,Paper Products,9.73
grocery,WDX,WDX,WDX692653,"Dole Mango Fruit, per lb","Dole Mango Fruit, per lb — Organic & Specialty Fruit",Dole,False,per lb,Produce,Fruit,Organic & Specialty Fruit,Produce,Fresh Fruit,Organic & Specialty Fruit,4.82
grocery,WDX,WDX,WDX692878,"Horizon Blueberry Greek Yogurt, 32 oz","Horizon Blueberry Greek Yogurt, 32 oz — Greek Yogurt",Horizon,False,32 oz,Refrigerated,Yogurt,Greek Yogurt,Dairy & Eggs,Yogurt,Greek Yogurt,1.09
grocery,WDX,WDX,WDX693064,"SE Grocers Vitamin D Whole Milk, 1 Gallon","SE Grocers Vitamin D Whole Milk, 1 Gallon — Whole Milk",SE Grocers,True,1 Gallon,Refrigerated,Milk,Whole Milk,Dairy & Eggs,Milk,Whole Milk,2.43
grocery,WDX,WDX,WDX694730,"Fairlife Plain Greek Yogurt, 5.3 oz","Fairlife Plain Greek Yogurt, 5.3 oz — Greek Yogurt",Fairlife,False,5.3 oz,Refrigerated,Yogurt,Greek Yogurt,Dairy & Eggs,Yogurt,Greek Yogurt,1.14
grocery,WDX,WDX,WDX695106,"SE Grocers Diced Tomatoes Canned, 15 oz","SE Grocers Diced Tomatoes Canned, 15 oz — Canned Vegetables & Beans",SE Grocers,True,15 oz,Grocery,Canned Goods,Canned Vegetables & Beans,Dry Grocery,Canned & Packaged,Canned Vegetables & Beans,0.83
grocery,WDX,WDX,WDX695824,"SE Grocers Dinner Rolls Rolls, 8 ct","SE Grocers Dinner Rolls Rolls, 8 ct — Buns & Rolls",SE Grocers,True,8 ct,Bakery,Bread,Buns & Rolls,Bakery,Bread,Buns & Rolls,2.01
grocery,WDX,WDX,WDX695991,"Fairlife Strawberry Yogurt, 32 oz","Fairlife Strawberry Yogurt, 32 oz — Regular Yogurt",Fairlife,False,32 oz,Refrigerated,Yogurt,Regular Yogurt,Dairy & Eggs,Yogurt,Regular Yogurt,0.82
grocery,WDX,WDX,WDX697715,"Bounty Disinfecting Wipes Cleaner, 32 oz","Bounty Disinfecting Wipes Cleaner, 32 oz — Cleaning Supplies",Bounty,False,32 oz,Household,Cleaning,Cleaning Supplies,Health & Household,Cleaning & Paper,Cleaning Supplies,4.96
grocery,WDX,WDX,WDX697887,"SE Grocers Mozzarella Shredded Cheese, 8 oz","SE Grocers Mozzarella Shredded Cheese, 8 oz — Shredded Cheese",SE Grocers,True,8 oz,Refrigerated,Dairy Cheese,Shredded Cheese,Dairy & Eggs,Cheese,Shredded Cheese,2.95
grocery,WDX,WDX,WDX698226,"SE Grocers Infant Formula Baby Food, 4-pack","SE Grocers Infant Formula Baby Food, 4-pack — Formula & Baby Food",SE Grocers,True,4-pack,Baby & Pet,Baby,Formula & Baby Food,Baby & Pet,Baby,Formula & Baby Food,11.24
grocery,WDX,WDX,WDX699250,"Fairlife Plain Greek Yogurt, 32 oz","Fairlife Plain Greek Yogurt, 32 oz — Greek Yogurt",Fairlife,False,32 oz,Refrigerated,Yogurt,Greek Yogurt,Dairy & Eggs,Yogurt,Greek Yogurt,1.18
grocery,WDX,WDX,WDX699499,"SE Grocers Potato Chips Chips, 8 oz","SE Grocers Potato Chips Chips, 8 oz — Potato & Tortilla Chips",SE Grocers,True,8 oz,Snacks,Chips,Potato & Tortilla Chips,Snacks & Candy,Salty Snacks,Potato & Tortilla Chips,3.05
grocery,WDX,WDX,WDX699568,"Bounty Shampoo Hair Care, 12 oz","Bounty Shampoo Hair Care, 12 oz — Hair Care",Bounty,False,12 oz,Household,Health & Beauty,Hair Care,Health & Household,Personal Care,Hair Care,5.82
grocery,WDX,WDX,WDX699902,"Barilla Raisin Bran Cereal, 12 oz","Barilla Raisin Bran Cereal, 12 oz — Cereal",Barilla,False,12 oz,Grocery,Cereal,Cereal,Dry Grocery,Breakfast & Cereal,Cereal,3.57
grocery,WDX,WDX,WDX700826,"Bounty Shampoo Hair Care, 20 oz","Bounty Shampoo Hair Care, 20 oz — Hair Care",Bounty,False,20 oz,Household,Health & Beauty,Hair Care,Health & Household,Personal Care,Hair Care,6.41
grocery,WDX,WDX,WDX702848,"SE Grocers Bacon Bacon, 12 oz","SE Grocers Bacon Bacon, 12 oz — Bacon & Sausage",SE Grocers,True,12 oz,Meat,Pork,Bacon & Sausage,Meat & Seafood,Pork,Bacon & Sausage,4.38
grocery,WDX,WDX,WDX702933,"Huggies Cat Treats Pet, 16 oz","Huggies Cat Treats Pet, 16 oz — Pet Treats & Supplies",Huggies,False,16 oz,Baby & Pet,Pet,Pet Treats & Supplies,Baby & Pet,Pet,Pet Treats & Supplies,7.12
grocery,WDX,WDX,WDX703870,"Fairlife Whole Milk, Half Gallon","Fairlife Whole Milk, Half Gallon — Whole Milk",Fairlife,False,Half Gallon,Refrigerated,Milk,Whole Milk,Dairy & Eggs,Milk,Whole Milk,3.63
grocery,WDX,WDX,WDX704220,"Bounty Mouthwash Personal Care, 2-pack","Bounty Mouthwash Personal Care, 2-pack — Oral & Body Care",Bounty,False,2-pack,Household,Health & Beauty,Oral & Body Care,Health & Household,Personal Care,Oral & Body Care,4.27
grocery,WDX,WDX,WDX706154,"Bounty Dish Soap Cleaner, 24 oz","Bounty Dish Soap Cleaner, 24 oz — Cleaning Supplies",Bounty,False,24 oz,Household,Cleaning,Cleaning Supplies,Health & Household,Cleaning & Paper,Cleaning Supplies,4.65
grocery,WDX,WDX,WDX706203,"Horizon American Sliced Cheese, 8 oz","Horizon American Sliced Cheese, 8 oz — Sliced Cheese",Horizon,False,8 oz,Refrigerated,Dairy Cheese,Sliced Cheese,Dairy & Eggs,Cheese,Sliced Cheese,3.22
grocery,WDX,WDX,WDX706607,"Prego Lasagna Pasta, 16 oz","Prego Lasagna Pasta, 16 oz — Pasta",Prego,False,16 oz,Grocery,Pasta,Pasta,Dry Grocery,Pasta & Sauce,Pasta,1.89
grocery,WDX,WDX,WDX707093,"Perdue Turkey Lunch Meat, 16 oz","Perdue Turkey Lunch Meat, 16 oz — Lunch Meat",Perdue,False,16 oz,Meat,Deli,Lunch Meat,Meat & Seafood,Deli,Lunch Meat,5.84
grocery,WDX,WDX,WDX707614,"SE Grocers Electrolyte Sports Drink, 8-pack","SE Grocers Electrolyte Sports Drink, 8-pack — Sports & Energy Drinks",SE Grocers,True,8-pack,Beverages,Water,Sports & Energy Drinks,Beverages,Water & Sports,Sports & Energy Drinks,4.3
grocery,WDX,WDX,WDX707925,"Coca-Cola Fruit Punch Juice, 64 oz","Coca-Cola Fruit Punch Juice, 64 oz — Juice",Coca-Cola,False,64 oz,Beverages,Juice,Juice,Beverages,Juice & Tea,Juice,3.84
grocery,WDX,WDX,WDX711438,"Pepsi Spring Water Water, 24-pack","Pepsi Spring Water Water, 24-pack — Water",Pepsi,False,24-pack,Beverages,Water,Water,Beverages,Water & Sports,Water,4.56
grocery,WDX,WDX,WDX711860,"SE Grocers Granulated Sugar Baking, 1 lb","SE Grocers Granulated Sugar Baking, 1 lb — Baking Staples",SE Grocers,True,1 lb,Grocery,Baking,Baking Staples,Dry Grocery,Baking,Baking Staples,2.33
grocery,WDX,WDX,WDX712440,"Huggies Baby Cereal Baby Food, 12 oz","Huggies Baby Cereal Baby Food, 12 oz — Formula & Baby Food",Huggies,False,12 oz,Baby & Pet,Baby,Formula & Baby Food,Baby & Pet,Baby,Formula & Baby Food,15.37
grocery,WDX,WDX,WDX713749,"Ragu Meat Sauce Sauce, 24 oz","Ragu Meat Sauce Sauce, 24 oz — Pasta Sauce",Ragu,False,24 oz,Grocery,Pasta,Pasta Sauce,Dry Grocery,Pasta & Sauce,Pasta Sauce,3.67
grocery,WDX,WDX,WDX714130,"DiGiorno Chicken Alfredo Frozen Meal, family size","DiGiorno Chicken Alfredo Frozen Meal, family size — Frozen Entrees",DiGiorno,False,family size,Frozen,Frozen Dinners,Frozen Entrees,Frozen,Frozen Meals,Frozen Entrees,4.08
grocery,WDX,WDX,WDX714527,"SE Grocers Sports Drink Variety Sports Drink, 12-pack","SE Grocers Sports Drink Variety Sports Drink, 12-pack — Sports & Energy Drinks",SE Grocers,True,12-pack,Beverages,Water,Sports & Energy Drinks,Beverages,Water & Sports,Sports & Energy Drinks,4.35
grocery,WDX,WDX,WDX714647,"SE Grocers Cake Mix Baking, 2 lb","SE Grocers Cake Mix Baking, 2 lb — Baking Staples",SE Grocers,True,2 lb,Grocery,Baking,Baking Staples,Dry Grocery,Baking,Baking Staples,2.34
grocery,WDX,WDX,WDX714766,"Pepsi Diet Cola Soda, 12-pack cans","Pepsi Diet Cola Soda, 12-pack cans — Soda",Pepsi,False,12-pack cans,Beverages,Soda,Soda,Beverages,Soft Drinks,Soda,5.66
grocery,WDX,WDX,WDX715000,"Dole Roma Tomatoes Vegetables, 2 lb bag","Dole Roma Tomatoes Vegetables, 2 lb bag — Everyday Vegetables",Dole,False,2 lb bag,Produce,Vegetables,Everyday Vegetables,Produce,Fresh Vegetables,Everyday Vegetables,2.1
grocery,WDX,WDX,WDX715066,"Progresso Tomato Basil Sauce, 24 oz","Progresso Tomato Basil Sauce, 24 oz — Pasta Sauce",Progresso,False,24 oz,Grocery,Pasta,Pasta Sauce,Dry Grocery,Pasta & Sauce,Pasta Sauce,3.13
grocery,WDX,WDX,WDX718078,"Huggies Cat Litter Pet, 16 oz","Huggies Cat Litter Pet, 16 oz — Pet Treats & Supplies",Huggies,False,16 oz,Baby & Pet,Pet,Pet Treats & Supplies,Baby & Pet,Pet,Pet Treats & Supplies,7.09
grocery,WDX,WDX,WDX718676,"Tyson Roast Beef Lunch Meat, 9 oz","Tyson Roast Beef Lunch Meat, 9 oz — Lunch Meat",Tyson,False,9 oz,Meat,Deli,Lunch Meat,Meat & Seafood,Deli,Lunch Meat,4.72
grocery,WDX,WDX,WDX718722,"Driscoll's Blueberries Berries, 1 pint","Driscoll's Blueberries Berries, 1 pint — Berries",Driscoll's,False,1 pint,Produce,Fruit,Berries,Produce,Fresh Fruit,Berries,4.1
grocery,WDX,WDX,WDX719322,"SE Grocers Almond Milk, Half Gallon","SE Grocers Almond Milk, Half Gallon — Plant-Based Milk",SE Grocers,True,Half Gallon,Refrigerated,Milk,Plant-Based Milk,Dairy & Eggs,Milk,Plant-Based Milk,3.15
grocery,WDX,WDX,WDX720026,"Bounty Multivitamin Vitamins, 60 ct","Bounty Multivitamin Vitamins, 60 ct — Vitamins & Wellness",Bounty,False,60 ct,Household,Health & Beauty,Vitamins & Wellness,Health & Household,Personal Care,Vitamins & Wellness,9.26
grocery,WDX,WDX,WDX720045,"Fairlife Salted Butter, 16 oz","Fairlife Salted Butter, 16 oz — Butter",Fairlife,False,16 oz,Refrigerated,Butter,Butter,Dairy & Eggs,Butter & Margarine,Butter,3.82
grocery,WDX,WDX,WDX720962,"SE Grocers Honey Wheat Bread, 20 oz loaf","SE Grocers Honey Wheat Bread, 20 oz loaf — Sandwich Bread",SE Grocers,True,20 oz loaf,Bakery,Bread,Sandwich Bread,Bakery,Bread,Sandwich Bread,2.07
grocery,WDX,WDX,WDX721061,"SE Grocers Baking Soda Baking, 2 lb","SE Grocers Baking Soda Baking, 2 lb — Baking Staples",SE Grocers,True,2 lb,Grocery,Baking,Baking Staples,Dry Grocery,Baking,Baking Staples,2.22
grocery,WDX,WDX,WDX721421,"Pepsi Ginger Ale Soda, 12-pack cans","Pepsi Ginger Ale Soda, 12-pack cans — Soda",Pepsi,False,12-pack cans,Beverages,Soda,Soda,Beverages,Soft Drinks,Soda,5.48
grocery,WDX,WDX,WDX721541,"SE Grocers Fat Free Skim Milk, 1 Gallon","SE Grocers Fat Free Skim Milk, 1 Gallon — Skim & Low-Fat Milk",SE Grocers,True,1 Gallon,Refrigerated,Milk,Skim & Low-Fat Milk,Dairy & Eggs,Milk,Skim & Low-Fat Milk,2.37
grocery,WDX,WDX,WDX722368,"Pepperidge Farm Hamburger Buns Rolls, 8 ct","Pepperidge Farm Hamburger Buns Rolls, 8 ct — Buns & Rolls",Pepperidge Farm,False,8 ct,Bakery,Bread,Buns & Rolls,Bakery,Bread,Buns & Rolls,2.9
grocery,WDX,WDX,WDX723570,"Nature's Own Bagels Bakery, 4 ct","Nature's Own Bagels Bakery, 4 ct — Pastries & Bagels",Nature's Own,False,4 ct,Bakery,Bakery Treats,Pastries & Bagels,Bakery,Bakery Sweets,Pastries & Bagels,3.76
grocery,WDX,WDX,WDX725568,"Tide Disinfecting Wipes Cleaner, 32 oz","Tide Disinfecting Wipes Cleaner, 32 oz — Cleaning Supplies",Tide,False,32 oz,Household,Cleaning,Cleaning Supplies,Health & Household,Cleaning & Paper,Cleaning Supplies,4.28
grocery,WDX,WDX,WDX725622,"Bounty Body Wash Personal Care, 2-pack","Bounty Body Wash Personal Care, 2-pack — Oral & Body Care",Bounty,False,2-pack,Household,Health & Beauty,Oral & Body Care,Health & Household,Personal Care,Oral & Body Care,4.36
grocery,WDX,WDX,WDX729056,"SE Grocers American Sliced Cheese, 12 oz","SE Grocers American Sliced Cheese, 12 oz — Sliced Cheese",SE Grocers,True,12 oz,Refrigerated,Dairy Cheese,Sliced Cheese,Dairy & Eggs,Cheese,Sliced Cheese,2.93
grocery,WDX,WDX,WDX729464,"Fresh Express Navel Oranges Fruit, 3 lb bag","Fresh Express Navel Oranges Fruit, 3 lb bag — Bananas & Everyday Fruit",Fresh Express,False,3 lb bag,Produce,Fruit,Bananas & Everyday Fruit,Produce,Fresh Fruit,Bananas & Everyday Fruit,2.7
grocery,WDX,WDX,WDX729876,"Fairlife American Sliced Cheese, 8 oz","Fairlife American Sliced Cheese, 8 oz — Sliced Cheese",Fairlife,False,8 oz,Refrigerated,Dairy Cheese,Sliced Cheese,Dairy & Eggs,Cheese,Sliced Cheese,3.62
grocery,WDX,WDX,WDX732553,"SE Grocers Purified Water Water, 24-pack","SE Grocers Purified Water Water, 24-pack — Water",SE Grocers,True,24-pack,Beverages,Water,Water,Beverages,Water & Sports,Water,3.09
grocery,WDX,WDX,WDX733139,"Driscoll's Blueberries Berries, 2 lb","Driscoll's Blueberries Berries, 2 lb — Berries",Driscoll's,False,2 lb,Produce,Fruit,Berries,Produce,Fresh Fruit,Berries,4.39
grocery,WDX,WDX,WDX733730,"Coca-Cola Root Beer Soda, 2 Liter","Coca-Cola Root Beer Soda, 2 Liter — Soda",Coca-Cola,False,2 Liter,Beverages,Soda,Soda,Beverages,Soft Drinks,Soda,5.17
grocery,WDX,WDX,WDX734925,"Fairlife Cheddar Shredded Cheese, 8 oz","Fairlife Cheddar Shredded Cheese, 8 oz — Shredded Cheese",Fairlife,False,8 oz,Refrigerated,Dairy Cheese,Shredded Cheese,Dairy & Eggs,Cheese,Shredded Cheese,3.91
grocery,WDX,WDX,WDX735598,"SE Grocers Iced Tea Tea, 59 oz","SE Grocers Iced Tea Tea, 59 oz — Tea & Mixers",SE Grocers,True,59 oz,Beverages,Juice,Tea & Mixers,Beverages,Juice & Tea,Tea & Mixers,2.76
grocery,WDX,WDX,WDX735907,"Coca-Cola Sports Drink Variety Sports Drink, 8-pack","Coca-Cola Sports Drink Variety Sports Drink, 8-pack — Sports & Energy Drinks",Coca-Cola,False,8-pack,Beverages,Water,Sports & Energy Drinks,Beverages,Water & Sports,Sports & Energy Drinks,4.97
grocery,WDX,WDX,WDX736190,"Pampers Baby Cereal Baby Food, 4-pack","Pampers Baby Cereal Baby Food, 4-pack — Formula & Baby Food",Pampers,False,4-pack,Baby & Pet,Baby,Formula & Baby Food,Baby & Pet,Baby,Formula & Baby Food,13.69
grocery,WDX,WDX,WDX736404,"SE Grocers Dry Dog Food Pet Food, 16 lb","SE Grocers Dry Dog Food Pet Food, 16 lb — Pet Food",SE Grocers,True,16 lb,Baby & Pet,Pet,Pet Food,Baby & Pet,Pet,Pet Food,13.58
grocery,WDX,WDX,WDX737293,"Coca-Cola Electrolyte Sports Drink, 8-pack","Coca-Cola Electrolyte Sports Drink, 8-pack — Sports & Energy Drinks",Coca-Cola,False,8-pack,Beverages,Water,Sports & Energy Drinks,Beverages,Water & Sports,Sports & Energy Drinks,5.26
grocery,WDX,WDX,WDX738032,"Horizon Original Spread, 45 oz","Horizon Original Spread, 45 oz — Margarine & Spreads",Horizon,False,45 oz,Refrigerated,Butter,Margarine & Spreads,Dairy & Eggs,Butter & Margarine,Margarine & Spreads,2.97
grocery,WDX,WDX,WDX738057,"Barilla Tomato Soup, 18 oz","Barilla Tomato Soup, 18 oz — Canned Soup",Barilla,False,18 oz,Grocery,Canned Goods,Canned Soup,Dry Grocery,Canned & Packaged,Canned Soup,2.06
grocery,WDX,WDX,WDX738574,"SE Grocers Diced Tomatoes Canned, 15 oz","SE Grocers Diced Tomatoes Canned, 15 oz — Canned Vegetables & Beans",SE Grocers,True,15 oz,Grocery,Canned Goods,Canned Vegetables & Beans,Dry Grocery,Canned & Packaged,Canned Vegetables & Beans,0.92
grocery,WDX,WDX,WDX738921,"Horizon Olive Oil Spread, 15 oz","Horizon Olive Oil Spread, 15 oz — Margarine & Spreads",Horizon,False,15 oz,Refrigerated,Butter,Margarine & Spreads,Dairy & Eggs,Butter & Margarine,Margarine & Spreads,2.84
grocery,WDX,WDX,WDX739672,"SE Grocers Thighs Chicken, family pack","SE Grocers Thighs Chicken, family pack — Chicken",SE Grocers,True,family pack,Meat,Chicken,Chicken,Meat & Seafood,Poultry,Chicken,3.8
grocery,WDX,WDX,WDX740480,"SE Grocers Thin Crust Pizza, single","SE Grocers Thin Crust Pizza, single — Frozen Pizza",SE Grocers,True,single,Frozen,Frozen Dinners,Frozen Pizza,Frozen,Frozen Meals,Frozen Pizza,4.43
grocery,WDX,WDX,WDX740745,"Coca-Cola Ginger Ale Soda, 2 Liter","Coca-Cola Ginger Ale Soda, 2 Liter — Soda",Coca-Cola,False,2 Liter,Beverages,Soda,Soda,Beverages,Soft Drinks,Soda,5.45
grocery,WDX,WDX,WDX741417,"Tide Storage Bags Storage, 13 gal","Tide Storage Bags Storage, 13 gal — Food Storage",Tide,False,13 gal,Household,Cleaning,Food Storage,Health & Household,Cleaning & Paper,Food Storage,5.01
grocery,WDX,WDX,WDX746414,"Ben & Jerry's Chicken Alfredo Frozen Meal, 10 oz","Ben & Jerry's Chicken Alfredo Frozen Meal, 10 oz — Frozen Entrees",Ben & Jerry's,False,10 oz,Frozen,Frozen Dinners,Frozen Entrees,Frozen,Frozen Meals,Frozen Entrees,4.56
grocery,WDX,WDX,WDX746902,"Perdue Whole Chicken Chicken, family pack","Perdue Whole Chicken Chicken, family pack — Chicken",Perdue,False,family pack,Meat,Chicken,Chicken,Meat & Seafood,Poultry,Chicken,5.13
grocery,WDX,WDX,WDX748471,"Coca-Cola Orange Juice Juice, 52 oz","Coca-Cola Orange Juice Juice, 52 oz — Juice",Coca-Cola,False,52 oz,Beverages,Juice,Juice,Beverages,Juice & Tea,Juice,3.61
grocery,WDX,WDX,WDX748664,"SE Grocers Dry Cat Food Pet Food, 3.5 lb","SE Grocers Dry Cat Food Pet Food, 3.5 lb — Pet Food",SE Grocers,True,3.5 lb,Baby & Pet,Pet,Pet Food,Baby & Pet,Pet,Pet Food,13.17
grocery,WDX,WDX,WDX749593,"Organic Valley 2% Reduced Fat Milk, 1 Gallon","Organic Valley 2% Reduced Fat Milk, 1 Gallon — 2% Reduced-Fat Milk",Organic Valley,False,1 Gallon,Refrigerated,Milk,2% Reduced-Fat Milk,Dairy & Eggs,Milk,2% Reduced-Fat Milk,3.55
grocery,WDX,WDX,WDX749951,"Stouffer's Supreme Pizza, single","Stouffer's Supreme Pizza, single — Frozen Pizza",Stouffer's,False,single,Frozen,Frozen Dinners,Frozen Pizza,Frozen,Frozen Meals,Frozen Pizza,5.25
grocery,WDX,WDX,WDX751105,"Perdue Boneless Skinless Breast Chicken, per lb","Perdue Boneless Skinless Breast Chicken, per lb — Chicken",Perdue,False,per lb,Meat,Chicken,Chicken,Meat & Seafood,Poultry,Chicken,4.82
grocery,WDX,WDX,WDX751968,"Barilla Cake Mix Baking, 2 lb","Barilla Cake Mix Baking, 2 lb — Baking Staples",Barilla,False,2 lb,Grocery,Baking,Baking Staples,Dry Grocery,Baking,Baking Staples,2.95
grocery,WDX,WDX,WDX753694,"Pepsi Iced Tea Tea, 59 oz","Pepsi Iced Tea Tea, 59 oz — Tea & Mixers",Pepsi,False,59 oz,Beverages,Juice,Tea & Mixers,Beverages,Juice & Tea,Tea & Mixers,3.59
grocery,WDX,WDX,WDX753949,"SE Grocers Vitamin D Whole Milk, Half Gallon","SE Grocers Vitamin D Whole Milk, Half Gallon — Whole Milk",SE Grocers,True,Half Gallon,Refrigerated,Milk,Whole Milk,Dairy & Eggs,Milk,Whole Milk,2.91
grocery,WDX,WDX,WDX754148,"SE Grocers Conditioner Hair Care, 12 oz","SE Grocers Conditioner Hair Care, 12 oz — Hair Care",SE Grocers,True,12 oz,Household,Health & Beauty,Hair Care,Health & Household,Personal Care,Hair Care,4.83
grocery,WDX,WDX,WDX754274,"Pampers Wet Dog Food Pet Food, 16 lb","Pampers Wet Dog Food Pet Food, 16 lb — Pet Food",Pampers,False,16 lb,Baby & Pet,Pet,Pet Food,Baby & Pet,Pet,Pet Food,15.61
grocery,WDX,WDX,WDX755341,"Ragu Alfredo Sauce, 24 oz","Ragu Alfredo Sauce, 24 oz — Pasta Sauce",Ragu,False,24 oz,Grocery,Pasta,Pasta Sauce,Dry Grocery,Pasta & Sauce,Pasta Sauce,3.5
grocery,WDX,WDX,WDX756976,"Tyson 93/7 Lean Ground Ground Beef, 1 lb","Tyson 93/7 Lean Ground Ground Beef, 1 lb — Ground Beef",Tyson,False,1 lb,Meat,Fresh Beef,Ground Beef,Meat & Seafood,Beef,Ground Beef,5.14
grocery,WDX,WDX,WDX757269,"SE Grocers Facial Tissue Paper, 6 roll","SE Grocers Facial Tissue Paper, 6 roll — Paper Products",SE Grocers,True,6 roll,Household,Cleaning,Paper Products,Health & Household,Cleaning & Paper,Paper Products,7.44
grocery,WDX,WDX,WDX759087,"Pepsi Cranberry Juice, 52 oz","Pepsi Cranberry Juice, 52 oz — Juice",Pepsi,False,52 oz,Beverages,Juice,Juice,Beverages,Juice & Tea,Juice,4.04
grocery,WDX,WDX,WDX760354,"Dole Carrots Vegetables, 2 lb bag","Dole Carrots Vegetables, 2 lb bag — Everyday Vegetables",Dole,False,2 lb bag,Produce,Vegetables,Everyday Vegetables,Produce,Fresh Vegetables,Everyday Vegetables,2.16
grocery,WDX,WDX,WDX761467,"Dole Celery Vegetables, per lb","Dole Celery Vegetables, per lb — Everyday Vegetables",Dole,False,per lb,Produce,Vegetables,Everyday Vegetables,Produce,Fresh Vegetables,Everyday Vegetables,2.08
grocery,WDX,WDX,WDX761519,"SE Grocers Breakfast Sausage Bacon, 12 oz","SE Grocers Breakfast Sausage Bacon, 12 oz — Bacon & Sausage",SE Grocers,True,12 oz,Meat,Pork,Bacon & Sausage,Meat & Seafood,Pork,Bacon & Sausage,4.4
grocery,WDX,WDX,WDX762040,"Fresh Express Carrots Vegetables, per lb","Fresh Express Carrots Vegetables, per lb — Everyday Vegetables",Fresh Express,False,per lb,Produce,Vegetables,Everyday Vegetables,Produce,Fresh Vegetables,Everyday Vegetables,2.46
grocery,WDX,WDX,WDX762298,"Nature's Own Honey Wheat Bread, 20 oz loaf","Nature's Own Honey Wheat Bread, 20 oz loaf — Sandwich Bread",Nature's Own,False,20 oz loaf,Bakery,Bread,Sandwich Bread,Bakery,Bread,Sandwich Bread,2.53
grocery,WDX,WDX,WDX762497,"Huggies Wet Cat Food Pet Food, 16 lb","Huggies Wet Cat Food Pet Food, 16 lb — Pet Food",Huggies,False,16 lb,Baby & Pet,Pet,Pet Food,Baby & Pet,Pet,Pet Food,18.24
grocery,WDX,WDX,WDX763163,"Bounty Deodorant Personal Care, 2-pack","Bounty Deodorant Personal Care, 2-pack — Oral & Body Care",Bounty,False,2-pack,Household,Health & Beauty,Oral & Body Care,Health & Household,Personal Care,Oral & Body Care,4.54
grocery,WDX,WDX,WDX763389,"SE Grocers Napkins Paper, double roll","SE Grocers Napkins Paper, double roll — Paper Products",SE Grocers,True,double roll,Household,Cleaning,Paper Products,Health & Household,Cleaning & Paper,Paper Products,7.93
grocery,WDX,WDX,WDX766443,"Ben & Jerry's Lasagna Frozen Meal, family size","Ben & Jerry's Lasagna Frozen Meal, family size — Frozen Entrees",Ben & Jerry's,False,family size,Frozen,Frozen Dinners,Frozen Entrees,Frozen,Frozen Meals,Frozen Entrees,4.57
grocery,WDX,WDX,WDX766883,"SE Grocers Mexican Blend Shredded Cheese, 8 oz","SE Grocers Mexican Blend Shredded Cheese, 8 oz — Shredded Cheese",SE Grocers,True,8 oz,Refrigerated,Dairy Cheese,Shredded Cheese,Dairy & Eggs,Cheese,Shredded Cheese,3.11
grocery,WDX,WDX,WDX767745,"SE Grocers 80/20 Ground Ground Beef, 3 lb","SE Grocers 80/20 Ground Ground Beef, 3 lb — Ground Beef",SE Grocers,True,3 lb,Meat,Fresh Beef,Ground Beef,Meat & Seafood,Beef,Ground Beef,4.35
grocery,WDX,WDX,WDX768123,"Doritos Chocolate Bars Candy, 10 oz","Doritos Chocolate Bars Candy, 10 oz — Candy & Chocolate",Doritos,False,10 oz,Snacks,Candy,Candy & Chocolate,Snacks & Candy,Cookies & Candy,Candy & Chocolate,3.07
grocery,WDX,WDX,WDX769830,"Tide Pods Laundry, 92 oz","Tide Pods Laundry, 92 oz — Laundry",Tide,False,92 oz,Household,Cleaning,Laundry,Health & Household,Cleaning & Paper,Laundry,11.82
grocery,WDX,WDX,WDX770566,"Tide Foil Storage, gallon","Tide Foil Storage, gallon — Food Storage",Tide,False,gallon,Household,Cleaning,Food Storage,Health & Household,Cleaning & Paper,Food Storage,4.94
grocery,WDX,WDX,WDX771294,"SE Grocers Bacon Bacon, 16 oz","SE Grocers Bacon Bacon, 16 oz — Bacon & Sausage",SE Grocers,True,16 oz,Meat,Pork,Bacon & Sausage,Meat & Seafood,Pork,Bacon & Sausage,4.33
grocery,WDX,WDX,WDX771583,"Horizon Original Spread, 15 oz","Horizon Original Spread, 15 oz — Margarine & Spreads",Horizon,False,15 oz,Refrigerated,Butter,Margarine & Spreads,Dairy & Eggs,Butter & Margarine,Margarine & Spreads,2.59
grocery,WDX,WDX,WDX771845,"SE Grocers Whole Milk, Half Gallon","SE Grocers Whole Milk, Half Gallon — Whole Milk",SE Grocers,True,Half Gallon,Refrigerated,Milk,Whole Milk,Dairy & Eggs,Milk,Whole Milk,2.86
grocery,WDX,WDX,WDX772423,"Tide Bar Soap Personal Care, single","Tide Bar Soap Personal Care, single — Oral & Body Care",Tide,False,single,Household,Health & Beauty,Oral & Body Care,Health & Household,Personal Care,Oral & Body Care,3.88
grocery,WDX,WDX,WDX772498,"Horizon Strawberry Yogurt, 6 oz","Horizon Strawberry Yogurt, 6 oz — Regular Yogurt",Horizon,False,6 oz,Refrigerated,Yogurt,Regular Yogurt,Dairy & Eggs,Yogurt,Regular Yogurt,0.72
grocery,WDX,WDX,WDX772744,"Tostitos Chocolate Bars Candy, 18 oz","Tostitos Chocolate Bars Candy, 18 oz — Candy & Chocolate",Tostitos,False,18 oz,Snacks,Candy,Candy & Chocolate,Snacks & Candy,Cookies & Candy,Candy & Chocolate,3.72
grocery,WDX,WDX,WDX773493,"Doritos Queso Salsa, 16 oz","Doritos Queso Salsa, 16 oz — Salsa & Dips",Doritos,False,16 oz,Snacks,Chips,Salsa & Dips,Snacks & Candy,Salty Snacks,Salsa & Dips,3.73
grocery,WDX,WDX,WDX773857,"SE Grocers Wheat Bread, 20 oz loaf","SE Grocers Wheat Bread, 20 oz loaf — Sandwich Bread",SE Grocers,True,20 oz loaf,Bakery,Bread,Sandwich Bread,Bakery,Bread,Sandwich Bread,1.88
grocery,WDX,WDX,WDX773954,"Lay's Fun Size Mix Candy, 10 oz","Lay's Fun Size Mix Candy, 10 oz — Candy & Chocolate",Lay's,False,10 oz,Snacks,Candy,Candy & Chocolate,Snacks & Candy,Cookies & Candy,Candy & Chocolate,2.91
grocery,WDX,WDX,WDX775610,"Horizon Mexican Blend Shredded Cheese, 16 oz","Horizon Mexican Blend Shredded Cheese, 16 oz — Shredded Cheese",Horizon,False,16 oz,Refrigerated,Dairy Cheese,Shredded Cheese,Dairy & Eggs,Cheese,Shredded Cheese,3.76
grocery,WDX,WDX,WDX776120,"DiGiorno Pepperoni Pizza, 2-pack","DiGiorno Pepperoni Pizza, 2-pack — Frozen Pizza",DiGiorno,False,2-pack,Frozen,Frozen Dinners,Frozen Pizza,Frozen,Frozen Meals,Frozen Pizza,6.25
grocery,WDX,WDX,WDX776293,"Driscoll's Blackberries Berries, 1 pint","Driscoll's Blackberries Berries, 1 pint — Berries",Driscoll's,False,1 pint,Produce,Fruit,Berries,Produce,Fresh Fruit,Berries,4.24
grocery,WDX,WDX,WDX777455,"Sara Lee Hot Dog Buns Rolls, 8 ct","Sara Lee Hot Dog Buns Rolls, 8 ct — Buns & Rolls",Sara Lee,False,8 ct,Bakery,Bread,Buns & Rolls,Bakery,Bread,Buns & Rolls,2.71
grocery,WDX,WDX,WDX778060,"Horizon Cage-Free Large Eggs, 18 ct","Horizon Cage-Free Large Eggs, 18 ct — Grade A Eggs",Horizon,False,18 ct,Refrigerated,Eggs,Grade A Eggs,Dairy & Eggs,Eggs,Grade A Eggs,3.11
grocery,WDX,WDX,WDX778555,"Lay's Graham Crackers, 16 oz","Lay's Graham Crackers, 16 oz — Crackers",Lay's,False,16 oz,Snacks,Chips,Crackers,Snacks & Candy,Salty Snacks,Crackers,3.21
grocery,WDX,WDX,WDX780057,"Gatorade Cola Soda, 2 Liter","Gatorade Cola Soda, 2 Liter — Soda",Gatorade,False,2 Liter,Beverages,Soda,Soda,Beverages,Soft Drinks,Soda,6.42
grocery,WDX,WDX,WDX780463,"Progresso Penne Pasta, 16 oz","Progresso Penne Pasta, 16 oz — Pasta",Progresso,False,16 oz,Grocery,Pasta,Pasta,Dry Grocery,Pasta & Sauce,Pasta,1.86
grocery,WDX,WDX,WDX781153,"SE Grocers Tenderloin Pork, per lb","SE Grocers Tenderloin Pork, per lb — Pork Cuts",SE Grocers,True,per lb,Meat,Pork,Pork Cuts,Meat & Seafood,Pork,Pork Cuts,3.14
grocery,WDX,WDX,WDX781501,"Barilla Granulated Sugar Baking, 1 lb","Barilla Granulated Sugar Baking, 1 lb — Baking Staples",Barilla,False,1 lb,Grocery,Baking,Baking Staples,Dry Grocery,Baking,Baking Staples,3.01
grocery,WDX,WDX,WDX781917,"SE Grocers Cat Treats Pet, 16 oz","SE Grocers Cat Treats Pet, 16 oz — Pet Treats & Supplies",SE Grocers,True,16 oz,Baby & Pet,Pet,Pet Treats & Supplies,Baby & Pet,Pet,Pet Treats & Supplies,5.13
grocery,WDX,WDX,WDX784949,"Stouffer's Peas Frozen Vegetables, 12 oz","Stouffer's Peas Frozen Vegetables, 12 oz — Frozen Vegetables",Stouffer's,False,12 oz,Frozen,Frozen Veg,Frozen Vegetables,Frozen,Frozen Vegetables & Fruit,Frozen Vegetables,2.03
grocery,WDX,WDX,WDX785389,"Stouffer's Thin Crust Pizza, single","Stouffer's Thin Crust Pizza, single — Frozen Pizza",Stouffer's,False,single,Frozen,Frozen Dinners,Frozen Pizza,Frozen,Frozen Meals,Frozen Pizza,5.49
grocery,WDX,WDX,WDX785654,"Oscar Mayer 93/7 Lean Ground Ground Beef, 1 lb","Oscar Mayer 93/7 Lean Ground Ground Beef, 1 lb — Ground Beef",Oscar Mayer,False,1 lb,Meat,Fresh Beef,Ground Beef,Meat & Seafood,Beef,Ground Beef,6.03
grocery,WDX,WDX,WDX787243,"Dole Avocado Fruit, per lb","Dole Avocado Fruit, per lb — Organic & Specialty Fruit",Dole,False,per lb,Produce,Fruit,Organic & Specialty Fruit,Produce,Fresh Fruit,Organic & Specialty Fruit,4.73
grocery,WDX,WDX,WDX787834,"Fairlife Provolone Sliced Cheese, 12 oz","Fairlife Provolone Sliced Cheese, 12 oz — Sliced Cheese",Fairlife,False,12 oz,Refrigerated,Dairy Cheese,Sliced Cheese,Dairy & Eggs,Cheese,Sliced Cheese,3.78
grocery,WDX,WDX,WDX790327,"SE Grocers Blueberry Greek Yogurt, 32 oz","SE Grocers Blueberry Greek Yogurt, 32 oz — Greek Yogurt",SE Grocers,True,32 oz,Refrigerated,Yogurt,Greek Yogurt,Dairy & Eggs,Yogurt,Greek Yogurt,0.89
grocery,WDX,WDX,WDX791033,"Charmin Conditioner Hair Care, 12 oz","Charmin Conditioner Hair Care, 12 oz — Hair Care",Charmin,False,12 oz,Household,Health & Beauty,Hair Care,Health & Household,Personal Care,Hair Care,6.53
grocery,WDX,WDX,WDX791880,"SE Grocers Granulated Sugar Baking, 2 lb","SE Grocers Granulated Sugar Baking, 2 lb — Baking Staples",SE Grocers,True,2 lb,Grocery,Baking,Baking Staples,Dry Grocery,Baking,Baking Staples,2.17
grocery,WDX,WDX,WDX793054,"Bounty Mouthwash Personal Care, single","Bounty Mouthwash Personal Care, single — Oral & Body Care",Bounty,False,single,Household,Health & Beauty,Oral & Body Care,Health & Household,Personal Care,Oral & Body Care,4.42
grocery,WDX,WDX,WDX793330,"SE Grocers Brown Sugar Baking, 4 lb","SE Grocers Brown Sugar Baking, 4 lb — Baking Staples",SE Grocers,True,4 lb,Grocery,Baking,Baking Staples,Dry Grocery,Baking,Baking Staples,2.27
grocery,WDX,WDX,WDX793386,"Dole Navel Oranges Fruit, per lb","Dole Navel Oranges Fruit, per lb — Bananas & Everyday Fruit",Dole,False,per lb,Produce,Fruit,Bananas & Everyday Fruit,Produce,Fresh Fruit,Bananas & Everyday Fruit,2.26
grocery,WDX,WDX,WDX794393,"Oreo Medium Salsa Salsa, 16 oz","Oreo Medium Salsa Salsa, 16 oz — Salsa & Dips",Oreo,False,16 oz,Snacks,Chips,Salsa & Dips,Snacks & Candy,Salty Snacks,Salsa & Dips,4.21
grocery,WDX,WDX,WDX794636,"Pepsi Lemon-Lime Soda, 12-pack cans","Pepsi Lemon-Lime Soda, 12-pack cans — Soda",Pepsi,False,12-pack cans,Beverages,Soda,Soda,Beverages,Soft Drinks,Soda,5.44
grocery,WDX,WDX,WDX796088,"SE Grocers 2% Reduced Fat Milk, Half Gallon","SE Grocers 2% Reduced Fat Milk, Half Gallon — 2% Reduced-Fat Milk",SE Grocers,True,Half Gallon,Refrigerated,Milk,2% Reduced-Fat Milk,Dairy & Eggs,Milk,2% Reduced-Fat Milk,2.73
grocery,WDX,WDX,WDX796838,"Barilla Quinoa Rice, 2 lb","Barilla Quinoa Rice, 2 lb — Rice & Grains",Barilla,False,2 lb,Grocery,Rice & Beans,Rice & Grains,Dry Grocery,Rice & Grains,Rice & Grains,3.06
grocery,WDX,WDX,WDX796987,"SE Grocers Quinoa Rice, 2 lb","SE Grocers Quinoa Rice, 2 lb — Rice & Grains",SE Grocers,True,2 lb,Grocery,Rice & Beans,Rice & Grains,Dry Grocery,Rice & Grains,Rice & Grains,2.62
grocery,WDX,WDX,WDX798035,"SE Grocers Diced Tomatoes Canned, 15 oz","SE Grocers Diced Tomatoes Canned, 15 oz — Canned Vegetables & Beans",SE Grocers,True,15 oz,Grocery,Canned Goods,Canned Vegetables & Beans,Dry Grocery,Canned & Packaged,Canned Vegetables & Beans,0.84
grocery,WDX,WDX,WDX799983,"Lay's Potato Chips Chips, 13 oz","Lay's Potato Chips Chips, 13 oz — Potato & Tortilla Chips",Lay's,False,13 oz,Snacks,Chips,Potato & Tortilla Chips,Snacks & Candy,Salty Snacks,Potato & Tortilla Chips,4.1
grocery,WDX,WDX,WDX801280,"SE Grocers Pot Pie Frozen Meal, family size","SE Grocers Pot Pie Frozen Meal, family size — Frozen Entrees",SE Grocers,True,family size,Frozen,Frozen Dinners,Frozen Entrees,Frozen,Frozen Meals,Frozen Entrees,3.14
grocery,WDX,WDX,WDX802054,"SE Grocers Boneless Skinless Breast Chicken, per lb","SE Grocers Boneless Skinless Breast Chicken, per lb — Chicken",SE Grocers,True,per lb,Meat,Chicken,Chicken,Meat & Seafood,Poultry,Chicken,3.45
grocery,WDX,WDX,WDX802114,"Tide Plastic Wrap Storage, gallon","Tide Plastic Wrap Storage, gallon — Food Storage",Tide,False,gallon,Household,Cleaning,Food Storage,Health & Household,Cleaning & Paper,Food Storage,4.93
grocery,WDX,WDX,WDX802565,"Campbell's Marinara Sauce, 24 oz","Campbell's Marinara Sauce, 24 oz — Pasta Sauce",Campbell's,False,24 oz,Grocery,Pasta,Pasta Sauce,Dry Grocery,Pasta & Sauce,Pasta Sauce,3.4
grocery,WDX,WDX,WDX803077,"SE Grocers Paper Towels Paper, double roll","SE Grocers Paper Towels Paper, double roll — Paper Products",SE Grocers,True,double roll,Household,Cleaning,Paper Products,Health & Household,Cleaning & Paper,Paper Products,8.3
grocery,WDX,WDX,WDX803270,"Stouffer's Mint Chip Ice Cream, 1 pint","Stouffer's Mint Chip Ice Cream, 1 pint — Ice Cream",Stouffer's,False,1 pint,Frozen,Ice Cream,Ice Cream,Frozen,Ice Cream & Novelties,Ice Cream,4.57
grocery,WDX,WDX,WDX803666,"Tide Foil Storage, 13 gal","Tide Foil Storage, 13 gal — Food Storage",Tide,False,13 gal,Household,Cleaning,Food Storage,Health & Household,Cleaning & Paper,Food Storage,5.39
grocery,WDX,WDX,WDX804192,"SE Grocers Spinach Salad, 5 oz","SE Grocers Spinach Salad, 5 oz — Salad & Greens",SE Grocers,True,5 oz,Produce,Vegetables,Salad & Greens,Produce,Fresh Vegetables,Salad & Greens,2.49
grocery,WDX,WDX,WDX804451,"DiGiorno Cheese Pizza, 2-pack","DiGiorno Cheese Pizza, 2-pack — Frozen Pizza",DiGiorno,False,2-pack,Frozen,Frozen Dinners,Frozen Pizza,Frozen,Frozen Meals,Frozen Pizza,6.15
grocery,WDX,WDX,WDX804635,"SE Grocers Baby Food Pouch Baby Food, 4-pack","SE Grocers Baby Food Pouch Baby Food, 4-pack — Formula & Baby Food",SE Grocers,True,4-pack,Baby & Pet,Baby,Formula & Baby Food,Baby & Pet,Baby,Formula & Baby Food,11.16
grocery,WDX,WDX,WDX804995,"SE Grocers Celery Vegetables, 2 lb bag","SE Grocers Celery Vegetables, 2 lb bag — Everyday Vegetables",SE Grocers,True,2 lb bag,Produce,Vegetables,Everyday Vegetables,Produce,Fresh Vegetables,Everyday Vegetables,1.79
grocery,WDX,WDX,WDX805775,"Nature's Own Dinner Rolls Rolls, 8 ct","Nature's Own Dinner Rolls Rolls, 8 ct — Buns & Rolls",Nature's Own,False,8 ct,Bakery,Bread,Buns & Rolls,Bakery,Bread,Buns & Rolls,2.85
grocery,WDX,WDX,WDX805833,"Horizon Extra Large Grade A Eggs, 18 ct","Horizon Extra Large Grade A Eggs, 18 ct — Grade A Eggs",Horizon,False,18 ct,Refrigerated,Eggs,Grade A Eggs,Dairy & Eggs,Eggs,Grade A Eggs,3.08
grocery,WDX,WDX,WDX805981,"Barilla Chickpeas Canned, 15 oz","Barilla Chickpeas Canned, 15 oz — Canned Vegetables & Beans",Barilla,False,15 oz,Grocery,Canned Goods,Canned Vegetables & Beans,Dry Grocery,Canned & Packaged,Canned Vegetables & Beans,1.12
grocery,WDX,WDX,WDX806839,"Fairlife Original Spread, 15 oz","Fairlife Original Spread, 15 oz — Margarine & Spreads",Fairlife,False,15 oz,Refrigerated,Butter,Margarine & Spreads,Dairy & Eggs,Butter & Margarine,Margarine & Spreads,3.2
grocery,WDX,WDX,WDX807295,"Pepperidge Farm Multigrain Bread, 20 oz loaf","Pepperidge Farm Multigrain Bread, 20 oz loaf — Sandwich Bread",Pepperidge Farm,False,20 oz loaf,Bakery,Bread,Sandwich Bread,Bakery,Bread,Sandwich Bread,2.99
grocery,WDX,WDX,WDX809632,"Fairlife Fat Free Skim Milk, Half Gallon","Fairlife Fat Free Skim Milk, Half Gallon — Skim & Low-Fat Milk",Fairlife,False,Half Gallon,Refrigerated,Milk,Skim & Low-Fat Milk,Dairy & Eggs,Milk,Skim & Low-Fat Milk,3.33
grocery,WDX,WDX,WDX810122,"SE Grocers Unsalted Butter, 16 oz","SE Grocers Unsalted Butter, 16 oz — Butter",SE Grocers,True,16 oz,Refrigerated,Butter,Butter,Dairy & Eggs,Butter & Margarine,Butter,3.18
grocery,WDX,WDX,WDX810991,"SE Grocers 2-in-1 Hair Care, 20 oz","SE Grocers 2-in-1 Hair Care, 20 oz — Hair Care",SE Grocers,True,20 oz,Household,Health & Beauty,Hair Care,Health & Household,Personal Care,Hair Care,4.65
grocery,WDX,WDX,WDX812662,"Horizon Plain Greek Yogurt, 32 oz","Horizon Plain Greek Yogurt, 32 oz — Greek Yogurt",Horizon,False,32 oz,Refrigerated,Yogurt,Greek Yogurt,Dairy & Eggs,Yogurt,Greek Yogurt,1.11
grocery,WDX,WDX,WDX812714,"Prego Raisin Bran Cereal, 18 oz","Prego Raisin Bran Cereal, 18 oz — Cereal",Prego,False,18 oz,Grocery,Cereal,Cereal,Dry Grocery,Breakfast & Cereal,Cereal,4.33
grocery,WDX,WDX,WDX812970,"Bounty Toothpaste Personal Care, single","Bounty Toothpaste Personal Care, single — Oral & Body Care",Bounty,False,single,Household,Health & Beauty,Oral & Body Care,Health & Household,Personal Care,Oral & Body Care,4.0
grocery,WDX,WDX,WDX813402,"Driscoll's Roma Tomatoes Vegetables, 2 lb bag","Driscoll's Roma Tomatoes Vegetables, 2 lb bag — Everyday Vegetables",Driscoll's,False,2 lb bag,Produce,Vegetables,Everyday Vegetables,Produce,Fresh Vegetables,Everyday Vegetables,2.33
grocery,WDX,WDX,WDX815530,"Tyson Turkey Lunch Meat, 16 oz","Tyson Turkey Lunch Meat, 16 oz — Lunch Meat",Tyson,False,16 oz,Meat,Deli,Lunch Meat,Meat & Seafood,Deli,Lunch Meat,5.15
grocery,WDX,WDX,WDX815642,"SE Grocers Corn Frozen Vegetables, 16 oz","SE Grocers Corn Frozen Vegetables, 16 oz — Frozen Vegetables",SE Grocers,True,16 oz,Frozen,Frozen Veg,Frozen Vegetables,Frozen,Frozen Vegetables & Fruit,Frozen Vegetables,1.59
grocery,WDX,WDX,WDX815960,"SE Grocers Multigrain Bread, 20 oz loaf","SE Grocers Multigrain Bread, 20 oz loaf — Sandwich Bread",SE Grocers,True,20 oz loaf,Bakery,Bread,Sandwich Bread,Bakery,Bread,Sandwich Bread,1.99
grocery,WDX,WDX,WDX816060,"SE Grocers Mixed Vegetables Frozen Vegetables, 12 oz","SE Grocers Mixed Vegetables Frozen Vegetables, 12 oz — Frozen Vegetables",SE Grocers,True,12 oz,Frozen,Frozen Veg,Frozen Vegetables,Frozen,Frozen Vegetables & Fruit,Frozen Vegetables,1.78
grocery,WDX,WDX,WDX816842,"Prego Granola Cereal, 12 oz","Prego Granola Cereal, 12 oz — Cereal",Prego,False,12 oz,Grocery,Cereal,Cereal,Dry Grocery,Breakfast & Cereal,Cereal,4.24
grocery,WDX,WDX,WDX817577,"SE Grocers 1% Lowfat Milk, 1 Gallon","SE Grocers 1% Lowfat Milk, 1 Gallon — Skim & Low-Fat Milk",SE Grocers,True,1 Gallon,Refrigerated,Milk,Skim & Low-Fat Milk,Dairy & Eggs,Milk,Skim & Low-Fat Milk,2.65
grocery,WDX,WDX,WDX818679,"Barilla Granulated Sugar Baking, 4 lb","Barilla Granulated Sugar Baking, 4 lb — Baking Staples",Barilla,False,4 lb,Grocery,Baking,Baking Staples,Dry Grocery,Baking,Baking Staples,2.8
grocery,WDX,WDX,WDX819405,"Prego Frosted Flakes Cereal, 18 oz","Prego Frosted Flakes Cereal, 18 oz — Cereal",Prego,False,18 oz,Grocery,Cereal,Cereal,Dry Grocery,Breakfast & Cereal,Cereal,4.23
grocery,WDX,WDX,WDX819796,"Fairlife 1% Lowfat Milk, Half Gallon","Fairlife 1% Lowfat Milk, Half Gallon — Skim & Low-Fat Milk",Fairlife,False,Half Gallon,Refrigerated,Milk,Skim & Low-Fat Milk,Dairy & Eggs,Milk,Skim & Low-Fat Milk,3.66
grocery,WDX,WDX,WDX820825,"SE Grocers Tomato Soup, 18 oz","SE Grocers Tomato Soup, 18 oz — Canned Soup",SE Grocers,True,18 oz,Grocery,Canned Goods,Canned Soup,Dry Grocery,Canned & Packaged,Canned Soup,1.57
grocery,WDX,WDX,WDX823501,"SE Grocers Wet Dog Food Pet Food, 3.5 lb","SE Grocers Wet Dog Food Pet Food, 3.5 lb — Pet Food",SE Grocers,True,3.5 lb,Baby & Pet,Pet,Pet Food,Baby & Pet,Pet,Pet Food,12.1
grocery,WDX,WDX,WDX823786,"SE Grocers Spring Water Water, 35-pack","SE Grocers Spring Water Water, 35-pack — Water",SE Grocers,True,35-pack,Beverages,Water,Water,Beverages,Water & Sports,Water,3.32
grocery,WDX,WDX,WDX824296,"SE Grocers Stir Fry Blend Frozen Vegetables, 16 oz","SE Grocers Stir Fry Blend Frozen Vegetables, 16 oz — Frozen Vegetables",SE Grocers,True,16 oz,Frozen,Frozen Veg,Frozen Vegetables,Frozen,Frozen Vegetables & Fruit,Frozen Vegetables,1.69
grocery,WDX,WDX,WDX825517,"Doritos Saltines Crackers, 16 oz","Doritos Saltines Crackers, 16 oz — Crackers",Doritos,False,16 oz,Snacks,Chips,Crackers,Snacks & Candy,Salty Snacks,Crackers,3.42
grocery,WDX,WDX,WDX826017,"Driscoll's Romaine Salad, 12 oz","Driscoll's Romaine Salad, 12 oz — Salad & Greens",Driscoll's,False,12 oz,Produce,Vegetables,Salad & Greens,Produce,Fresh Vegetables,Salad & Greens,3.65
grocery,WDX,WDX,WDX826172,"Barilla Mustard Condiment, 20 oz","Barilla Mustard Condiment, 20 oz — Condiments & Dressings",Barilla,False,20 oz,Grocery,Condiments,Condiments & Dressings,Dry Grocery,Condiments,Condiments & Dressings,3.1
grocery,WDX,WDX,WDX826354,"SE Grocers Whole Milk, 1 Gallon","SE Grocers Whole Milk, 1 Gallon — Whole Milk",SE Grocers,True,1 Gallon,Refrigerated,Milk,Whole Milk,Dairy & Eggs,Milk,Whole Milk,2.66
grocery,WDX,WDX,WDX826575,"SE Grocers Tomato Basil Sauce, 24 oz","SE Grocers Tomato Basil Sauce, 24 oz — Pasta Sauce",SE Grocers,True,24 oz,Grocery,Pasta,Pasta Sauce,Dry Grocery,Pasta & Sauce,Pasta Sauce,2.32
grocery,WDX,WDX,WDX826761,"SE Grocers Supreme Pizza, single","SE Grocers Supreme Pizza, single — Frozen Pizza",SE Grocers,True,single,Frozen,Frozen Dinners,Frozen Pizza,Frozen,Frozen Meals,Frozen Pizza,4.5
grocery,WDX,WDX,WDX826958,"Tide Bleach Cleaner, 32 oz","Tide Bleach Cleaner, 32 oz — Cleaning Supplies",Tide,False,32 oz,Household,Cleaning,Cleaning Supplies,Health & Household,Cleaning & Paper,Cleaning Supplies,4.51
grocery,WDX,WDX,WDX828806,"Barilla Quick Oats Oatmeal, 18 oz","Barilla Quick Oats Oatmeal, 18 oz — Oatmeal & Hot Cereal",Barilla,False,18 oz,Grocery,Cereal,Oatmeal & Hot Cereal,Dry Grocery,Breakfast & Cereal,Oatmeal & Hot Cereal,3.76
grocery,WDX,WDX,WDX828884,"Bounty Fabric Softener Laundry, 50 oz","Bounty Fabric Softener Laundry, 50 oz — Laundry",Bounty,False,50 oz,Household,Cleaning,Laundry,Health & Household,Cleaning & Paper,Laundry,12.51
grocery,WDX,WDX,WDX829314,"SE Grocers Bagels Bakery, 6 ct","SE Grocers Bagels Bakery, 6 ct — Pastries & Bagels",SE Grocers,True,6 ct,Bakery,Bakery Treats,Pastries & Bagels,Bakery,Bakery Sweets,Pastries & Bagels,3.13
grocery,WDX,WDX,WDX830086,"Campbell's Meat Sauce Sauce, 24 oz","Campbell's Meat Sauce Sauce, 24 oz — Pasta Sauce",Campbell's,False,24 oz,Grocery,Pasta,Pasta Sauce,Dry Grocery,Pasta & Sauce,Pasta Sauce,3.32
grocery,WDX,WDX,WDX830100,"SE Grocers Wet Cat Food Pet Food, 16 lb","SE Grocers Wet Cat Food Pet Food, 16 lb — Pet Food",SE Grocers,True,16 lb,Baby & Pet,Pet,Pet Food,Baby & Pet,Pet,Pet Food,13.34
grocery,WDX,WDX,WDX830338,"Horizon Olive Oil Spread, 45 oz","Horizon Olive Oil Spread, 45 oz — Margarine & Spreads",Horizon,False,45 oz,Refrigerated,Butter,Margarine & Spreads,Dairy & Eggs,Butter & Margarine,Margarine & Spreads,3.06
grocery,WDX,WDX,WDX833396,"Pampers Dog Treats Pet, 20 lb","Pampers Dog Treats Pet, 20 lb — Pet Treats & Supplies",Pampers,False,20 lb,Baby & Pet,Pet,Pet Treats & Supplies,Baby & Pet,Pet,Pet Treats & Supplies,6.6
grocery,WDX,WDX,WDX833941,"Prego Green Beans Canned, 15 oz","Prego Green Beans Canned, 15 oz — Canned Vegetables & Beans",Prego,False,15 oz,Grocery,Canned Goods,Canned Vegetables & Beans,Dry Grocery,Canned & Packaged,Canned Vegetables & Beans,1.11
grocery,WDX,WDX,WDX834729,"Tyson 80/20 Ground Ground Beef, 1 lb","Tyson 80/20 Ground Ground Beef, 1 lb — Ground Beef",Tyson,False,1 lb,Meat,Fresh Beef,Ground Beef,Meat & Seafood,Beef,Ground Beef,5.02
grocery,WDX,WDX,WDX834894,"Lay's Cheese Crackers Crackers, 16 oz","Lay's Cheese Crackers Crackers, 16 oz — Crackers",Lay's,False,16 oz,Snacks,Chips,Crackers,Snacks & Candy,Salty Snacks,Crackers,3.14
grocery,WDX,WDX,WDX835505,"Barilla Corn Flakes Cereal, 18 oz","Barilla Corn Flakes Cereal, 18 oz — Cereal",Barilla,False,18 oz,Grocery,Cereal,Cereal,Dry Grocery,Breakfast & Cereal,Cereal,3.79
grocery,WDX,WDX,WDX835761,"Coca-Cola Lemonade Tea, gallon","Coca-Cola Lemonade Tea, gallon — Tea & Mixers",Coca-Cola,False,gallon,Beverages,Juice,Tea & Mixers,Beverages,Juice & Tea,Tea & Mixers,3.58
grocery,WDX,WDX,WDX836311,"SE Grocers Blackberries Berries, 1 pint","SE Grocers Blackberries Berries, 1 pint — Berries",SE Grocers,True,1 pint,Produce,Fruit,Berries,Produce,Fresh Fruit,Berries,3.12
grocery,WDX,WDX,WDX836682,"SE Grocers Kettle Chips Chips, 8 oz","SE Grocers Kettle Chips Chips, 8 oz — Potato & Tortilla Chips",SE Grocers,True,8 oz,Snacks,Chips,Potato & Tortilla Chips,Snacks & Candy,Salty Snacks,Potato & Tortilla Chips,3.16
grocery,WDX,WDX,WDX837081,"SE Grocers Toothpaste Personal Care, 2-pack","SE Grocers Toothpaste Personal Care, 2-pack — Oral & Body Care",SE Grocers,True,2-pack,Household,Health & Beauty,Oral & Body Care,Health & Household,Personal Care,Oral & Body Care,3.08
grocery,WDX,WDX,WDX837132,"SE Grocers Dark Roast Coffee, 12 oz","SE Grocers Dark Roast Coffee, 12 oz — Coffee",SE Grocers,True,12 oz,Grocery,Coffee,Coffee,Dry Grocery,Coffee & Tea,Coffee,6.74
grocery,WDX,WDX,WDX837725,"Doritos Cheese Crackers Crackers, 12 oz","Doritos Cheese Crackers Crackers, 12 oz — Crackers",Doritos,False,12 oz,Snacks,Chips,Crackers,Snacks & Candy,Salty Snacks,Crackers,3.41
grocery,WDX,WDX,WDX837878,"Tyson Breakfast Sausage Bacon, 16 oz","Tyson Breakfast Sausage Bacon, 16 oz — Bacon & Sausage",Tyson,False,16 oz,Meat,Pork,Bacon & Sausage,Meat & Seafood,Pork,Bacon & Sausage,5.54
grocery,WDX,WDX,WDX838094,"Lay's Butter Crackers Crackers, 12 oz","Lay's Butter Crackers Crackers, 12 oz — Crackers",Lay's,False,12 oz,Snacks,Chips,Crackers,Snacks & Candy,Salty Snacks,Crackers,2.84
grocery,WDX,WDX,WDX838817,"Barilla Granola Cereal, 12 oz","Barilla Granola Cereal, 12 oz — Cereal",Barilla,False,12 oz,Grocery,Cereal,Cereal,Dry Grocery,Breakfast & Cereal,Cereal,3.8
grocery,WDX,WDX,WDX840859,"Fresh Express Romaine Salad, 5 oz","Fresh Express Romaine Salad, 5 oz — Salad & Greens",Fresh Express,False,5 oz,Produce,Vegetables,Salad & Greens,Produce,Fresh Vegetables,Salad & Greens,3.74
grocery,WDX,WDX,WDX842230,"Horizon Cage-Free Large Eggs, Dozen","Horizon Cage-Free Large Eggs, Dozen — Grade A Eggs",Horizon,False,Dozen,Refrigerated,Eggs,Grade A Eggs,Dairy & Eggs,Eggs,Grade A Eggs,2.94
grocery,WDX,WDX,WDX842302,"Tyson Thighs Chicken, per lb","Tyson Thighs Chicken, per lb — Chicken",Tyson,False,per lb,Meat,Chicken,Chicken,Meat & Seafood,Poultry,Chicken,4.33
grocery,WDX,WDX,WDX843169,"SE Grocers Boneless Skinless Breast Chicken, family pack","SE Grocers Boneless Skinless Breast Chicken, family pack — Chicken",SE Grocers,True,family pack,Meat,Chicken,Chicken,Meat & Seafood,Poultry,Chicken,3.68
grocery,WDX,WDX,WDX845897,"Bounty Liquid Detergent Laundry, 50 oz","Bounty Liquid Detergent Laundry, 50 oz — Laundry",Bounty,False,50 oz,Household,Cleaning,Laundry,Health & Household,Cleaning & Paper,Laundry,11.75
grocery,WDX,WDX,WDX846733,"Lay's Chocolate Chip Cookies, 18 oz","Lay's Chocolate Chip Cookies, 18 oz — Cookies",Lay's,False,18 oz,Snacks,Candy,Cookies,Snacks & Candy,Cookies & Candy,Cookies,3.43
grocery,WDX,WDX,WDX846803,"Tyson Drumsticks Chicken, family pack","Tyson Drumsticks Chicken, family pack — Chicken",Tyson,False,family pack,Meat,Chicken,Chicken,Meat & Seafood,Poultry,Chicken,4.69
grocery,WDX,WDX,WDX846894,"Perdue Ribs Pork, per lb","Perdue Ribs Pork, per lb — Pork Cuts",Perdue,False,per lb,Meat,Pork,Pork Cuts,Meat & Seafood,Pork,Pork Cuts,4.3
grocery,WDX,WDX,WDX847790,"Oscar Mayer Chops Pork, per lb","Oscar Mayer Chops Pork, per lb — Pork Cuts",Oscar Mayer,False,per lb,Meat,Pork,Pork Cuts,Meat & Seafood,Pork,Pork Cuts,4.4
grocery,WDX,WDX,WDX848385,"SE Grocers Strawberry Greek Yogurt, 32 oz","SE Grocers Strawberry Greek Yogurt, 32 oz — Greek Yogurt",SE Grocers,True,32 oz,Refrigerated,Yogurt,Greek Yogurt,Dairy & Eggs,Yogurt,Greek Yogurt,0.9
grocery,WDX,WDX,WDX849360,"Fairlife Mozzarella Shredded Cheese, 16 oz","Fairlife Mozzarella Shredded Cheese, 16 oz — Shredded Cheese",Fairlife,False,16 oz,Refrigerated,Dairy Cheese,Shredded Cheese,Dairy & Eggs,Cheese,Shredded Cheese,4.13
grocery,WDX,WDX,WDX850879,"SE Grocers Wet Dog Food Pet Food, 16 lb","SE Grocers Wet Dog Food Pet Food, 16 lb — Pet Food",SE Grocers,True,16 lb,Baby & Pet,Pet,Pet Food,Baby & Pet,Pet,Pet Food,12.83
grocery,WDX,WDX,WDX852545,"Organic Valley Salted Butter, 16 oz","Organic Valley Salted Butter, 16 oz — Butter",Organic Valley,False,16 oz,Refrigerated,Butter,Butter,Dairy & Eggs,Butter & Margarine,Butter,4.14
grocery,WDX,WDX,WDX852640,"Progresso Green Beans Canned, 15 oz","Progresso Green Beans Canned, 15 oz — Canned Vegetables & Beans",Progresso,False,15 oz,Grocery,Canned Goods,Canned Vegetables & Beans,Dry Grocery,Canned & Packaged,Canned Vegetables & Beans,1.25
grocery,WDX,WDX,WDX853316,"Coca-Cola Apple Juice Juice, 64 oz","Coca-Cola Apple Juice Juice, 64 oz — Juice",Coca-Cola,False,64 oz,Beverages,Juice,Juice,Beverages,Juice & Tea,Juice,3.85
grocery,WDX,WDX,WDX853432,"Huggies Diapers Size 5 Baby, box","Huggies Diapers Size 5 Baby, box — Diapers & Wipes",Huggies,False,box,Baby & Pet,Baby,Diapers & Wipes,Baby & Pet,Baby,Diapers & Wipes,25.04
grocery,WDX,WDX,WDX853443,"Barilla Cream of Mushroom Soup, 10.5 oz","Barilla Cream of Mushroom Soup, 10.5 oz — Canned Soup",Barilla,False,10.5 oz,Grocery,Canned Goods,Canned Soup,Dry Grocery,Canned & Packaged,Canned Soup,1.95
grocery,WDX,WDX,WDX853594,"SE Grocers Toasted Oats Cereal, 12 oz","SE Grocers Toasted Oats Cereal, 12 oz — Cereal",SE Grocers,True,12 oz,Grocery,Cereal,Cereal,Dry Grocery,Breakfast & Cereal,Cereal,3.05
grocery,WDX,WDX,WDX854865,"Lay's Ruffles Chips, 8 oz","Lay's Ruffles Chips, 8 oz — Potato & Tortilla Chips",Lay's,False,8 oz,Snacks,Chips,Potato & Tortilla Chips,Snacks & Candy,Salty Snacks,Potato & Tortilla Chips,4.03
grocery,WDX,WDX,WDX855609,"SE Grocers Diet Cola Soda, 12-pack cans","SE Grocers Diet Cola Soda, 12-pack cans — Soda",SE Grocers,True,12-pack cans,Beverages,Soda,Soda,Beverages,Soft Drinks,Soda,4.1
grocery,WDX,WDX,WDX857383,"Progresso Corn Canned, 15 oz","Progresso Corn Canned, 15 oz — Canned Vegetables & Beans",Progresso,False,15 oz,Grocery,Canned Goods,Canned Vegetables & Beans,Dry Grocery,Canned & Packaged,Canned Vegetables & Beans,1.21
grocery,WDX,WDX,WDX857696,"Barilla Cream of Mushroom Soup, 18 oz","Barilla Cream of Mushroom Soup, 18 oz — Canned Soup",Barilla,False,18 oz,Grocery,Canned Goods,Canned Soup,Dry Grocery,Canned & Packaged,Canned Soup,2.15
grocery,WDX,WDX,WDX858081,"Horizon 1% Lowfat Milk, Half Gallon","Horizon 1% Lowfat Milk, Half Gallon — Skim & Low-Fat Milk",Horizon,False,Half Gallon,Refrigerated,Milk,Skim & Low-Fat Milk,Dairy & Eggs,Milk,Skim & Low-Fat Milk,3.32
grocery,WDX,WDX,WDX859712,"Organic Valley Mozzarella Shredded Cheese, 8 oz","Organic Valley Mozzarella Shredded Cheese, 8 oz — Shredded Cheese",Organic Valley,False,8 oz,Refrigerated,Dairy Cheese,Shredded Cheese,Dairy & Eggs,Cheese,Shredded Cheese,4.28
grocery,WDX,WDX,WDX860478,"SE Grocers Peas Frozen Vegetables, 12 oz","SE Grocers Peas Frozen Vegetables, 12 oz — Frozen Vegetables",SE Grocers,True,12 oz,Frozen,Frozen Veg,Frozen Vegetables,Frozen,Frozen Vegetables & Fruit,Frozen Vegetables,1.74
grocery,WDX,WDX,WDX862316,"Sara Lee Honey Wheat Bread, 20 oz loaf","Sara Lee Honey Wheat Bread, 20 oz loaf — Sandwich Bread",Sara Lee,False,20 oz loaf,Bakery,Bread,Sandwich Bread,Bakery,Bread,Sandwich Bread,2.79
grocery,WDX,WDX,WDX863433,"Pepsi Purified Water Water, 24-pack","Pepsi Purified Water Water, 24-pack — Water",Pepsi,False,24-pack,Beverages,Water,Water,Beverages,Water & Sports,Water,4.32
grocery,WDX,WDX,WDX864788,"Sara Lee White Bread, 20 oz loaf","Sara Lee White Bread, 20 oz loaf — Sandwich Bread",Sara Lee,False,20 oz loaf,Bakery,Bread,Sandwich Bread,Bakery,Bread,Sandwich Bread,2.7
grocery,WDX,WDX,WDX868174,"Doritos Graham Crackers, 12 oz","Doritos Graham Crackers, 12 oz — Crackers",Doritos,False,12 oz,Snacks,Chips,Crackers,Snacks & Candy,Salty Snacks,Crackers,3.44
grocery,WDX,WDX,WDX868341,"Fresh Express Roma Tomatoes Vegetables, per lb","Fresh Express Roma Tomatoes Vegetables, per lb — Everyday Vegetables",Fresh Express,False,per lb,Produce,Vegetables,Everyday Vegetables,Produce,Fresh Vegetables,Everyday Vegetables,2.32
grocery,WDX,WDX,WDX871088,"SE Grocers Bar Soap Personal Care, 2-pack","SE Grocers Bar Soap Personal Care, 2-pack — Oral & Body Care",SE Grocers,True,2-pack,Household,Health & Beauty,Oral & Body Care,Health & Household,Personal Care,Oral & Body Care,3.27
grocery,WDX,WDX,WDX871814,"SE Grocers Muffins Bakery, 6 ct","SE Grocers Muffins Bakery, 6 ct — Pastries & Bagels",SE Grocers,True,6 ct,Bakery,Bakery Treats,Pastries & Bagels,Bakery,Bakery Sweets,Pastries & Bagels,3.02
grocery,WDX,WDX,WDX873374,"Tyson Boneless Skinless Breast Chicken, per lb","Tyson Boneless Skinless Breast Chicken, per lb — Chicken",Tyson,False,per lb,Meat,Chicken,Chicken,Meat & Seafood,Poultry,Chicken,4.19
grocery,WDX,WDX,WDX875473,"Pampers Baby Food Pouch Baby Food, 12 oz","Pampers Baby Food Pouch Baby Food, 12 oz — Formula & Baby Food",Pampers,False,12 oz,Baby & Pet,Baby,Formula & Baby Food,Baby & Pet,Baby,Formula & Baby Food,13.61
grocery,WDX,WDX,WDX875877,"Barilla Black Beans Canned, 15 oz","Barilla Black Beans Canned, 15 oz — Canned Vegetables & Beans",Barilla,False,15 oz,Grocery,Canned Goods,Canned Vegetables & Beans,Dry Grocery,Canned & Packaged,Canned Vegetables & Beans,1.13
grocery,WDX,WDX,WDX876881,"Dole Organic Broccoli Vegetables, per lb","Dole Organic Broccoli Vegetables, per lb — Organic Vegetables",Dole,False,per lb,Produce,Vegetables,Organic Vegetables,Produce,Fresh Vegetables,Organic Vegetables,3.66
grocery,WDX,WDX,WDX877499,"SE Grocers Penne Pasta, 16 oz","SE Grocers Penne Pasta, 16 oz — Pasta",SE Grocers,True,16 oz,Grocery,Pasta,Pasta,Dry Grocery,Pasta & Sauce,Pasta,1.5
grocery,WDX,WDX,WDX879306,"Barilla All-Purpose Flour Baking, 1 lb","Barilla All-Purpose Flour Baking, 1 lb — Baking Staples",Barilla,False,1 lb,Grocery,Baking,Baking Staples,Dry Grocery,Baking,Baking Staples,2.99
grocery,WDX,WDX,WDX880067,"Pampers Cat Litter Pet, 16 oz","Pampers Cat Litter Pet, 16 oz — Pet Treats & Supplies",Pampers,False,16 oz,Baby & Pet,Pet,Pet Treats & Supplies,Baby & Pet,Pet,Pet Treats & Supplies,5.98
grocery,WDX,WDX,WDX881866,"SE Grocers Brown Sugar Baking, 1 lb","SE Grocers Brown Sugar Baking, 1 lb — Baking Staples",SE Grocers,True,1 lb,Grocery,Baking,Baking Staples,Dry Grocery,Baking,Baking Staples,2.47
grocery,WDX,WDX,WDX882394,"SE Grocers 93/7 Lean Ground Ground Beef, 1 lb","SE Grocers 93/7 Lean Ground Ground Beef, 1 lb — Ground Beef",SE Grocers,True,1 lb,Meat,Fresh Beef,Ground Beef,Meat & Seafood,Beef,Ground Beef,4.49
grocery,WDX,WDX,WDX883381,"Gatorade Lemon-Lime Soda, 12-pack cans","Gatorade Lemon-Lime Soda, 12-pack cans — Soda",Gatorade,False,12-pack cans,Beverages,Soda,Soda,Beverages,Soft Drinks,Soda,6.03
grocery,WDX,WDX,WDX884659,"Tide Toothpaste Personal Care, single","Tide Toothpaste Personal Care, single — Oral & Body Care",Tide,False,single,Household,Health & Beauty,Oral & Body Care,Health & Household,Personal Care,Oral & Body Care,3.78
grocery,WDX,WDX,WDX885524,"SE Grocers Storage Bags Storage, 13 gal","SE Grocers Storage Bags Storage, 13 gal — Food Storage",SE Grocers,True,13 gal,Household,Cleaning,Food Storage,Health & Household,Cleaning & Paper,Food Storage,3.95
grocery,WDX,WDX,WDX887408,"SE Grocers Italian Blend Shredded Cheese, 8 oz","SE Grocers Italian Blend Shredded Cheese, 8 oz — Shredded Cheese",SE Grocers,True,8 oz,Refrigerated,Dairy Cheese,Shredded Cheese,Dairy & Eggs,Cheese,Shredded Cheese,2.99
grocery,WDX,WDX,WDX889357,"SE Grocers Mayonnaise Condiment, 20 oz","SE Grocers Mayonnaise Condiment, 20 oz — Condiments & Dressings",SE Grocers,True,20 oz,Grocery,Condiments,Condiments & Dressings,Dry Grocery,Condiments,Condiments & Dressings,2.67
grocery,WDX,WDX,WDX890291,"SE Grocers Tomato Soup, 10.5 oz","SE Grocers Tomato Soup, 10.5 oz — Canned Soup",SE Grocers,True,10.5 oz,Grocery,Canned Goods,Canned Soup,Dry Grocery,Canned & Packaged,Canned Soup,1.67
grocery,WDX,WDX,WDX891454,"Doritos Guacamole Salsa, 16 oz","Doritos Guacamole Salsa, 16 oz — Salsa & Dips",Doritos,False,16 oz,Snacks,Chips,Salsa & Dips,Snacks & Candy,Salty Snacks,Salsa & Dips,3.51
grocery,WDX,WDX,WDX891902,"Tyson Bacon Bacon, 16 oz","Tyson Bacon Bacon, 16 oz — Bacon & Sausage",Tyson,False,16 oz,Meat,Pork,Bacon & Sausage,Meat & Seafood,Pork,Bacon & Sausage,5.51
grocery,WDX,WDX,WDX894667,"SE Grocers Facial Tissue Paper, 12 roll","SE Grocers Facial Tissue Paper, 12 roll — Paper Products",SE Grocers,True,12 roll,Household,Cleaning,Paper Products,Health & Household,Cleaning & Paper,Paper Products,8.01
grocery,WDX,WDX,WDX895003,"Barilla All-Purpose Flour Baking, 2 lb","Barilla All-Purpose Flour Baking, 2 lb — Baking Staples",Barilla,False,2 lb,Grocery,Baking,Baking Staples,Dry Grocery,Baking,Baking Staples,3.04
grocery,WDX,WDX,WDX895339,"Prego Penne Pasta, 16 oz","Prego Penne Pasta, 16 oz — Pasta",Prego,False,16 oz,Grocery,Pasta,Pasta,Dry Grocery,Pasta & Sauce,Pasta,1.91
grocery,WDX,WDX,WDX895684,"Prego Toasted Oats Cereal, 18 oz","Prego Toasted Oats Cereal, 18 oz — Cereal",Prego,False,18 oz,Grocery,Cereal,Cereal,Dry Grocery,Breakfast & Cereal,Cereal,3.97
grocery,WDX,WDX,WDX899739,"Perdue Italian Sausage Bacon, 16 oz","Perdue Italian Sausage Bacon, 16 oz — Bacon & Sausage",Perdue,False,16 oz,Meat,Pork,Bacon & Sausage,Meat & Seafood,Pork,Bacon & Sausage,6.31
grocery,WDX,WDX,WDX902384,"Pampers Dry Cat Food Pet Food, 16 lb","Pampers Dry Cat Food Pet Food, 16 lb — Pet Food",Pampers,False,16 lb,Baby & Pet,Pet,Pet Food,Baby & Pet,Pet,Pet Food,16.0
grocery,WDX,WDX,WDX903222,"SE Grocers Unsalted Butter, 16 oz","SE Grocers Unsalted Butter, 16 oz — Butter",SE Grocers,True,16 oz,Refrigerated,Butter,Butter,Dairy & Eggs,Butter & Margarine,Butter,2.94
grocery,WDX,WDX,WDX904428,"Perdue Roast Beef Lunch Meat, 9 oz","Perdue Roast Beef Lunch Meat, 9 oz — Lunch Meat",Perdue,False,9 oz,Meat,Deli,Lunch Meat,Meat & Seafood,Deli,Lunch Meat,5.3
grocery,WDX,WDX,WDX905315,"SE Grocers Diapers Size 1 Baby, jumbo pack","SE Grocers Diapers Size 1 Baby, jumbo pack — Diapers & Wipes",SE Grocers,True,jumbo pack,Baby & Pet,Baby,Diapers & Wipes,Baby & Pet,Baby,Diapers & Wipes,17.07
grocery,WDX,WDX,WDX906613,"SE Grocers Mexican Blend Shredded Cheese, 16 oz","SE Grocers Mexican Blend Shredded Cheese, 16 oz — Shredded Cheese",SE Grocers,True,16 oz,Refrigerated,Dairy Cheese,Shredded Cheese,Dairy & Eggs,Cheese,Shredded Cheese,2.92
grocery,WDX,WDX,WDX909221,"Tyson Tilapia Seafood, per lb","Tyson Tilapia Seafood, per lb — Fish & Shellfish",Tyson,False,per lb,Meat,Seafood,Fish & Shellfish,Meat & Seafood,Seafood,Fish & Shellfish,8.69
grocery,WDX,WDX,WDX909359,"Horizon Whole Milk, Half Gallon","Horizon Whole Milk, Half Gallon — Whole Milk",Horizon,False,Half Gallon,Refrigerated,Milk,Whole Milk,Dairy & Eggs,Milk,Whole Milk,3.19
grocery,WDX,WDX,WDX909780,"Horizon Provolone Sliced Cheese, 8 oz","Horizon Provolone Sliced Cheese, 8 oz — Sliced Cheese",Horizon,False,8 oz,Refrigerated,Dairy Cheese,Sliced Cheese,Dairy & Eggs,Cheese,Sliced Cheese,3.39
grocery,WDX,WDX,WDX910140,"SE Grocers Raisin Bran Cereal, 12 oz","SE Grocers Raisin Bran Cereal, 12 oz — Cereal",SE Grocers,True,12 oz,Grocery,Cereal,Cereal,Dry Grocery,Breakfast & Cereal,Cereal,3.19
grocery,WDX,WDX,WDX910185,"Fairlife Mexican Blend Shredded Cheese, 16 oz","Fairlife Mexican Blend Shredded Cheese, 16 oz — Shredded Cheese",Fairlife,False,16 oz,Refrigerated,Dairy Cheese,Shredded Cheese,Dairy & Eggs,Cheese,Shredded Cheese,4.12
grocery,WDX,WDX,WDX910759,"SE Grocers Baking Soda Baking, 4 lb","SE Grocers Baking Soda Baking, 4 lb — Baking Staples",SE Grocers,True,4 lb,Grocery,Baking,Baking Staples,Dry Grocery,Baking,Baking Staples,2.26
grocery,WDX,WDX,WDX911631,"Barilla Ranch Dressing Condiment, 20 oz","Barilla Ranch Dressing Condiment, 20 oz — Condiments & Dressings",Barilla,False,20 oz,Grocery,Condiments,Condiments & Dressings,Dry Grocery,Condiments,Condiments & Dressings,3.37
grocery,WDX,WDX,WDX912686,"Fresh Express Apples Gala Fruit, per lb","Fresh Express Apples Gala Fruit, per lb — Bananas & Everyday Fruit",Fresh Express,False,per lb,Produce,Fruit,Bananas & Everyday Fruit,Produce,Fresh Fruit,Bananas & Everyday Fruit,2.67
grocery,WDX,WDX,WDX913508,"SE Grocers Vitamin D Vitamins, 60 ct","SE Grocers Vitamin D Vitamins, 60 ct — Vitamins & Wellness",SE Grocers,True,60 ct,Household,Health & Beauty,Vitamins & Wellness,Health & Household,Personal Care,Vitamins & Wellness,6.31
grocery,WDX,WDX,WDX914953,"Bounty 2-in-1 Hair Care, 20 oz","Bounty 2-in-1 Hair Care, 20 oz — Hair Care",Bounty,False,20 oz,Household,Health & Beauty,Hair Care,Health & Household,Personal Care,Hair Care,6.19
grocery,WDX,WDX,WDX915576,"Prego Italian Dressing Condiment, 16 oz","Prego Italian Dressing Condiment, 16 oz — Condiments & Dressings",Prego,False,16 oz,Grocery,Condiments,Condiments & Dressings,Dry Grocery,Condiments,Condiments & Dressings,3.67
grocery,WDX,WDX,WDX917588,"SE Grocers Baby Wipes Baby, jumbo pack","SE Grocers Baby Wipes Baby, jumbo pack — Diapers & Wipes",SE Grocers,True,jumbo pack,Baby & Pet,Baby,Diapers & Wipes,Baby & Pet,Baby,Diapers & Wipes,18.96
grocery,WDX,WDX,WDX918658,"SE Grocers Shampoo Hair Care, 12 oz","SE Grocers Shampoo Hair Care, 12 oz — Hair Care",SE Grocers,True,12 oz,Household,Health & Beauty,Hair Care,Health & Household,Personal Care,Hair Care,4.76
grocery,WDX,WDX,WDX919507,"SE Grocers Chickpeas Canned, 15 oz","SE Grocers Chickpeas Canned, 15 oz — Canned Vegetables & Beans",SE Grocers,True,15 oz,Grocery,Canned Goods,Canned Vegetables & Beans,Dry Grocery,Canned & Packaged,Canned Vegetables & Beans,0.96
grocery,WDX,WDX,WDX919649,"SE Grocers Wheat Bread, 20 oz loaf","SE Grocers Wheat Bread, 20 oz loaf — Sandwich Bread",SE Grocers,True,20 oz loaf,Bakery,Bread,Sandwich Bread,Bakery,Bread,Sandwich Bread,2.13
grocery,WDX,WDX,WDX920020,"Bounty Bar Soap Personal Care, single","Bounty Bar Soap Personal Care, single — Oral & Body Care",Bounty,False,single,Household,Health & Beauty,Oral & Body Care,Health & Household,Personal Care,Oral & Body Care,4.31
grocery,WDX,WDX,WDX920698,"SE Grocers Frosted Flakes Cereal, 12 oz","SE Grocers Frosted Flakes Cereal, 12 oz — Cereal",SE Grocers,True,12 oz,Grocery,Cereal,Cereal,Dry Grocery,Breakfast & Cereal,Cereal,2.85
grocery,WDX,WDX,WDX920828,"SE Grocers Vegetable Soup, 10.5 oz","SE Grocers Vegetable Soup, 10.5 oz — Canned Soup",SE Grocers,True,10.5 oz,Grocery,Canned Goods,Canned Soup,Dry Grocery,Canned & Packaged,Canned Soup,1.54
grocery,WDX,WDX,WDX921224,"SE Grocers Vanilla Yogurt, 32 oz","SE Grocers Vanilla Yogurt, 32 oz — Regular Yogurt",SE Grocers,True,32 oz,Refrigerated,Yogurt,Regular Yogurt,Dairy & Eggs,Yogurt,Regular Yogurt,0.59
grocery,WDX,WDX,WDX921831,"Fresh Express Organic Apples Fruit, per lb","Fresh Express Organic Apples Fruit, per lb — Organic & Specialty Fruit",Fresh Express,False,per lb,Produce,Fruit,Organic & Specialty Fruit,Produce,Fresh Fruit,Organic & Specialty Fruit,5.55
grocery,WDX,WDX,WDX921985,"Horizon Vitamin D Whole Milk, 1 Gallon","Horizon Vitamin D Whole Milk, 1 Gallon — Whole Milk",Horizon,False,1 Gallon,Refrigerated,Milk,Whole Milk,Dairy & Eggs,Milk,Whole Milk,3.38
grocery,WDX,WDX,WDX923730,"Prego Chickpeas Canned, 15 oz","Prego Chickpeas Canned, 15 oz — Canned Vegetables & Beans",Prego,False,15 oz,Grocery,Canned Goods,Canned Vegetables & Beans,Dry Grocery,Canned & Packaged,Canned Vegetables & Beans,1.18
grocery,WDX,WDX,WDX923857,"SE Grocers Plastic Wrap Storage, 50 ct","SE Grocers Plastic Wrap Storage, 50 ct — Food Storage",SE Grocers,True,50 ct,Household,Cleaning,Food Storage,Health & Household,Cleaning & Paper,Food Storage,3.89
grocery,WDX,WDX,WDX924877,"SE Grocers Spring Mix Salad, 12 oz","SE Grocers Spring Mix Salad, 12 oz — Salad & Greens",SE Grocers,True,12 oz,Produce,Vegetables,Salad & Greens,Produce,Fresh Vegetables,Salad & Greens,2.78
grocery,WDX,WDX,WDX925416,"Coca-Cola Diet Cola Soda, 12-pack cans","Coca-Cola Diet Cola Soda, 12-pack cans — Soda",Coca-Cola,False,12-pack cans,Beverages,Soda,Soda,Beverages,Soft Drinks,Soda,4.9
grocery,WDX,WDX,WDX926649,"SE Grocers Chicken Alfredo Frozen Meal, family size","SE Grocers Chicken Alfredo Frozen Meal, family size — Frozen Entrees",SE Grocers,True,family size,Frozen,Frozen Dinners,Frozen Entrees,Frozen,Frozen Meals,Frozen Entrees,3.36
grocery,WDX,WDX,WDX926990,"SE Grocers Thighs Chicken, per lb","SE Grocers Thighs Chicken, per lb — Chicken",SE Grocers,True,per lb,Meat,Chicken,Chicken,Meat & Seafood,Poultry,Chicken,3.42
grocery,WDX,WDX,WDX929646,"Bounty Napkins Paper, 6 roll","Bounty Napkins Paper, 6 roll — Paper Products",Bounty,False,6 roll,Household,Cleaning,Paper Products,Health & Household,Cleaning & Paper,Paper Products,11.57
grocery,WDX,WDX,WDX929784,"Sara Lee Wheat Bread, 20 oz loaf","Sara Lee Wheat Bread, 20 oz loaf — Sandwich Bread",Sara Lee,False,20 oz loaf,Bakery,Bread,Sandwich Bread,Bakery,Bread,Sandwich Bread,2.58
grocery,WDX,WDX,WDX930699,"Fresh Express Bananas Fruit, per lb","Fresh Express Bananas Fruit, per lb — Bananas & Everyday Fruit",Fresh Express,False,per lb,Produce,Fruit,Bananas & Everyday Fruit,Produce,Fresh Fruit,Bananas & Everyday Fruit,2.55
grocery,WDX,WDX,WDX931768,"Dole Blackberries Berries, 1 pint","Dole Blackberries Berries, 1 pint — Berries",Dole,False,1 pint,Produce,Fruit,Berries,Produce,Fresh Fruit,Berries,3.75
grocery,WDX,WDX,WDX931993,"Stouffer's Peas Frozen Vegetables, 16 oz","Stouffer's Peas Frozen Vegetables, 16 oz — Frozen Vegetables",Stouffer's,False,16 oz,Frozen,Frozen Veg,Frozen Vegetables,Frozen,Frozen Vegetables & Fruit,Frozen Vegetables,2.29
grocery,WDX,WDX,WDX932136,"Huggies Wet Dog Food Pet Food, 12-pack","Huggies Wet Dog Food Pet Food, 12-pack — Pet Food",Huggies,False,12-pack,Baby & Pet,Pet,Pet Food,Baby & Pet,Pet,Pet Food,19.15
grocery,WDX,WDX,WDX932424,"Campbell's Corn Canned, 15 oz","Campbell's Corn Canned, 15 oz — Canned Vegetables & Beans",Campbell's,False,15 oz,Grocery,Canned Goods,Canned Vegetables & Beans,Dry Grocery,Canned & Packaged,Canned Vegetables & Beans,1.28
grocery,WDX,WDX,WDX932655,"SE Grocers Swiss Sliced Cheese, 8 oz","SE Grocers Swiss Sliced Cheese, 8 oz — Sliced Cheese",SE Grocers,True,8 oz,Refrigerated,Dairy Cheese,Sliced Cheese,Dairy & Eggs,Cheese,Sliced Cheese,2.71
grocery,WDX,WDX,WDX932749,"SE Grocers Fruit Punch Juice, 64 oz","SE Grocers Fruit Punch Juice, 64 oz — Juice",SE Grocers,True,64 oz,Beverages,Juice,Juice,Beverages,Juice & Tea,Juice,2.99
grocery,WDX,WDX,WDX934335,"Lay's Cheese Crackers Crackers, 12 oz","Lay's Cheese Crackers Crackers, 12 oz — Crackers",Lay's,False,12 oz,Snacks,Chips,Crackers,Snacks & Candy,Salty Snacks,Crackers,2.86
grocery,WDX,WDX,WDX934875,"Driscoll's Carrots Vegetables, 2 lb bag","Driscoll's Carrots Vegetables, 2 lb bag — Everyday Vegetables",Driscoll's,False,2 lb bag,Produce,Vegetables,Everyday Vegetables,Produce,Fresh Vegetables,Everyday Vegetables,2.41
grocery,WDX,WDX,WDX935354,"SE Grocers 93/7 Lean Ground Ground Beef, 3 lb","SE Grocers 93/7 Lean Ground Ground Beef, 3 lb — Ground Beef",SE Grocers,True,3 lb,Meat,Fresh Beef,Ground Beef,Meat & Seafood,Beef,Ground Beef,4.36
grocery,WDX,WDX,WDX935440,"Huggies Infant Formula Baby Food, 12 oz","Huggies Infant Formula Baby Food, 12 oz — Formula & Baby Food",Huggies,False,12 oz,Baby & Pet,Baby,Formula & Baby Food,Baby & Pet,Baby,Formula & Baby Food,13.89
grocery,WDX,WDX,WDX935937,"Barilla Vegetable Soup, 10.5 oz","Barilla Vegetable Soup, 10.5 oz — Canned Soup",Barilla,False,10.5 oz,Grocery,Canned Goods,Canned Soup,Dry Grocery,Canned & Packaged,Canned Soup,2.02
grocery,WDX,WDX,WDX936884,"SE Grocers Apple Juice Juice, 64 oz","SE Grocers Apple Juice Juice, 64 oz — Juice",SE Grocers,True,64 oz,Beverages,Juice,Juice,Beverages,Juice & Tea,Juice,2.99
grocery,WDX,WDX,WDX937148,"Tide Trash Bags Storage, gallon","Tide Trash Bags Storage, gallon — Food Storage",Tide,False,gallon,Household,Cleaning,Food Storage,Health & Household,Cleaning & Paper,Food Storage,4.98
grocery,WDX,WDX,WDX937273,"Tostitos Tortilla Chips Chips, 8 oz","Tostitos Tortilla Chips Chips, 8 oz — Potato & Tortilla Chips",Tostitos,False,8 oz,Snacks,Chips,Potato & Tortilla Chips,Snacks & Candy,Salty Snacks,Potato & Tortilla Chips,4.45
grocery,WDX,WDX,WDX938327,"Coca-Cola Iced Tea Tea, 59 oz","Coca-Cola Iced Tea Tea, 59 oz — Tea & Mixers",Coca-Cola,False,59 oz,Beverages,Juice,Tea & Mixers,Beverages,Juice & Tea,Tea & Mixers,3.32
grocery,WDX,WDX,WDX939079,"Driscoll's Raspberries Berries, 2 lb","Driscoll's Raspberries Berries, 2 lb — Berries",Driscoll's,False,2 lb,Produce,Fruit,Berries,Produce,Fresh Fruit,Berries,4.46
grocery,WDX,WDX,WDX939209,"Tyson Salmon Fillet Seafood, 12 oz","Tyson Salmon Fillet Seafood, 12 oz — Fish & Shellfish",Tyson,False,12 oz,Meat,Seafood,Fish & Shellfish,Meat & Seafood,Seafood,Fish & Shellfish,9.28
grocery,WDX,WDX,WDX940030,"SE Grocers Foil Storage, 13 gal","SE Grocers Foil Storage, 13 gal — Food Storage",SE Grocers,True,13 gal,Household,Cleaning,Food Storage,Health & Household,Cleaning & Paper,Food Storage,4.39
grocery,WDX,WDX,WDX940474,"Tyson Italian Sausage Bacon, 16 oz","Tyson Italian Sausage Bacon, 16 oz — Bacon & Sausage",Tyson,False,16 oz,Meat,Pork,Bacon & Sausage,Meat & Seafood,Pork,Bacon & Sausage,5.38
grocery,WDX,WDX,WDX940827,"SE Grocers Meat Sauce Sauce, 24 oz","SE Grocers Meat Sauce Sauce, 24 oz — Pasta Sauce",SE Grocers,True,24 oz,Grocery,Pasta,Pasta Sauce,Dry Grocery,Pasta & Sauce,Pasta Sauce,2.39
grocery,WDX,WDX,WDX942999,"SE Grocers 2% Reduced Fat Milk, 1 Gallon","SE Grocers 2% Reduced Fat Milk, 1 Gallon — 2% Reduced-Fat Milk",SE Grocers,True,1 Gallon,Refrigerated,Milk,2% Reduced-Fat Milk,Dairy & Eggs,Milk,2% Reduced-Fat Milk,2.45
grocery,WDX,WDX,WDX943760,"Coca-Cola Electrolyte Sports Drink, 12-pack","Coca-Cola Electrolyte Sports Drink, 12-pack — Sports & Energy Drinks",Coca-Cola,False,12-pack,Beverages,Water,Sports & Energy Drinks,Beverages,Water & Sports,Sports & Energy Drinks,5.56
grocery,WDX,WDX,WDX944426,"Ben & Jerry's Lasagna Frozen Meal, 10 oz","Ben & Jerry's Lasagna Frozen Meal, 10 oz — Frozen Entrees",Ben & Jerry's,False,10 oz,Frozen,Frozen Dinners,Frozen Entrees,Frozen,Frozen Meals,Frozen Entrees,4.41
grocery,WDX,WDX,WDX945875,"Lay's Kettle Chips Chips, 8 oz","Lay's Kettle Chips Chips, 8 oz — Potato & Tortilla Chips",Lay's,False,8 oz,Snacks,Chips,Potato & Tortilla Chips,Snacks & Candy,Salty Snacks,Potato & Tortilla Chips,3.92
grocery,WDX,WDX,WDX945942,"Horizon Mozzarella Shredded Cheese, 16 oz","Horizon Mozzarella Shredded Cheese, 16 oz — Shredded Cheese",Horizon,False,16 oz,Refrigerated,Dairy Cheese,Shredded Cheese,Dairy & Eggs,Cheese,Shredded Cheese,3.69
grocery,WDX,WDX,WDX946942,"SE Grocers Marinara Sauce, 24 oz","SE Grocers Marinara Sauce, 24 oz — Pasta Sauce",SE Grocers,True,24 oz,Grocery,Pasta,Pasta Sauce,Dry Grocery,Pasta & Sauce,Pasta Sauce,2.29
grocery,WDX,WDX,WDX947100,"SE Grocers Cheddar Shredded Cheese, 16 oz","SE Grocers Cheddar Shredded Cheese, 16 oz — Shredded Cheese",SE Grocers,True,16 oz,Refrigerated,Dairy Cheese,Shredded Cheese,Dairy & Eggs,Cheese,Shredded Cheese,2.91
grocery,WDX,WDX,WDX949264,"SE Grocers Liquid Detergent Laundry, 50 oz","SE Grocers Liquid Detergent Laundry, 50 oz — Laundry",SE Grocers,True,50 oz,Household,Cleaning,Laundry,Health & Household,Cleaning & Paper,Laundry,9.25
grocery,WDX,WDX,WDX949412,"Barilla Vegetable Soup, 18 oz","Barilla Vegetable Soup, 18 oz — Canned Soup",Barilla,False,18 oz,Grocery,Canned Goods,Canned Soup,Dry Grocery,Canned & Packaged,Canned Soup,2.16
grocery,WDX,WDX,WDX951106,"Tide Bleach Cleaner, 24 oz","Tide Bleach Cleaner, 24 oz — Cleaning Supplies",Tide,False,24 oz,Household,Cleaning,Cleaning Supplies,Health & Household,Cleaning & Paper,Cleaning Supplies,4.24
grocery,WDX,WDX,WDX951774,"Barilla Old Fashioned Oats Oatmeal, 42 oz","Barilla Old Fashioned Oats Oatmeal, 42 oz — Oatmeal & Hot Cereal",Barilla,False,42 oz,Grocery,Cereal,Oatmeal & Hot Cereal,Dry Grocery,Breakfast & Cereal,Oatmeal & Hot Cereal,4.07
grocery,WDX,WDX,WDX952169,"Dole Russet Potatoes Vegetables, 2 lb bag","Dole Russet Potatoes Vegetables, 2 lb bag — Everyday Vegetables",Dole,False,2 lb bag,Produce,Vegetables,Everyday Vegetables,Produce,Fresh Vegetables,Everyday Vegetables,2.12
grocery,WDX,WDX,WDX952405,"SE Grocers Queso Salsa, 16 oz","SE Grocers Queso Salsa, 16 oz — Salsa & Dips",SE Grocers,True,16 oz,Snacks,Chips,Salsa & Dips,Snacks & Candy,Salty Snacks,Salsa & Dips,2.73
grocery,WDX,WDX,WDX953966,"Coca-Cola Cranberry Juice, 52 oz","Coca-Cola Cranberry Juice, 52 oz — Juice",Coca-Cola,False,52 oz,Beverages,Juice,Juice,Beverages,Juice & Tea,Juice,3.59
grocery,WDX,WDX,WDX954462,"Fairlife Gouda Cheese, 8 oz","Fairlife Gouda Cheese, 8 oz — Specialty Cheese",Fairlife,False,8 oz,Refrigerated,Dairy Cheese,Specialty Cheese,Dairy & Eggs,Cheese,Specialty Cheese,6.05
grocery,WDX,WDX,WDX954496,"Perdue Thighs Chicken, family pack","Perdue Thighs Chicken, family pack — Chicken",Perdue,False,family pack,Meat,Chicken,Chicken,Meat & Seafood,Poultry,Chicken,5.08
grocery,WDX,WDX,WDX956974,"SE Grocers Italian Sausage Bacon, 12 oz","SE Grocers Italian Sausage Bacon, 12 oz — Bacon & Sausage",SE Grocers,True,12 oz,Meat,Pork,Bacon & Sausage,Meat & Seafood,Pork,Bacon & Sausage,4.05
grocery,WDX,WDX,WDX957571,"SE Grocers Cheese Pizza, single","SE Grocers Cheese Pizza, single — Frozen Pizza",SE Grocers,True,single,Frozen,Frozen Dinners,Frozen Pizza,Frozen,Frozen Meals,Frozen Pizza,4.33
grocery,WDX,WDX,WDX957588,"Huggies Diapers Size 1 Baby, jumbo pack","Huggies Diapers Size 1 Baby, jumbo pack — Diapers & Wipes",Huggies,False,jumbo pack,Baby & Pet,Baby,Diapers & Wipes,Baby & Pet,Baby,Diapers & Wipes,24.24
grocery,WDX,WDX,WDX957840,"SE Grocers Italian Dressing Condiment, 16 oz","SE Grocers Italian Dressing Condiment, 16 oz — Condiments & Dressings",SE Grocers,True,16 oz,Grocery,Condiments,Condiments & Dressings,Dry Grocery,Condiments,Condiments & Dressings,2.63
grocery,WDX,WDX,WDX961526,"SE Grocers Raspberries Berries, 1 pint","SE Grocers Raspberries Berries, 1 pint — Berries",SE Grocers,True,1 pint,Produce,Fruit,Berries,Produce,Fresh Fruit,Berries,3.09
grocery,WDX,WDX,WDX961684,"Horizon Vanilla Yogurt, 32 oz","Horizon Vanilla Yogurt, 32 oz — Regular Yogurt",Horizon,False,32 oz,Refrigerated,Yogurt,Regular Yogurt,Dairy & Eggs,Yogurt,Regular Yogurt,0.75
grocery,WDX,WDX,WDX962352,"Coca-Cola Diet Cola Soda, 2 Liter","Coca-Cola Diet Cola Soda, 2 Liter — Soda",Coca-Cola,False,2 Liter,Beverages,Soda,Soda,Beverages,Soft Drinks,Soda,5.47
grocery,WDX,WDX,WDX962634,"SE Grocers 2% Reduced Fat Milk, 1 Gallon","SE Grocers 2% Reduced Fat Milk, 1 Gallon — 2% Reduced-Fat Milk",SE Grocers,True,1 Gallon,Refrigerated,Milk,2% Reduced-Fat Milk,Dairy & Eggs,Milk,2% Reduced-Fat Milk,2.63
grocery,WDX,WDX,WDX963093,"Dole Navel Oranges Fruit, 3 lb bag","Dole Navel Oranges Fruit, 3 lb bag — Bananas & Everyday Fruit",Dole,False,3 lb bag,Produce,Fruit,Bananas & Everyday Fruit,Produce,Fresh Fruit,Bananas & Everyday Fruit,2.36
grocery,WDX,WDX,WDX963562,"SE Grocers Cat Treats Pet, 20 lb","SE Grocers Cat Treats Pet, 20 lb — Pet Treats & Supplies",SE Grocers,True,20 lb,Baby & Pet,Pet,Pet Treats & Supplies,Baby & Pet,Pet,Pet Treats & Supplies,5.26
grocery,WDX,WDX,WDX963586,"Prego Quinoa Rice, 2 lb","Prego Quinoa Rice, 2 lb — Rice & Grains",Prego,False,2 lb,Grocery,Rice & Beans,Rice & Grains,Dry Grocery,Rice & Grains,Rice & Grains,3.65
grocery,WDX,WDX,WDX963799,"Doritos Potato Chips Chips, 13 oz","Doritos Potato Chips Chips, 13 oz — Potato & Tortilla Chips",Doritos,False,13 oz,Snacks,Chips,Potato & Tortilla Chips,Snacks & Candy,Salty Snacks,Potato & Tortilla Chips,4.19
grocery,WDX,WDX,WDX963854,"SE Grocers Potato Chips Chips, 13 oz","SE Grocers Potato Chips Chips, 13 oz — Potato & Tortilla Chips",SE Grocers,True,13 oz,Snacks,Chips,Potato & Tortilla Chips,Snacks & Candy,Salty Snacks,Potato & Tortilla Chips,3.14
grocery,WDX,WDX,WDX963876,"Doritos Butter Crackers Crackers, 16 oz","Doritos Butter Crackers Crackers, 16 oz — Crackers",Doritos,False,16 oz,Snacks,Chips,Crackers,Snacks & Candy,Salty Snacks,Crackers,3.43
grocery,WDX,WDX,WDX966060,"Tostitos Chocolate Bars Candy, 10 oz","Tostitos Chocolate Bars Candy, 10 oz — Candy & Chocolate",Tostitos,False,10 oz,Snacks,Candy,Candy & Chocolate,Snacks & Candy,Cookies & Candy,Candy & Chocolate,3.46
grocery,WDX,WDX,WDX966671,"SE Grocers Chocolate Chip Cookies, 13 oz","SE Grocers Chocolate Chip Cookies, 13 oz — Cookies",SE Grocers,True,13 oz,Snacks,Candy,Cookies,Snacks & Candy,Cookies & Candy,Cookies,2.78
grocery,WDX,WDX,WDX967316,"Doritos Tortilla Chips Chips, 8 oz","Doritos Tortilla Chips Chips, 8 oz — Potato & Tortilla Chips",Doritos,False,8 oz,Snacks,Chips,Potato & Tortilla Chips,Snacks & Candy,Salty Snacks,Potato & Tortilla Chips,4.33
grocery,WDX,WDX,WDX967374,"Progresso Marinara Sauce, 24 oz","Progresso Marinara Sauce, 24 oz — Pasta Sauce",Progresso,False,24 oz,Grocery,Pasta,Pasta Sauce,Dry Grocery,Pasta & Sauce,Pasta Sauce,3.34
grocery,WDX,WDX,WDX968232,"SE Grocers Tomato Basil Sauce, 24 oz","SE Grocers Tomato Basil Sauce, 24 oz — Pasta Sauce",SE Grocers,True,24 oz,Grocery,Pasta,Pasta Sauce,Dry Grocery,Pasta & Sauce,Pasta Sauce,2.48
grocery,WDX,WDX,WDX969849,"SE Grocers Vanilla Ice Cream, 1 pint","SE Grocers Vanilla Ice Cream, 1 pint — Ice Cream",SE Grocers,True,1 pint,Frozen,Ice Cream,Ice Cream,Frozen,Ice Cream & Novelties,Ice Cream,3.53
grocery,WDX,WDX,WDX969929,"SE Grocers Corn Canned, 15 oz","SE Grocers Corn Canned, 15 oz — Canned Vegetables & Beans",SE Grocers,True,15 oz,Grocery,Canned Goods,Canned Vegetables & Beans,Dry Grocery,Canned & Packaged,Canned Vegetables & Beans,0.91
grocery,WDX,WDX,WDX970321,"Dole Caesar Kit Salad, 12 oz","Dole Caesar Kit Salad, 12 oz — Salad & Greens",Dole,False,12 oz,Produce,Vegetables,Salad & Greens,Produce,Fresh Vegetables,Salad & Greens,3.21
grocery,WDX,WDX,WDX970555,"Stouffer's Mixed Vegetables Frozen Vegetables, 16 oz","Stouffer's Mixed Vegetables Frozen Vegetables, 16 oz — Frozen Vegetables",Stouffer's,False,16 oz,Frozen,Frozen Veg,Frozen Vegetables,Frozen,Frozen Vegetables & Fruit,Frozen Vegetables,2.25
grocery,WDX,WDX,WDX972219,"Sara Lee Bagels Bakery, 6 ct","Sara Lee Bagels Bakery, 6 ct — Pastries & Bagels",Sara Lee,False,6 ct,Bakery,Bakery Treats,Pastries & Bagels,Bakery,Bakery Sweets,Pastries & Bagels,4.17
grocery,WDX,WDX,WDX974158,"Driscoll's Celery Vegetables, 2 lb bag","Driscoll's Celery Vegetables, 2 lb bag — Everyday Vegetables",Driscoll's,False,2 lb bag,Produce,Vegetables,Everyday Vegetables,Produce,Fresh Vegetables,Everyday Vegetables,2.33
grocery,WDX,WDX,WDX975557,"Coca-Cola Green Tea Tea, 59 oz","Coca-Cola Green Tea Tea, 59 oz — Tea & Mixers",Coca-Cola,False,59 oz,Beverages,Juice,Tea & Mixers,Beverages,Juice & Tea,Tea & Mixers,3.24
grocery,WDX,WDX,WDX976274,"Nature's Own Bagels Bakery, 6 ct","Nature's Own Bagels Bakery, 6 ct — Pastries & Bagels",Nature's Own,False,6 ct,Bakery,Bakery Treats,Pastries & Bagels,Bakery,Bakery Sweets,Pastries & Bagels,3.48
grocery,WDX,WDX,WDX978304,"Tyson Ham Lunch Meat, 16 oz","Tyson Ham Lunch Meat, 16 oz — Lunch Meat",Tyson,False,16 oz,Meat,Deli,Lunch Meat,Meat & Seafood,Deli,Lunch Meat,4.93
grocery,WDX,WDX,WDX979653,"SE Grocers Butter Crackers Crackers, 12 oz","SE Grocers Butter Crackers Crackers, 12 oz — Crackers",SE Grocers,True,12 oz,Snacks,Chips,Crackers,Snacks & Candy,Salty Snacks,Crackers,2.35
grocery,WDX,WDX,WDX980458,"Barilla Quinoa Rice, 5 lb","Barilla Quinoa Rice, 5 lb — Rice & Grains",Barilla,False,5 lb,Grocery,Rice & Beans,Rice & Grains,Dry Grocery,Rice & Grains,Rice & Grains,3.4
grocery,WDX,WDX,WDX981315,"Doritos Vanilla Wafers Cookies, 13 oz","Doritos Vanilla Wafers Cookies, 13 oz — Cookies",Doritos,False,13 oz,Snacks,Candy,Cookies,Snacks & Candy,Cookies & Candy,Cookies,3.64
grocery,WDX,WDX,WDX982692,"Barilla Mustard Condiment, 16 oz","Barilla Mustard Condiment, 16 oz — Condiments & Dressings",Barilla,False,16 oz,Grocery,Condiments,Condiments & Dressings,Dry Grocery,Condiments,Condiments & Dressings,2.87
grocery,WDX,WDX,WDX983026,"Pepsi Lemonade Tea, 59 oz","Pepsi Lemonade Tea, 59 oz — Tea & Mixers",Pepsi,False,59 oz,Beverages,Juice,Tea & Mixers,Beverages,Juice & Tea,Tea & Mixers,4.01
grocery,WDX,WDX,WDX983235,"Fairlife Vanilla Greek Yogurt, 32 oz","Fairlife Vanilla Greek Yogurt, 32 oz — Greek Yogurt",Fairlife,False,32 oz,Refrigerated,Yogurt,Greek Yogurt,Dairy & Eggs,Yogurt,Greek Yogurt,1.29
grocery,WDX,WDX,WDX983423,"Pepsi Cola Soda, 2 Liter","Pepsi Cola Soda, 2 Liter — Soda",Pepsi,False,2 Liter,Beverages,Soda,Soda,Beverages,Soft Drinks,Soda,5.91
grocery,WDX,WDX,WDX983569,"Nature's Own White Bread, 20 oz loaf","Nature's Own White Bread, 20 oz loaf — Sandwich Bread",Nature's Own,False,20 oz loaf,Bakery,Bread,Sandwich Bread,Bakery,Bread,Sandwich Bread,2.53
grocery,WDX,WDX,WDX984043,"Driscoll's Romaine Salad, 5 oz","Driscoll's Romaine Salad, 5 oz — Salad & Greens",Driscoll's,False,5 oz,Produce,Vegetables,Salad & Greens,Produce,Fresh Vegetables,Salad & Greens,3.3
grocery,WDX,WDX,WDX985118,"Tide Foil Storage, 50 ct","Tide Foil Storage, 50 ct — Food Storage",Tide,False,50 ct,Household,Cleaning,Food Storage,Health & Household,Cleaning & Paper,Food Storage,5.53
grocery,WDX,WDX,WDX985843,"SE Grocers Stir Fry Blend Frozen Vegetables, 12 oz","SE Grocers Stir Fry Blend Frozen Vegetables, 12 oz — Frozen Vegetables",SE Grocers,True,12 oz,Frozen,Frozen Veg,Frozen Vegetables,Frozen,Frozen Vegetables & Fruit,Frozen Vegetables,1.6
grocery,WDX,WDX,WDX986028,"SE Grocers Elbow Macaroni Pasta, 16 oz","SE Grocers Elbow Macaroni Pasta, 16 oz — Pasta",SE Grocers,True,16 oz,Grocery,Pasta,Pasta,Dry Grocery,Pasta & Sauce,Pasta,1.45
grocery,WDX,WDX,WDX986228,"SE Grocers Quick Oats Oatmeal, 18 oz","SE Grocers Quick Oats Oatmeal, 18 oz — Oatmeal & Hot Cereal",SE Grocers,True,18 oz,Grocery,Cereal,Oatmeal & Hot Cereal,Dry Grocery,Breakfast & Cereal,Oatmeal & Hot Cereal,3.25
grocery,WDX,WDX,WDX987604,"Prego Raisin Bran Cereal, 12 oz","Prego Raisin Bran Cereal, 12 oz — Cereal",Prego,False,12 oz,Grocery,Cereal,Cereal,Dry Grocery,Breakfast & Cereal,Cereal,4.01
grocery,WDX,WDX,WDX987910,"Dole Carrots Vegetables, per lb","Dole Carrots Vegetables, per lb — Everyday Vegetables",Dole,False,per lb,Produce,Vegetables,Everyday Vegetables,Produce,Fresh Vegetables,Everyday Vegetables,1.94
grocery,WDX,WDX,WDX988970,"Barilla Marinara Sauce, 24 oz","Barilla Marinara Sauce, 24 oz — Pasta Sauce",Barilla,False,24 oz,Grocery,Pasta,Pasta Sauce,Dry Grocery,Pasta & Sauce,Pasta Sauce,2.82
grocery,WDX,WDX,WDX988996,"Dole Spinach Salad, 5 oz","Dole Spinach Salad, 5 oz — Salad & Greens",Dole,False,5 oz,Produce,Vegetables,Salad & Greens,Produce,Fresh Vegetables,Salad & Greens,3.02
grocery,WDX,WDX,WDX990177,"SE Grocers Chickpeas Canned, 15 oz","SE Grocers Chickpeas Canned, 15 oz — Canned Vegetables & Beans",SE Grocers,True,15 oz,Grocery,Canned Goods,Canned Vegetables & Beans,Dry Grocery,Canned & Packaged,Canned Vegetables & Beans,0.9
grocery,WDX,WDX,WDX992487,"Driscoll's Spring Mix Salad, 5 oz","Driscoll's Spring Mix Salad, 5 oz — Salad & Greens",Driscoll's,False,5 oz,Produce,Vegetables,Salad & Greens,Produce,Fresh Vegetables,Salad & Greens,3.41
grocery,WDX,WDX,WDX992657,"Prego Granola Cereal, 18 oz","Prego Granola Cereal, 18 oz — Cereal",Prego,False,18 oz,Grocery,Cereal,Cereal,Dry Grocery,Breakfast & Cereal,Cereal,4.26
grocery,WDX,WDX,WDX992730,"Pampers Baby Cereal Baby Food, 12 oz","Pampers Baby Cereal Baby Food, 12 oz — Formula & Baby Food",Pampers,False,12 oz,Baby & Pet,Baby,Formula & Baby Food,Baby & Pet,Baby,Formula & Baby Food,13.16
grocery,WDX,WDX,WDX994912,"SE Grocers Fat Free Skim Milk, 1 Gallon","SE Grocers Fat Free Skim Milk, 1 Gallon — Skim & Low-Fat Milk",SE Grocers,True,1 Gallon,Refrigerated,Milk,Skim & Low-Fat Milk,Dairy & Eggs,Milk,Skim & Low-Fat Milk,2.7
grocery,WDX,WDX,WDX996185,"Fairlife Swiss Sliced Cheese, 12 oz","Fairlife Swiss Sliced Cheese, 12 oz — Sliced Cheese",Fairlife,False,12 oz,Refrigerated,Dairy Cheese,Sliced Cheese,Dairy & Eggs,Cheese,Sliced Cheese,3.81
grocery,WDX,WDX,WDX996490,"Bounty Bath Tissue Paper, 6 roll","Bounty Bath Tissue Paper, 6 roll — Paper Products",Bounty,False,6 roll,Household,Cleaning,Paper Products,Health & Household,Cleaning & Paper,Paper Products,11.37
grocery,WDX,WDX,WDX997360,"Doritos Sandwich Cookies Cookies, 18 oz","Doritos Sandwich Cookies Cookies, 18 oz — Cookies",Doritos,False,18 oz,Snacks,Candy,Cookies,Snacks & Candy,Cookies & Candy,Cookies,3.89
grocery,WDX,WDX,WDX998148,"Pepsi Sparkling Water Water, 24-pack","Pepsi Sparkling Water Water, 24-pack — Water",Pepsi,False,24-pack,Beverages,Water,Water,Beverages,Water & Sports,Water,4.52
grocery,WDX,WDX,WDX998160,"Driscoll's Russet Potatoes Vegetables, 2 lb bag","Driscoll's Russet Potatoes Vegetables, 2 lb bag — Everyday Vegetables",Driscoll's,False,2 lb bag,Produce,Vegetables,Everyday Vegetables,Produce,Fresh Vegetables,Everyday Vegetables,2.26
grocery,WDX,WDX,WDX998521,"Bounty Toothpaste Personal Care, 2-pack","Bounty Toothpaste Personal Care, 2-pack — Oral & Body Care",Bounty,False,2-pack,Household,Health & Beauty,Oral & Body Care,Health & Household,Personal Care,Oral & Body Care,4.38
grocery,WDX,WDX,WDX999135,"Coca-Cola Energy Drink Sports Drink, 8-pack","Coca-Cola Energy Drink Sports Drink, 8-pack — Sports & Energy Drinks",Coca-Cola,False,8-pack,Beverages,Water,Sports & Energy Drinks,Beverages,Water & Sports,Sports & Energy Drinks,5.18
grocery,WDX,WDX,WDX999298,"Stouffer's Thin Crust Pizza, 2-pack","Stouffer's Thin Crust Pizza, 2-pack — Frozen Pizza",Stouffer's,False,2-pack,Frozen,Frozen Dinners,Frozen Pizza,Frozen,Frozen Meals,Frozen Pizza,5.7
qsr,BKG,BKG,BKG-0001,Whopper,Whopper — Burger,Burger King,False,,Menu,Flame-Grilled Burgers,Whopper,QSR Menu,Entrée,Burger,6.99
qsr,BKG,BKG,BKG-0002,Whopper Jr.,Whopper Jr. — Burger,Burger King,False,,Menu,Flame-Grilled Burgers,Whopper,QSR Menu,Entrée,Burger,2.99
qsr,BKG,BKG,BKG-0003,Double Whopper,Double Whopper — Burger,Burger King,False,,Menu,Flame-Grilled Burgers,Whopper,QSR Menu,Entrée,Burger,8.49
qsr,BKG,BKG,BKG-0004,Triple Whopper,Triple Whopper — Burger,Burger King,False,,Menu,Flame-Grilled Burgers,Whopper,QSR Menu,Entrée,Burger,9.99
qsr,BKG,BKG,BKG-0005,Bacon King,Bacon King — Burger,Burger King,False,,Menu,Flame-Grilled Burgers,King,QSR Menu,Entrée,Burger,8.99
qsr,BKG,BKG,BKG-0006,Impossible Whopper,Impossible Whopper — Burger,Burger King,False,,Menu,Flame-Grilled Burgers,Whopper,QSR Menu,Entrée,Burger,7.49
qsr,BKG,BKG,BKG-0007,Texas Double Whopper,Texas Double Whopper — Burger,Burger King,False,,Menu,Flame-Grilled Burgers,Whopper,QSR Menu,Entrée,Burger,8.99
qsr,BKG,BKG,BKG-0008,Hamburger,Hamburger — Burger,Burger King,False,,Menu,Flame-Grilled Burgers,Value,QSR Menu,Entrée,Burger,1.99
qsr,BKG,BKG,BKG-0009,Cheeseburger,Cheeseburger — Burger,Burger King,False,,Menu,Flame-Grilled Burgers,Value,QSR Menu,Entrée,Burger,2.29
qsr,BKG,BKG,BKG-0010,Double Cheeseburger,Double Cheeseburger — Burger,Burger King,False,,Menu,Flame-Grilled Burgers,Value,QSR Menu,Entrée,Burger,3.49
qsr,BKG,BKG,BKG-0011,Bacon Cheeseburger,Bacon Cheeseburger — Burger,Burger King,False,,Menu,Flame-Grilled Burgers,Value,QSR Menu,Entrée,Burger,2.99
qsr,BKG,BKG,BKG-0012,Bacon Double Cheeseburger,Bacon Double Cheeseburger — Burger,Burger King,False,,Menu,Flame-Grilled Burgers,Value,QSR Menu,Entrée,Burger,4.29
qsr,BKG,BKG,BKG-0013,Whopper Melt,Whopper Melt — Burger,Burger King,False,,Menu,Flame-Grilled Burgers,Melts,QSR Menu,Entrée,Burger,5.49
qsr,BKG,BKG,BKG-0014,Bacon Whopper Melt,Bacon Whopper Melt — Burger,Burger King,False,,Menu,Flame-Grilled Burgers,Melts,QSR Menu,Entrée,Burger,5.99
qsr,BKG,BKG,BKG-0015,Rodeo Burger,Rodeo Burger — Burger,Burger King,False,,Menu,Flame-Grilled Burgers,Value,QSR Menu,Entrée,Burger,2.49
qsr,BKG,BKG,BKG-0016,Single Quarter Pound King,Single Quarter Pound King — Burger,Burger King,False,,Menu,Flame-Grilled Burgers,King,QSR Menu,Entrée,Burger,4.99
qsr,BKG,BKG,BKG-0017,Double Quarter Pound King,Double Quarter Pound King — Burger,Burger King,False,,Menu,Flame-Grilled Burgers,King,QSR Menu,Entrée,Burger,6.49
qsr,BKG,BKG,BKG-0018,Original Chicken Sandwich,Original Chicken Sandwich — Chicken Sandwich,Burger King,False,,Menu,Chicken & Fish,Chicken Sandwiches,QSR Menu,Entrée,Chicken Sandwich,5.49
qsr,BKG,BKG,BKG-0019,Royal Crispy Chicken Sandwich,Royal Crispy Chicken Sandwich — Chicken Sandwich,Burger King,False,,Menu,Chicken & Fish,Chicken Sandwiches,QSR Menu,Entrée,Chicken Sandwich,5.99
qsr,BKG,BKG,BKG-0020,Spicy Royal Crispy Chicken Sandwich,Spicy Royal Crispy Chicken Sandwich — Chicken Sandwich,Burger King,False,,Menu,Chicken & Fish,Chicken Sandwiches,QSR Menu,Entrée,Chicken Sandwich,5.99
qsr,BKG,BKG,BKG-0021,BK Royal Crispy Wrap,BK Royal Crispy Wrap — Wrap/Handheld,Burger King,False,,Menu,Chicken & Fish,Wraps,QSR Menu,Entrée,Wrap/Handheld,2.99
qsr,BKG,BKG,BKG-0022,Big Fish Sandwich,Big Fish Sandwich — Fish Sandwich,Burger King,False,,Menu,Chicken & Fish,Fish,QSR Menu,Entrée,Fish Sandwich,5.49
qsr,BKG,BKG,BKG-0023,Chicken Nuggets (4 pc),Chicken Nuggets (4 pc) — Chicken Nuggets,Burger King,False,,Menu,Chicken & Fish,Nuggets,QSR Menu,Chicken,Chicken Nuggets,1.99
qsr,BKG,BKG,BKG-0024,Chicken Nuggets (8 pc),Chicken Nuggets (8 pc) — Chicken Nuggets,Burger King,False,,Menu,Chicken & Fish,Nuggets,QSR Menu,Chicken,Chicken Nuggets,3.49
qsr,BKG,BKG,BKG-0025,Chicken Nuggets (10 pc),Chicken Nuggets (10 pc) — Chicken Nuggets,Burger King,False,,Menu,Chicken & Fish,Nuggets,QSR Menu,Chicken,Chicken Nuggets,3.99
qsr,BKG,BKG,BKG-0026,Chicken Fries (9 pc),Chicken Fries (9 pc) — Chicken Fries,Burger King,False,,Menu,Chicken & Fish,Chicken Fries,QSR Menu,Chicken,Chicken Fries,3.99
qsr,BKG,BKG,BKG-0027,French Fries (Value),French Fries (Value) — Fries,Burger King,False,,Menu,Sides,Fries,QSR Menu,Sides,Fries,1.99
qsr,BKG,BKG,BKG-0028,French Fries (Medium),French Fries (Medium) — Fries,Burger King,False,,Menu,Sides,Fries,QSR Menu,Sides,Fries,2.99
qsr,BKG,BKG,BKG-0029,French Fries (Large),French Fries (Large) — Fries,Burger King,False,,Menu,Sides,Fries,QSR Menu,Sides,Fries,3.49
qsr,BKG,BKG,BKG-0030,Onion Rings (Value),Onion Rings (Value) — Onion Rings,Burger King,False,,Menu,Sides,Onion Rings,QSR Menu,Sides,Onion Rings,1.99
qsr,BKG,BKG,BKG-0031,Onion Rings (Medium),Onion Rings (Medium) — Onion Rings,Burger King,False,,Menu,Sides,Onion Rings,QSR Menu,Sides,Onion Rings,2.99
qsr,BKG,BKG,BKG-0032,Mozzarella Sticks (4 pc),Mozzarella Sticks (4 pc) — Cheese Sticks,Burger King,False,,Menu,Sides,Sides,QSR Menu,Sides,Cheese Sticks,3.49
qsr,BKG,BKG,BKG-0033,Cheesy Tots (8 pc),Cheesy Tots (8 pc) — Potatoes,Burger King,False,,Menu,Sides,Sides,QSR Menu,Sides,Potatoes,2.99
qsr,BKG,BKG,BKG-0034,Fountain Drink (Value),Fountain Drink (Value) — Fountain Soft Drink,Burger King,False,,Menu,Drinks,Soft Drinks,QSR Menu,Beverages,Fountain Soft Drink,1.99
qsr,BKG,BKG,BKG-0035,Fountain Drink (Medium),Fountain Drink (Medium) — Fountain Soft Drink,Burger King,False,,Menu,Drinks,Soft Drinks,QSR Menu,Beverages,Fountain Soft Drink,2.29
qsr,BKG,BKG,BKG-0036,Fountain Drink (Large),Fountain Drink (Large) — Fountain Soft Drink,Burger King,False,,Menu,Drinks,Soft Drinks,QSR Menu,Beverages,Fountain Soft Drink,2.79
qsr,BKG,BKG,BKG-0037,Frozen Fanta Blue Raspberry,Frozen Fanta Blue Raspberry — Frozen Drink,Burger King,False,,Menu,Drinks,Frozen,QSR Menu,Beverages,Frozen Drink,1.99
qsr,BKG,BKG,BKG-0038,Frozen Coca-Cola,Frozen Coca-Cola — Frozen Drink,Burger King,False,,Menu,Drinks,Frozen,QSR Menu,Beverages,Frozen Drink,1.99
qsr,BKG,BKG,BKG-0039,Iced Coffee,Iced Coffee — Coffee,Burger King,False,,Menu,BK Café,Coffee,QSR Menu,Beverages,Coffee,1.99
qsr,BKG,BKG,BKG-0040,Brewed Coffee,Brewed Coffee — Coffee,Burger King,False,,Menu,BK Café,Coffee,QSR Menu,Beverages,Coffee,1.49
qsr,BKG,BKG,BKG-0041,Bottled Water,Bottled Water — Bottled,Burger King,False,,Menu,Drinks,Bottled,QSR Menu,Beverages,Bottled,1.99
qsr,BKG,BKG,BKG-0042,Orange Juice,Orange Juice — Juice,Burger King,False,,Menu,Drinks,Juice,QSR Menu,Beverages,Juice,2.49
qsr,BKG,BKG,BKG-0043,"Sausage, Egg & Cheese Croissan'wich","Sausage, Egg & Cheese Croissan'wich — Breakfast Sandwich",Burger King,False,,Menu,Breakfast,Croissan'wich,QSR Menu,Breakfast,Breakfast Sandwich,3.49
qsr,BKG,BKG,BKG-0044,"Bacon, Egg & Cheese Croissan'wich","Bacon, Egg & Cheese Croissan'wich — Breakfast Sandwich",Burger King,False,,Menu,Breakfast,Croissan'wich,QSR Menu,Breakfast,Breakfast Sandwich,3.49
qsr,BKG,BKG,BKG-0045,"Ham, Egg & Cheese Croissan'wich","Ham, Egg & Cheese Croissan'wich — Breakfast Sandwich",Burger King,False,,Menu,Breakfast,Croissan'wich,QSR Menu,Breakfast,Breakfast Sandwich,3.49
qsr,BKG,BKG,BKG-0046,Double Croissan'wich,Double Croissan'wich — Breakfast Sandwich,Burger King,False,,Menu,Breakfast,Croissan'wich,QSR Menu,Breakfast,Breakfast Sandwich,4.49
qsr,BKG,BKG,BKG-0047,Fully Loaded Croissan'wich,Fully Loaded Croissan'wich — Breakfast Sandwich,Burger King,False,,Menu,Breakfast,Croissan'wich,QSR Menu,Breakfast,Breakfast Sandwich,5.49
qsr,BKG,BKG,BKG-0048,"Sausage, Egg & Cheese Biscuit","Sausage, Egg & Cheese Biscuit — Breakfast Sandwich",Burger King,False,,Menu,Breakfast,Biscuit,QSR Menu,Breakfast,Breakfast Sandwich,3.29
qsr,BKG,BKG,BKG-0049,French Toast Sticks (3 pc),French Toast Sticks (3 pc) — French Toast Sticks,Burger King,False,,Menu,Breakfast,French Toast Sticks,QSR Menu,Breakfast,French Toast Sticks,1.99
qsr,BKG,BKG,BKG-0050,French Toast Sticks (5 pc),French Toast Sticks (5 pc) — French Toast Sticks,Burger King,False,,Menu,Breakfast,French Toast Sticks,QSR Menu,Breakfast,French Toast Sticks,2.99
qsr,BKG,BKG,BKG-0051,Hash Browns (Small),Hash Browns (Small) — Hash Brown,Burger King,False,,Menu,Breakfast,Hash Browns,QSR Menu,Breakfast,Hash Brown,1.99
qsr,BKG,BKG,BKG-0052,Hash Browns (Medium),Hash Browns (Medium) — Hash Brown,Burger King,False,,Menu,Breakfast,Hash Browns,QSR Menu,Breakfast,Hash Brown,2.49
qsr,BKG,BKG,BKG-0053,Breakfast Burrito Jr.,Breakfast Burrito Jr. — Breakfast Burrito/Wrap,Burger King,False,,Menu,Breakfast,Burritos,QSR Menu,Breakfast,Breakfast Burrito/Wrap,1.99
qsr,BKG,BKG,BKG-0054,Egg-normous Burrito,Egg-normous Burrito — Breakfast Burrito/Wrap,Burger King,False,,Menu,Breakfast,Burritos,QSR Menu,Breakfast,Breakfast Burrito/Wrap,4.49
qsr,BKG,BKG,BKG-0055,Soft Serve Cone,Soft Serve Cone — Soft Serve,Burger King,False,,Menu,Sweets,Soft Serve,QSR Menu,Desserts,Soft Serve,1.49
qsr,BKG,BKG,BKG-0056,Soft Serve Cup,Soft Serve Cup — Soft Serve,Burger King,False,,Menu,Sweets,Soft Serve,QSR Menu,Desserts,Soft Serve,1.49
qsr,BKG,BKG,BKG-0057,Hershey's Sundae Pie,Hershey's Sundae Pie — Pie,Burger King,False,,Menu,Sweets,Pies,QSR Menu,Desserts,Pie,2.49
qsr,BKG,BKG,BKG-0058,Dutch Apple Pie,Dutch Apple Pie — Pie,Burger King,False,,Menu,Sweets,Pies,QSR Menu,Desserts,Pie,1.49
qsr,BKG,BKG,BKG-0059,Chocolate Chip Cookies (2 pc),Chocolate Chip Cookies (2 pc) — Cookie,Burger King,False,,Menu,Sweets,Cookies,QSR Menu,Desserts,Cookie,1.49
qsr,BKG,BKG,BKG-0060,Vanilla Shake,Vanilla Shake — Shake,Burger King,False,,Menu,Sweets,Shakes,QSR Menu,Desserts,Shake,3.49
qsr,BKG,BKG,BKG-0061,Chocolate Shake,Chocolate Shake — Shake,Burger King,False,,Menu,Sweets,Shakes,QSR Menu,Desserts,Shake,3.49
qsr,BKG,BKG,BKG-0062,Strawberry Shake,Strawberry Shake — Shake,Burger King,False,,Menu,Sweets,Shakes,QSR Menu,Desserts,Shake,3.49
qsr,BKG,BKG,BKG-0063,Oreo Chocolate Shake,Oreo Chocolate Shake — Shake,Burger King,False,,Menu,Sweets,Shakes,QSR Menu,Desserts,Shake,3.99
qsr,BKG,BKG,BKG-0064,Whopper Meal,Whopper Meal — Combo Meal,Burger King,False,,Menu,Meals,Meals,QSR Menu,Combos,Combo Meal,9.49
qsr,BKG,BKG,BKG-0065,Whopper Jr. Meal,Whopper Jr. Meal — Combo Meal,Burger King,False,,Menu,Meals,Meals,QSR Menu,Combos,Combo Meal,5.99
qsr,BKG,BKG,BKG-0066,Double Whopper Meal,Double Whopper Meal — Combo Meal,Burger King,False,,Menu,Meals,Meals,QSR Menu,Combos,Combo Meal,10.99
qsr,BKG,BKG,BKG-0067,Bacon King Meal,Bacon King Meal — Combo Meal,Burger King,False,,Menu,Meals,Meals,QSR Menu,Combos,Combo Meal,11.49
qsr,BKG,BKG,BKG-0068,Impossible Whopper Meal,Impossible Whopper Meal — Combo Meal,Burger King,False,,Menu,Meals,Meals,QSR Menu,Combos,Combo Meal,9.99
qsr,BKG,BKG,BKG-0069,Original Chicken Sandwich Meal,Original Chicken Sandwich Meal — Combo Meal,Burger King,False,,Menu,Meals,Meals,QSR Menu,Combos,Combo Meal,8.49
qsr,BKG,BKG,BKG-0070,Royal Crispy Chicken Meal,Royal Crispy Chicken Meal — Combo Meal,Burger King,False,,Menu,Meals,Meals,QSR Menu,Combos,Combo Meal,8.99
qsr,BKG,BKG,BKG-0071,8 pc Nuggets Meal,8 pc Nuggets Meal — Combo Meal,Burger King,False,,Menu,Meals,Meals,QSR Menu,Combos,Combo Meal,6.49
qsr,BKG,BKG,BKG-0072,Chicken Fries Meal,Chicken Fries Meal — Combo Meal,Burger King,False,,Menu,Meals,Meals,QSR Menu,Combos,Combo Meal,6.99
qsr,BKG,BKG,BKG-0073,Big Fish Meal,Big Fish Meal — Combo Meal,Burger King,False,,Menu,Meals,Meals,QSR Menu,Combos,Combo Meal,8.49
qsr,BKG,BKG,BKG-0074,Croissan'wich Meal,Croissan'wich Meal — Combo Meal,Burger King,False,,Menu,Breakfast Meals,Meals,QSR Menu,Combos,Combo Meal,5.99
qsr,BKG,BKG,BKG-0075,2 for $6 Mix and Match,2 for $6 Mix and Match — Value Box,Burger King,False,,Menu,Deals,Deals,QSR Menu,Combos,Value Box,6.0
qsr,CFA,CFA,CFA-0001,Chick-fil-A Chicken Sandwich,Chick-fil-A Chicken Sandwich — Chicken Sandwich,Chick-fil-A,False,,Menu,Entrées,Sandwiches,QSR Menu,Entrée,Chicken Sandwich,5.29
qsr,CFA,CFA,CFA-0002,Chick-fil-A Deluxe Sandwich,Chick-fil-A Deluxe Sandwich — Chicken Sandwich,Chick-fil-A,False,,Menu,Entrées,Sandwiches,QSR Menu,Entrée,Chicken Sandwich,6.29
qsr,CFA,CFA,CFA-0003,Spicy Chicken Sandwich,Spicy Chicken Sandwich — Chicken Sandwich,Chick-fil-A,False,,Menu,Entrées,Sandwiches,QSR Menu,Entrée,Chicken Sandwich,5.79
qsr,CFA,CFA,CFA-0004,Spicy Deluxe Sandwich,Spicy Deluxe Sandwich — Chicken Sandwich,Chick-fil-A,False,,Menu,Entrées,Sandwiches,QSR Menu,Entrée,Chicken Sandwich,6.79
qsr,CFA,CFA,CFA-0005,Grilled Chicken Sandwich,Grilled Chicken Sandwich — Chicken Sandwich,Chick-fil-A,False,,Menu,Entrées,Sandwiches,QSR Menu,Entrée,Chicken Sandwich,6.29
qsr,CFA,CFA,CFA-0006,Grilled Chicken Club Sandwich,Grilled Chicken Club Sandwich — Chicken Sandwich,Chick-fil-A,False,,Menu,Entrées,Sandwiches,QSR Menu,Entrée,Chicken Sandwich,8.19
qsr,CFA,CFA,CFA-0007,Chick-fil-A Cool Wrap,Chick-fil-A Cool Wrap — Wrap/Handheld,Chick-fil-A,False,,Menu,Entrées,Wraps,QSR Menu,Entrée,Wrap/Handheld,7.19
qsr,CFA,CFA,CFA-0008,Cobb Salad,Cobb Salad — Salad,Chick-fil-A,False,,Menu,Salads,Salads,QSR Menu,Entrée,Salad,9.19
qsr,CFA,CFA,CFA-0009,Spicy Southwest Salad,Spicy Southwest Salad — Salad,Chick-fil-A,False,,Menu,Salads,Salads,QSR Menu,Entrée,Salad,9.19
qsr,CFA,CFA,CFA-0010,Market Salad,Market Salad — Salad,Chick-fil-A,False,,Menu,Salads,Salads,QSR Menu,Entrée,Salad,9.19
qsr,CFA,CFA,CFA-0011,Chick-fil-A Nuggets (8 ct),Chick-fil-A Nuggets (8 ct) — Chicken Nuggets,Chick-fil-A,False,,Menu,Entrées,Nuggets,QSR Menu,Chicken,Chicken Nuggets,4.35
qsr,CFA,CFA,CFA-0012,Chick-fil-A Nuggets (12 ct),Chick-fil-A Nuggets (12 ct) — Chicken Nuggets,Chick-fil-A,False,,Menu,Entrées,Nuggets,QSR Menu,Chicken,Chicken Nuggets,6.19
qsr,CFA,CFA,CFA-0013,Chick-fil-A Nuggets (30 ct),Chick-fil-A Nuggets (30 ct) — Chicken Nuggets,Chick-fil-A,False,,Menu,Entrées,Nuggets,QSR Menu,Chicken,Chicken Nuggets,14.89
qsr,CFA,CFA,CFA-0014,Grilled Nuggets (8 ct),Grilled Nuggets (8 ct) — Chicken Nuggets,Chick-fil-A,False,,Menu,Entrées,Nuggets,QSR Menu,Chicken,Chicken Nuggets,4.85
qsr,CFA,CFA,CFA-0015,Grilled Nuggets (12 ct),Grilled Nuggets (12 ct) — Chicken Nuggets,Chick-fil-A,False,,Menu,Entrées,Nuggets,QSR Menu,Chicken,Chicken Nuggets,6.85
qsr,CFA,CFA,CFA-0016,Chick-n-Strips (4 ct),Chick-n-Strips (4 ct) — Chicken Strips,Chick-fil-A,False,,Menu,Entrées,Strips,QSR Menu,Chicken,Chicken Strips,5.65
qsr,CFA,CFA,CFA-0017,Waffle Potato Fries (Medium),Waffle Potato Fries (Medium) — Fries,Chick-fil-A,False,,Menu,Sides,Fries,QSR Menu,Sides,Fries,2.85
qsr,CFA,CFA,CFA-0018,Waffle Potato Fries (Large),Waffle Potato Fries (Large) — Fries,Chick-fil-A,False,,Menu,Sides,Fries,QSR Menu,Sides,Fries,3.55
qsr,CFA,CFA,CFA-0019,Mac & Cheese (Medium),Mac & Cheese (Medium) — Mac & Cheese,Chick-fil-A,False,,Menu,Sides,Sides,QSR Menu,Sides,Mac & Cheese,3.85
qsr,CFA,CFA,CFA-0020,Fruit Cup (Medium),Fruit Cup (Medium) — Fruit,Chick-fil-A,False,,Menu,Sides,Sides,QSR Menu,Sides,Fruit,3.85
qsr,CFA,CFA,CFA-0021,Side Salad,Side Salad — Side Salad,Chick-fil-A,False,,Menu,Sides,Sides,QSR Menu,Sides,Side Salad,4.59
qsr,CFA,CFA,CFA-0022,Kale Crunch Side,Kale Crunch Side — Side Salad,Chick-fil-A,False,,Menu,Sides,Sides,QSR Menu,Sides,Side Salad,2.99
qsr,CFA,CFA,CFA-0023,Waffle Potato Chips,Waffle Potato Chips — Chips,Chick-fil-A,False,,Menu,Sides,Sides,QSR Menu,Sides,Chips,2.29
qsr,CFA,CFA,CFA-0024,Chick-fil-A Sauce,Chick-fil-A Sauce — Sauce,Chick-fil-A,False,,Menu,Sauces,Sauces,QSR Menu,Sides,Sauce,0.35
qsr,CFA,CFA,CFA-0025,Polynesian Sauce,Polynesian Sauce — Sauce,Chick-fil-A,False,,Menu,Sauces,Sauces,QSR Menu,Sides,Sauce,0.35
qsr,CFA,CFA,CFA-0026,Barbeque Sauce,Barbeque Sauce — Sauce,Chick-fil-A,False,,Menu,Sauces,Sauces,QSR Menu,Sides,Sauce,0.35
qsr,CFA,CFA,CFA-0027,Garden Herb Ranch Sauce,Garden Herb Ranch Sauce — Sauce,Chick-fil-A,False,,Menu,Sauces,Sauces,QSR Menu,Sides,Sauce,0.35
qsr,CFA,CFA,CFA-0028,Honey Mustard Sauce,Honey Mustard Sauce — Sauce,Chick-fil-A,False,,Menu,Sauces,Sauces,QSR Menu,Sides,Sauce,0.35
qsr,CFA,CFA,CFA-0029,Chick-fil-A Lemonade (Medium),Chick-fil-A Lemonade (Medium) — Lemonade,Chick-fil-A,False,,Menu,Drinks,Lemonade,QSR Menu,Beverages,Lemonade,2.85
qsr,CFA,CFA,CFA-0030,Diet Lemonade (Medium),Diet Lemonade (Medium) — Lemonade,Chick-fil-A,False,,Menu,Drinks,Lemonade,QSR Menu,Beverages,Lemonade,2.85
qsr,CFA,CFA,CFA-0031,Sunjoy (Medium),Sunjoy (Medium) — Lemonade,Chick-fil-A,False,,Menu,Drinks,Lemonade,QSR Menu,Beverages,Lemonade,2.85
qsr,CFA,CFA,CFA-0032,Freshly-Brewed Iced Tea Sweetened (Medium),Freshly-Brewed Iced Tea Sweetened (Medium) — Iced Tea,Chick-fil-A,False,,Menu,Drinks,Tea,QSR Menu,Beverages,Iced Tea,2.29
qsr,CFA,CFA,CFA-0033,Freshly-Brewed Iced Tea Unsweetened (Medium),Freshly-Brewed Iced Tea Unsweetened (Medium) — Iced Tea,Chick-fil-A,False,,Menu,Drinks,Tea,QSR Menu,Beverages,Iced Tea,2.29
qsr,CFA,CFA,CFA-0034,Fountain Drink (Medium),Fountain Drink (Medium) — Fountain Soft Drink,Chick-fil-A,False,,Menu,Drinks,Soft Drinks,QSR Menu,Beverages,Fountain Soft Drink,2.29
qsr,CFA,CFA,CFA-0035,Fountain Drink (Large),Fountain Drink (Large) — Fountain Soft Drink,Chick-fil-A,False,,Menu,Drinks,Soft Drinks,QSR Menu,Beverages,Fountain Soft Drink,2.65
qsr,CFA,CFA,CFA-0036,Coffee,Coffee — Coffee,Chick-fil-A,False,,Menu,Drinks,Coffee,QSR Menu,Beverages,Coffee,1.85
qsr,CFA,CFA,CFA-0037,Bottled Water,Bottled Water — Bottled,Chick-fil-A,False,,Menu,Drinks,Bottled,QSR Menu,Beverages,Bottled,1.99
qsr,CFA,CFA,CFA-0038,1% Milk,1% Milk — Milk,Chick-fil-A,False,,Menu,Drinks,Milk,QSR Menu,Beverages,Milk,1.39
qsr,CFA,CFA,CFA-0039,Chocolate Milk,Chocolate Milk — Milk,Chick-fil-A,False,,Menu,Drinks,Milk,QSR Menu,Beverages,Milk,1.39
qsr,CFA,CFA,CFA-0040,Frosted Lemonade,Frosted Lemonade — Frozen Treat,Chick-fil-A,False,,Menu,Treats,Frosted,QSR Menu,Beverages,Frozen Treat,4.65
qsr,CFA,CFA,CFA-0041,Frosted Coffee,Frosted Coffee — Frozen Treat,Chick-fil-A,False,,Menu,Treats,Frosted,QSR Menu,Beverages,Frozen Treat,4.65
qsr,CFA,CFA,CFA-0042,Chick-fil-A Chicken Biscuit,Chick-fil-A Chicken Biscuit — Breakfast Sandwich,Chick-fil-A,False,,Menu,Breakfast,Biscuits,QSR Menu,Breakfast,Breakfast Sandwich,3.65
qsr,CFA,CFA,CFA-0043,Spicy Chicken Biscuit,Spicy Chicken Biscuit — Breakfast Sandwich,Chick-fil-A,False,,Menu,Breakfast,Biscuits,QSR Menu,Breakfast,Breakfast Sandwich,3.95
qsr,CFA,CFA,CFA-0044,"Bacon, Egg & Cheese Biscuit","Bacon, Egg & Cheese Biscuit — Breakfast Sandwich",Chick-fil-A,False,,Menu,Breakfast,Biscuits,QSR Menu,Breakfast,Breakfast Sandwich,3.65
qsr,CFA,CFA,CFA-0045,Egg White Grill,Egg White Grill — Breakfast Sandwich,Chick-fil-A,False,,Menu,Breakfast,Sandwiches,QSR Menu,Breakfast,Breakfast Sandwich,4.55
qsr,CFA,CFA,CFA-0046,Chick-n-Minis (4 ct),Chick-n-Minis (4 ct) — Breakfast Sandwich,Chick-fil-A,False,,Menu,Breakfast,Minis,QSR Menu,Breakfast,Breakfast Sandwich,4.65
qsr,CFA,CFA,CFA-0047,Hash Brown Scramble Burrito,Hash Brown Scramble Burrito — Breakfast Burrito/Wrap,Chick-fil-A,False,,Menu,Breakfast,Burritos,QSR Menu,Breakfast,Breakfast Burrito/Wrap,4.85
qsr,CFA,CFA,CFA-0048,Hash Brown Scramble Bowl,Hash Brown Scramble Bowl — Breakfast Bowl,Chick-fil-A,False,,Menu,Breakfast,Bowls,QSR Menu,Breakfast,Breakfast Bowl,4.85
qsr,CFA,CFA,CFA-0049,Hash Browns,Hash Browns — Hash Brown,Chick-fil-A,False,,Menu,Breakfast,Sides,QSR Menu,Breakfast,Hash Brown,1.35
qsr,CFA,CFA,CFA-0050,Icedream Cone,Icedream Cone — Soft Serve,Chick-fil-A,False,,Menu,Treats,Icedream,QSR Menu,Desserts,Soft Serve,1.55
qsr,CFA,CFA,CFA-0051,Icedream Cup,Icedream Cup — Soft Serve,Chick-fil-A,False,,Menu,Treats,Icedream,QSR Menu,Desserts,Soft Serve,1.55
qsr,CFA,CFA,CFA-0052,Chocolate Chunk Cookie,Chocolate Chunk Cookie — Cookie,Chick-fil-A,False,,Menu,Treats,Cookies,QSR Menu,Desserts,Cookie,1.79
qsr,CFA,CFA,CFA-0053,Chocolate Fudge Brownie,Chocolate Fudge Brownie — Brownie,Chick-fil-A,False,,Menu,Treats,Brownies,QSR Menu,Desserts,Brownie,2.09
qsr,CFA,CFA,CFA-0054,Cookies & Cream Milkshake,Cookies & Cream Milkshake — Shake,Chick-fil-A,False,,Menu,Treats,Milkshakes,QSR Menu,Desserts,Shake,4.85
qsr,CFA,CFA,CFA-0055,Chocolate Milkshake,Chocolate Milkshake — Shake,Chick-fil-A,False,,Menu,Treats,Milkshakes,QSR Menu,Desserts,Shake,4.85
qsr,CFA,CFA,CFA-0056,Vanilla Milkshake,Vanilla Milkshake — Shake,Chick-fil-A,False,,Menu,Treats,Milkshakes,QSR Menu,Desserts,Shake,4.85
qsr,CFA,CFA,CFA-0057,Strawberry Milkshake,Strawberry Milkshake — Shake,Chick-fil-A,False,,Menu,Treats,Milkshakes,QSR Menu,Desserts,Shake,4.85
qsr,CFA,CFA,CFA-0058,Chick-fil-A Chicken Sandwich Meal,Chick-fil-A Chicken Sandwich Meal — Combo Meal,Chick-fil-A,False,,Menu,Meals,Meals,QSR Menu,Combos,Combo Meal,9.29
qsr,CFA,CFA,CFA-0059,Spicy Chicken Sandwich Meal,Spicy Chicken Sandwich Meal — Combo Meal,Chick-fil-A,False,,Menu,Meals,Meals,QSR Menu,Combos,Combo Meal,9.79
qsr,CFA,CFA,CFA-0060,Chick-fil-A Nuggets Meal (8 ct),Chick-fil-A Nuggets Meal (8 ct) — Combo Meal,Chick-fil-A,False,,Menu,Meals,Meals,QSR Menu,Combos,Combo Meal,8.35
qsr,CFA,CFA,CFA-0061,Chick-n-Strips Meal,Chick-n-Strips Meal — Combo Meal,Chick-fil-A,False,,Menu,Meals,Meals,QSR Menu,Combos,Combo Meal,9.65
qsr,CFA,CFA,CFA-0062,Chick-fil-A Deluxe Meal,Chick-fil-A Deluxe Meal — Combo Meal,Chick-fil-A,False,,Menu,Meals,Meals,QSR Menu,Combos,Combo Meal,10.29
qsr,TBL,TBL,TBL-0001,Crunchy Taco,Crunchy Taco — Taco,Taco Bell,False,,Menu,Tacos,Tacos,QSR Menu,Entrée,Taco,1.99
qsr,TBL,TBL,TBL-0002,Crunchy Taco Supreme,Crunchy Taco Supreme — Taco,Taco Bell,False,,Menu,Tacos,Tacos,QSR Menu,Entrée,Taco,2.69
qsr,TBL,TBL,TBL-0003,Soft Taco,Soft Taco — Taco,Taco Bell,False,,Menu,Tacos,Tacos,QSR Menu,Entrée,Taco,1.99
qsr,TBL,TBL,TBL-0004,Soft Taco Supreme,Soft Taco Supreme — Taco,Taco Bell,False,,Menu,Tacos,Tacos,QSR Menu,Entrée,Taco,2.69
qsr,TBL,TBL,TBL-0005,Nacho Cheese Doritos Locos Tacos,Nacho Cheese Doritos Locos Tacos — Taco,Taco Bell,False,,Menu,Tacos,Doritos Locos Tacos,QSR Menu,Entrée,Taco,2.49
qsr,TBL,TBL,TBL-0006,Nacho Cheese Doritos Locos Tacos Supreme,Nacho Cheese Doritos Locos Tacos Supreme — Taco,Taco Bell,False,,Menu,Tacos,Doritos Locos Tacos,QSR Menu,Entrée,Taco,3.19
qsr,TBL,TBL,TBL-0007,Cool Ranch Doritos Locos Tacos,Cool Ranch Doritos Locos Tacos — Taco,Taco Bell,False,,Menu,Tacos,Doritos Locos Tacos,QSR Menu,Entrée,Taco,2.49
qsr,TBL,TBL,TBL-0008,Fiery Doritos Locos Tacos,Fiery Doritos Locos Tacos — Taco,Taco Bell,False,,Menu,Tacos,Doritos Locos Tacos,QSR Menu,Entrée,Taco,2.49
qsr,TBL,TBL,TBL-0009,Spicy Potato Soft Taco,Spicy Potato Soft Taco — Taco,Taco Bell,False,,Menu,Tacos,Value,QSR Menu,Entrée,Taco,1.49
qsr,TBL,TBL,TBL-0010,Cheesy Gordita Crunch,Cheesy Gordita Crunch — Taco,Taco Bell,False,,Menu,Specialties,Gorditas,QSR Menu,Entrée,Taco,4.19
qsr,TBL,TBL,TBL-0011,Double Stacked Taco,Double Stacked Taco — Taco,Taco Bell,False,,Menu,Tacos,Value,QSR Menu,Entrée,Taco,2.19
qsr,TBL,TBL,TBL-0012,Cantina Chicken Crispy Taco,Cantina Chicken Crispy Taco — Taco,Taco Bell,False,,Menu,Cantina Chicken,Tacos,QSR Menu,Entrée,Taco,3.49
qsr,TBL,TBL,TBL-0013,Cantina Chicken Soft Taco,Cantina Chicken Soft Taco — Taco,Taco Bell,False,,Menu,Cantina Chicken,Tacos,QSR Menu,Entrée,Taco,3.49
qsr,TBL,TBL,TBL-0014,Bean Burrito,Bean Burrito — Burrito,Taco Bell,False,,Menu,Burritos,Burritos,QSR Menu,Entrée,Burrito,2.29
qsr,TBL,TBL,TBL-0015,Beefy 5-Layer Burrito,Beefy 5-Layer Burrito — Burrito,Taco Bell,False,,Menu,Burritos,Burritos,QSR Menu,Entrée,Burrito,3.49
qsr,TBL,TBL,TBL-0016,Grilled Cheese Burrito,Grilled Cheese Burrito — Burrito,Taco Bell,False,,Menu,Specialties,Burritos,QSR Menu,Entrée,Burrito,5.49
qsr,TBL,TBL,TBL-0017,Burrito Supreme,Burrito Supreme — Burrito,Taco Bell,False,,Menu,Burritos,Burritos,QSR Menu,Entrée,Burrito,4.19
qsr,TBL,TBL,TBL-0018,Cheesy Bean and Rice Burrito,Cheesy Bean and Rice Burrito — Burrito,Taco Bell,False,,Menu,Burritos,Value,QSR Menu,Entrée,Burrito,1.49
qsr,TBL,TBL,TBL-0019,Chicken Enchilada Burrito,Chicken Enchilada Burrito — Burrito,Taco Bell,False,,Menu,Burritos,Burritos,QSR Menu,Entrée,Burrito,3.99
qsr,TBL,TBL,TBL-0020,Quesarito,Quesarito — Burrito,Taco Bell,False,,Menu,Specialties,Burritos,QSR Menu,Entrée,Burrito,4.79
qsr,TBL,TBL,TBL-0021,Beefy Melt Burrito,Beefy Melt Burrito — Burrito,Taco Bell,False,,Menu,Cravings Value Menu,Value,QSR Menu,Entrée,Burrito,3.29
qsr,TBL,TBL,TBL-0022,Cheesy Roll Up,Cheesy Roll Up — Burrito,Taco Bell,False,,Menu,Cravings Value Menu,Value,QSR Menu,Entrée,Burrito,1.29
qsr,TBL,TBL,TBL-0023,Chipotle Ranch Grilled Chicken Burrito,Chipotle Ranch Grilled Chicken Burrito — Burrito,Taco Bell,False,,Menu,Burritos,Burritos,QSR Menu,Entrée,Burrito,3.49
qsr,TBL,TBL,TBL-0024,Cantina Chicken Burrito,Cantina Chicken Burrito — Burrito,Taco Bell,False,,Menu,Cantina Chicken,Burritos,QSR Menu,Entrée,Burrito,4.99
qsr,TBL,TBL,TBL-0025,Cantina Chicken Bowl,Cantina Chicken Bowl — Bowl,Taco Bell,False,,Menu,Cantina Chicken,Bowls,QSR Menu,Entrée,Bowl,5.49
qsr,TBL,TBL,TBL-0026,Crunchwrap Supreme,Crunchwrap Supreme — Wrap/Handheld,Taco Bell,False,,Menu,Specialties,Specialties,QSR Menu,Entrée,Wrap/Handheld,4.99
qsr,TBL,TBL,TBL-0027,Mexican Pizza,Mexican Pizza — Specialty,Taco Bell,False,,Menu,Specialties,Specialties,QSR Menu,Entrée,Specialty,4.99
qsr,TBL,TBL,TBL-0028,Chalupa Supreme,Chalupa Supreme — Chalupa,Taco Bell,False,,Menu,Specialties,Chalupas,QSR Menu,Entrée,Chalupa,4.49
qsr,TBL,TBL,TBL-0029,Toasted Cheddar Chalupa,Toasted Cheddar Chalupa — Chalupa,Taco Bell,False,,Menu,Specialties,Chalupas,QSR Menu,Entrée,Chalupa,4.79
qsr,TBL,TBL,TBL-0030,Chicken Chipotle Melt,Chicken Chipotle Melt — Wrap/Handheld,Taco Bell,False,,Menu,Cravings Value Menu,Value,QSR Menu,Entrée,Wrap/Handheld,2.99
qsr,TBL,TBL,TBL-0031,Chicken Quesadilla,Chicken Quesadilla — Quesadilla,Taco Bell,False,,Menu,Quesadillas,Quesadillas,QSR Menu,Entrée,Quesadilla,4.99
qsr,TBL,TBL,TBL-0032,Steak Quesadilla,Steak Quesadilla — Quesadilla,Taco Bell,False,,Menu,Quesadillas,Quesadillas,QSR Menu,Entrée,Quesadilla,5.49
qsr,TBL,TBL,TBL-0033,Cheese Quesadilla,Cheese Quesadilla — Quesadilla,Taco Bell,False,,Menu,Quesadillas,Quesadillas,QSR Menu,Entrée,Quesadilla,3.79
qsr,TBL,TBL,TBL-0034,Crispy Chicken Nuggets (5 pc),Crispy Chicken Nuggets (5 pc) — Chicken Nuggets,Taco Bell,False,,Menu,Chicken,Nuggets,QSR Menu,Chicken,Chicken Nuggets,3.99
qsr,TBL,TBL,TBL-0035,Crispy Chicken Nuggets (10 pc),Crispy Chicken Nuggets (10 pc) — Chicken Nuggets,Taco Bell,False,,Menu,Chicken,Nuggets,QSR Menu,Chicken,Chicken Nuggets,6.99
qsr,TBL,TBL,TBL-0036,Nachos BellGrande,Nachos BellGrande — Nachos,Taco Bell,False,,Menu,Nachos,Nachos,QSR Menu,Sides,Nachos,4.99
qsr,TBL,TBL,TBL-0037,Chips and Nacho Cheese Sauce,Chips and Nacho Cheese Sauce — Nachos,Taco Bell,False,,Menu,Nachos,Nachos,QSR Menu,Sides,Nachos,1.99
qsr,TBL,TBL,TBL-0038,Triple Layer Nachos,Triple Layer Nachos — Nachos,Taco Bell,False,,Menu,Cravings Value Menu,Value,QSR Menu,Sides,Nachos,2.49
qsr,TBL,TBL,TBL-0039,Nacho Fries,Nacho Fries — Fries,Taco Bell,False,,Menu,Nachos,Fries,QSR Menu,Sides,Fries,1.99
qsr,TBL,TBL,TBL-0040,Nacho Fries BellGrande,Nacho Fries BellGrande — Fries,Taco Bell,False,,Menu,Nachos,Fries,QSR Menu,Sides,Fries,4.49
qsr,TBL,TBL,TBL-0041,Cheesy Fiesta Potatoes,Cheesy Fiesta Potatoes — Potatoes,Taco Bell,False,,Menu,Sides,Sides,QSR Menu,Sides,Potatoes,1.99
qsr,TBL,TBL,TBL-0042,Fountain Drink (Medium),Fountain Drink (Medium) — Fountain Soft Drink,Taco Bell,False,,Menu,Drinks,Fountain Drinks,QSR Menu,Beverages,Fountain Soft Drink,2.49
qsr,TBL,TBL,TBL-0043,Fountain Drink (Large),Fountain Drink (Large) — Fountain Soft Drink,Taco Bell,False,,Menu,Drinks,Fountain Drinks,QSR Menu,Beverages,Fountain Soft Drink,2.79
qsr,TBL,TBL,TBL-0044,Mtn Dew Baja Blast (Medium),Mtn Dew Baja Blast (Medium) — Fountain Soft Drink,Taco Bell,False,,Menu,Drinks,Fountain Drinks,QSR Menu,Beverages,Fountain Soft Drink,2.59
qsr,TBL,TBL,TBL-0045,Mtn Dew Baja Blast Freeze (Medium),Mtn Dew Baja Blast Freeze (Medium) — Freeze,Taco Bell,False,,Menu,Drinks,Freezes,QSR Menu,Beverages,Freeze,2.99
qsr,TBL,TBL,TBL-0046,Wild Cherry Freeze (Medium),Wild Cherry Freeze (Medium) — Freeze,Taco Bell,False,,Menu,Drinks,Freezes,QSR Menu,Beverages,Freeze,2.99
qsr,TBL,TBL,TBL-0047,Blue Raspberry Freeze (Medium),Blue Raspberry Freeze (Medium) — Freeze,Taco Bell,False,,Menu,Drinks,Freezes,QSR Menu,Beverages,Freeze,2.99
qsr,TBL,TBL,TBL-0048,Premium Hot Coffee,Premium Hot Coffee — Coffee,Taco Bell,False,,Menu,Drinks,Coffee,QSR Menu,Beverages,Coffee,1.79
qsr,TBL,TBL,TBL-0049,Iced Coffee,Iced Coffee — Coffee,Taco Bell,False,,Menu,Drinks,Coffee,QSR Menu,Beverages,Coffee,2.29
qsr,TBL,TBL,TBL-0050,Pineapple Whip Freeze (Medium),Pineapple Whip Freeze (Medium) — Freeze,Taco Bell,False,,Menu,Drinks,Freezes,QSR Menu,Beverages,Freeze,2.99
qsr,TBL,TBL,TBL-0051,Bottled Water,Bottled Water — Bottled,Taco Bell,False,,Menu,Drinks,Bottled,QSR Menu,Beverages,Bottled,1.99
qsr,TBL,TBL,TBL-0052,Breakfast Crunchwrap,Breakfast Crunchwrap — Breakfast Burrito/Wrap,Taco Bell,False,,Menu,Breakfast,Breakfast,QSR Menu,Breakfast,Breakfast Burrito/Wrap,3.99
qsr,TBL,TBL,TBL-0053,Grande Toasted Breakfast Burrito (Sausage),Grande Toasted Breakfast Burrito (Sausage) — Breakfast Burrito/Wrap,Taco Bell,False,,Menu,Breakfast,Breakfast,QSR Menu,Breakfast,Breakfast Burrito/Wrap,3.49
qsr,TBL,TBL,TBL-0054,Grande Toasted Breakfast Burrito (Steak),Grande Toasted Breakfast Burrito (Steak) — Breakfast Burrito/Wrap,Taco Bell,False,,Menu,Breakfast,Breakfast,QSR Menu,Breakfast,Breakfast Burrito/Wrap,3.99
qsr,TBL,TBL,TBL-0055,Cheesy Toasted Breakfast Burrito,Cheesy Toasted Breakfast Burrito — Breakfast Burrito/Wrap,Taco Bell,False,,Menu,Breakfast,Breakfast,QSR Menu,Breakfast,Breakfast Burrito/Wrap,1.49
qsr,TBL,TBL,TBL-0056,Breakfast Soft Taco,Breakfast Soft Taco — Breakfast Taco,Taco Bell,False,,Menu,Breakfast,Breakfast,QSR Menu,Breakfast,Breakfast Taco,1.79
qsr,TBL,TBL,TBL-0057,Hash Brown,Hash Brown — Hash Brown,Taco Bell,False,,Menu,Breakfast,Breakfast,QSR Menu,Breakfast,Hash Brown,1.49
qsr,TBL,TBL,TBL-0058,Cinnamon Twists,Cinnamon Twists — Pastry,Taco Bell,False,,Menu,Sweets,Sweets,QSR Menu,Desserts,Pastry,1.49
qsr,TBL,TBL,TBL-0059,Cinnabon Delights (2 Pack),Cinnabon Delights (2 Pack) — Pastry,Taco Bell,False,,Menu,Sweets,Sweets,QSR Menu,Desserts,Pastry,1.49
qsr,TBL,TBL,TBL-0060,Cinnabon Delights (12 Pack),Cinnabon Delights (12 Pack) — Pastry,Taco Bell,False,,Menu,Sweets,Sweets,QSR Menu,Desserts,Pastry,6.99
qsr,TBL,TBL,TBL-0061,Crunchwrap Supreme Combo,Crunchwrap Supreme Combo — Combo Meal,Taco Bell,False,,Menu,Combos,Combos,QSR Menu,Combos,Combo Meal,8.99
qsr,TBL,TBL,TBL-0062,Chalupa Supreme Combo,Chalupa Supreme Combo — Combo Meal,Taco Bell,False,,Menu,Combos,Combos,QSR Menu,Combos,Combo Meal,7.99
qsr,TBL,TBL,TBL-0063,Nachos BellGrande Combo,Nachos BellGrande Combo — Combo Meal,Taco Bell,False,,Menu,Combos,Combos,QSR Menu,Combos,Combo Meal,7.99
qsr,TBL,TBL,TBL-0064,Mexican Pizza Combo,Mexican Pizza Combo — Combo Meal,Taco Bell,False,,Menu,Combos,Combos,QSR Menu,Combos,Combo Meal,8.49
qsr,TBL,TBL,TBL-0065,Grilled Cheese Burrito Combo,Grilled Cheese Burrito Combo — Combo Meal,Taco Bell,False,,Menu,Combos,Combos,QSR Menu,Combos,Combo Meal,8.49
qsr,TBL,TBL,TBL-0066,Cheesy Gordita Crunch Combo,Cheesy Gordita Crunch Combo — Combo Meal,Taco Bell,False,,Menu,Combos,Combos,QSR Menu,Combos,Combo Meal,7.49
qsr,TBL,TBL,TBL-0067,Chicken Quesadilla Combo,Chicken Quesadilla Combo — Combo Meal,Taco Bell,False,,Menu,Combos,Combos,QSR Menu,Combos,Combo Meal,8.29
qsr,TBL,TBL,TBL-0068,3 Doritos Locos Tacos Combo,3 Doritos Locos Tacos Combo — Combo Meal,Taco Bell,False,,Menu,Combos,Combos,QSR Menu,Combos,Combo Meal,8.29
qsr,TBL,TBL,TBL-0069,Cravings Box,Cravings Box — Value Box,Taco Bell,False,,Menu,Cravings Boxes,Boxes,QSR Menu,Combos,Value Box,5.99
qsr,TBL,TBL,TBL-0070,Deluxe Cravings Box,Deluxe Cravings Box — Value Box,Taco Bell,False,,Menu,Cravings Boxes,Boxes,QSR Menu,Combos,Value Box,7.99
qsr,TBL,TBL,TBL-0071,Build Your Own Cravings Box,Build Your Own Cravings Box — Value Box,Taco Bell,False,,Menu,Cravings Boxes,Boxes,QSR Menu,Combos,Value Box,5.99
qsr,TBL,TBL,TBL-0072,Nacho Fries Box,Nacho Fries Box — Value Box,Taco Bell,False,,Menu,Cravings Boxes,Boxes,QSR Menu,Combos,Value Box,5.99
qsr,TBL,TBL,TBL-0073,Toasted Breakfast Burrito Combo,Toasted Breakfast Burrito Combo — Combo Meal,Taco Bell,False,,Menu,Breakfast Combos,Combos,QSR Menu,Combos,Combo Meal,6.49
